{
  "generated": "2026-07-04T07:26:41.753926Z",
  "sims": 1000000,
  "games": [
    {
      "stageCode": "LAST_16",
      "home": "Argentina",
      "away": "Egypt",
      "knockout": true,
      "odds": {
        "homeReg": 0.68051,
        "homeET": 0.14577,
        "homePen": 0.04962,
        "awayReg": 0.06704,
        "awayET": 0.00991,
        "awayPen": 0.04715
      },
      "base": {
        "homeReg": 0.66927,
        "homeET": 0.1466,
        "homePen": 0.05228,
        "awayReg": 0.07179,
        "awayET": 0.01059,
        "awayPen": 0.04947
      },
      "delta": {
        "homeReg": 0.01124,
        "homeET": -0.00083,
        "homePen": -0.00266,
        "awayReg": -0.00475,
        "awayET": -0.00068,
        "awayPen": -0.00232
      }
    },
    {
      "stageCode": "LAST_16",
      "home": "Brazil",
      "away": "Norway",
      "knockout": true,
      "odds": {
        "homeReg": 0.47009,
        "homeET": 0.13383,
        "homePen": 0.09226,
        "awayReg": 0.19115,
        "awayET": 0.02563,
        "awayPen": 0.08704
      },
      "base": {
        "homeReg": 0.46248,
        "homeET": 0.13144,
        "homePen": 0.09344,
        "awayReg": 0.19623,
        "awayET": 0.02805,
        "awayPen": 0.08837
      },
      "delta": {
        "homeReg": 0.00761,
        "homeET": 0.00239,
        "homePen": -0.00118,
        "awayReg": -0.00508,
        "awayET": -0.00242,
        "awayPen": -0.00133
      }
    },
    {
      "stageCode": "LAST_16",
      "home": "Canada",
      "away": "Morocco",
      "knockout": true,
      "odds": {
        "homeReg": 0.16082,
        "homeET": 0.02249,
        "homePen": 0.07884,
        "awayReg": 0.50287,
        "awayET": 0.14403,
        "awayPen": 0.09095
      },
      "base": {
        "homeReg": 0.16991,
        "homeET": 0.02364,
        "homePen": 0.0817,
        "awayReg": 0.48949,
        "awayET": 0.14165,
        "awayPen": 0.09362
      },
      "delta": {
        "homeReg": -0.00909,
        "homeET": -0.00115,
        "homePen": -0.00286,
        "awayReg": 0.01338,
        "awayET": 0.00238,
        "awayPen": -0.00267
      }
    },
    {
      "stageCode": "LAST_16",
      "home": "Mexico",
      "away": "England",
      "knockout": true,
      "odds": {
        "homeReg": 0.28408,
        "homeET": 0.06629,
        "homePen": 0.11249,
        "awayReg": 0.34669,
        "awayET": 0.08682,
        "awayPen": 0.10364
      },
      "base": {
        "homeReg": 0.28338,
        "homeET": 0.06605,
        "homePen": 0.11253,
        "awayReg": 0.34714,
        "awayET": 0.08718,
        "awayPen": 0.10371
      },
      "delta": {
        "homeReg": 0.0007,
        "homeET": 0.00024,
        "homePen": -4e-05,
        "awayReg": -0.00045,
        "awayET": -0.00036,
        "awayPen": -7e-05
      }
    },
    {
      "stageCode": "LAST_16",
      "home": "Paraguay",
      "away": "France",
      "knockout": true,
      "odds": {
        "homeReg": 0.02814,
        "homeET": 0.00534,
        "homePen": 0.02635,
        "awayReg": 0.78538,
        "awayET": 0.12334,
        "awayPen": 0.03145
      },
      "base": {
        "homeReg": 0.03097,
        "homeET": 0.0059,
        "homePen": 0.02765,
        "awayReg": 0.77512,
        "awayET": 0.12665,
        "awayPen": 0.0337
      },
      "delta": {
        "homeReg": -0.00283,
        "homeET": -0.00056,
        "homePen": -0.0013,
        "awayReg": 0.01026,
        "awayET": -0.00331,
        "awayPen": -0.00225
      }
    },
    {
      "stageCode": "LAST_16",
      "home": "Portugal",
      "away": "Spain",
      "knockout": true,
      "odds": {
        "homeReg": 0.25432,
        "homeET": 0.0513,
        "homePen": 0.10502,
        "awayReg": 0.37498,
        "awayET": 0.10319,
        "awayPen": 0.1112
      },
      "base": {
        "homeReg": 0.25107,
        "homeET": 0.04999,
        "homePen": 0.10489,
        "awayReg": 0.37773,
        "awayET": 0.10536,
        "awayPen": 0.11097
      },
      "delta": {
        "homeReg": 0.00325,
        "homeET": 0.00131,
        "homePen": 0.00013,
        "awayReg": -0.00275,
        "awayET": -0.00217,
        "awayPen": 0.00023
      }
    },
    {
      "stageCode": "LAST_16",
      "home": "Switzerland",
      "away": "Colombia",
      "knockout": true,
      "odds": {
        "homeReg": 0.24616,
        "homeET": 0.04278,
        "homePen": 0.1077,
        "awayReg": 0.38274,
        "awayET": 0.11422,
        "awayPen": 0.1064
      },
      "base": {
        "homeReg": 0.23629,
        "homeET": 0.03837,
        "homePen": 0.10471,
        "awayReg": 0.39601,
        "awayET": 0.11958,
        "awayPen": 0.10504
      },
      "delta": {
        "homeReg": 0.00987,
        "homeET": 0.00441,
        "homePen": 0.00299,
        "awayReg": -0.01327,
        "awayET": -0.00536,
        "awayPen": 0.00136
      }
    },
    {
      "stageCode": "LAST_16",
      "home": "United States",
      "away": "Belgium",
      "knockout": true,
      "odds": {
        "homeReg": 0.35901,
        "homeET": 0.10282,
        "homePen": 0.10535,
        "awayReg": 0.27813,
        "awayET": 0.05248,
        "awayPen": 0.10222
      },
      "base": {
        "homeReg": 0.36335,
        "homeET": 0.10557,
        "homePen": 0.10518,
        "awayReg": 0.27305,
        "awayET": 0.05079,
        "awayPen": 0.10206
      },
      "delta": {
        "homeReg": -0.00434,
        "homeET": -0.00275,
        "homePen": 0.00017,
        "awayReg": 0.00508,
        "awayET": 0.00169,
        "awayPen": 0.00016
      }
    }
  ]
}