{
  "generated": "2026-07-10T23:32:44.435488Z",
  "sims": 1000000,
  "games": [
    {
      "stageCode": "QUARTER_FINALS",
      "home": "Argentina",
      "away": "Switzerland",
      "knockout": true,
      "odds": {
        "homeReg": 0.56838,
        "homeET": 0.14771,
        "homePen": 0.07072,
        "awayReg": 0.12419,
        "awayET": 0.01698,
        "awayPen": 0.07204
      },
      "base": {
        "homeReg": 0.57128,
        "homeET": 0.14752,
        "homePen": 0.07021,
        "awayReg": 0.12263,
        "awayET": 0.01676,
        "awayPen": 0.07161
      },
      "delta": {
        "homeReg": -0.0029,
        "homeET": 0.00019,
        "homePen": 0.00051,
        "awayReg": 0.00156,
        "awayET": 0.00022,
        "awayPen": 0.00043
      }
    },
    {
      "stageCode": "QUARTER_FINALS",
      "home": "Norway",
      "away": "England",
      "knockout": true,
      "odds": {
        "homeReg": 0.21552,
        "homeET": 0.03794,
        "homePen": 0.0937,
        "awayReg": 0.43934,
        "awayET": 0.1177,
        "awayPen": 0.0958
      },
      "base": {
        "homeReg": 0.21661,
        "homeET": 0.03863,
        "homePen": 0.09399,
        "awayReg": 0.4378,
        "awayET": 0.11686,
        "awayPen": 0.0961
      },
      "delta": {
        "homeReg": -0.00109,
        "homeET": -0.00069,
        "homePen": -0.00029,
        "awayReg": 0.00154,
        "awayET": 0.00084,
        "awayPen": -0.0003
      }
    },
    {
      "stageCode": "SEMI_FINALS",
      "home": "France",
      "away": "Spain",
      "knockout": true,
      "odds": {
        "homeReg": 0.36297,
        "homeET": 0.104,
        "homePen": 0.11018,
        "awayReg": 0.26775,
        "awayET": 0.05149,
        "awayPen": 0.10361
      },
      "base": {
        "homeReg": 0.3716,
        "homeET": 0.10847,
        "homePen": 0.10977,
        "awayReg": 0.25988,
        "awayET": 0.04746,
        "awayPen": 0.10283
      },
      "delta": {
        "homeReg": -0.00863,
        "homeET": -0.00447,
        "homePen": 0.00041,
        "awayReg": 0.00787,
        "awayET": 0.00403,
        "awayPen": 0.00078
      }
    }
  ]
}