{
  "generated": "2026-06-28T01:47:24.668525Z",
  "sims": 1000000,
  "games": [
    {
      "group": "J",
      "home": "Algeria",
      "away": "Austria",
      "odds": {
        "home": 0.30118,
        "draw": 0.26004,
        "away": 0.43878
      },
      "base": {
        "home": 0.29343,
        "draw": 0.25955,
        "away": 0.44701
      },
      "delta": {
        "home": 0.00775,
        "draw": 0.00049,
        "away": -0.00823
      }
    },
    {
      "group": "J",
      "home": "Jordan",
      "away": "Argentina",
      "odds": {
        "home": 0.00838,
        "draw": 0.03453,
        "away": 0.95709
      },
      "base": {
        "home": 0.00791,
        "draw": 0.03361,
        "away": 0.95847
      },
      "delta": {
        "home": 0.00047,
        "draw": 0.00092,
        "away": -0.00138
      }
    }
  ]
}