{
  "generated": "2026-06-30T22:05:06.163487Z",
  "sims": 1000000,
  "games": [
    {
      "stageCode": "LAST_32",
      "home": "Argentina",
      "away": "Cabo Verde",
      "knockout": true,
      "odds": {
        "homeReg": 0.72123,
        "homeET": 0.1404,
        "homePen": 0.07695,
        "awayReg": 0.04733,
        "awayET": 0.00763,
        "awayPen": 0.00645
      },
      "base": {
        "homeReg": 0.73372,
        "homeET": 0.13847,
        "homePen": 0.07372,
        "awayReg": 0.04167,
        "awayET": 0.0068,
        "awayPen": 0.00562
      },
      "delta": {
        "homeReg": -0.01249,
        "homeET": 0.00193,
        "homePen": 0.00323,
        "awayReg": 0.00566,
        "awayET": 0.00083,
        "awayPen": 0.00083
      }
    },
    {
      "stageCode": "LAST_32",
      "home": "Australia",
      "away": "Egypt",
      "knockout": true,
      "odds": {
        "homeReg": 0.30142,
        "homeET": 0.07382,
        "homePen": 0.11105,
        "awayReg": 0.32049,
        "awayET": 0.0796,
        "awayPen": 0.11361
      },
      "base": {
        "homeReg": 0.30358,
        "homeET": 0.07536,
        "homePen": 0.11182,
        "awayReg": 0.31759,
        "awayET": 0.07909,
        "awayPen": 0.11256
      },
      "delta": {
        "homeReg": -0.00216,
        "homeET": -0.00154,
        "homePen": -0.00077,
        "awayReg": 0.0029,
        "awayET": 0.00051,
        "awayPen": 0.00105
      }
    },
    {
      "stageCode": "LAST_32",
      "home": "Belgium",
      "away": "Senegal",
      "knockout": true,
      "odds": {
        "homeReg": 0.38054,
        "homeET": 0.10355,
        "homePen": 0.11947,
        "awayReg": 0.26057,
        "awayET": 0.0518,
        "awayPen": 0.08407
      },
      "base": {
        "homeReg": 0.39527,
        "homeET": 0.1117,
        "homePen": 0.12468,
        "awayReg": 0.24718,
        "awayET": 0.04564,
        "awayPen": 0.07553
      },
      "delta": {
        "homeReg": -0.01473,
        "homeET": -0.00815,
        "homePen": -0.00521,
        "awayReg": 0.01339,
        "awayET": 0.00616,
        "awayPen": 0.00854
      }
    },
    {
      "stageCode": "LAST_32",
      "home": "Colombia",
      "away": "Ghana",
      "knockout": true,
      "odds": {
        "homeReg": 0.50511,
        "homeET": 0.14721,
        "homePen": 0.13906,
        "awayReg": 0.14745,
        "awayET": 0.02149,
        "awayPen": 0.03968
      },
      "base": {
        "homeReg": 0.50511,
        "homeET": 0.14721,
        "homePen": 0.13906,
        "awayReg": 0.14745,
        "awayET": 0.02149,
        "awayPen": 0.03968
      },
      "delta": {
        "homeReg": null,
        "homeET": null,
        "homePen": null,
        "awayReg": null,
        "awayET": null,
        "awayPen": null
      }
    },
    {
      "stageCode": "LAST_32",
      "home": "England",
      "away": "DR Congo",
      "knockout": true,
      "odds": {
        "homeReg": 0.56144,
        "homeET": 0.14786,
        "homePen": 0.11893,
        "awayReg": 0.12552,
        "awayET": 0.01766,
        "awayPen": 0.02859
      },
      "base": {
        "homeReg": 0.55986,
        "homeET": 0.14945,
        "homePen": 0.1192,
        "awayReg": 0.12542,
        "awayET": 0.01767,
        "awayPen": 0.02841
      },
      "delta": {
        "homeReg": 0.00158,
        "homeET": -0.00159,
        "homePen": -0.00027,
        "awayReg": 0.0001,
        "awayET": -1e-05,
        "awayPen": 0.00018
      }
    },
    {
      "stageCode": "LAST_32",
      "home": "Mexico",
      "away": "Ecuador",
      "knockout": true,
      "odds": {
        "homeReg": 0.46375,
        "homeET": 0.13693,
        "homePen": 0.13894,
        "awayReg": 0.18025,
        "awayET": 0.02509,
        "awayPen": 0.05504
      },
      "base": {
        "homeReg": 0.45476,
        "homeET": 0.13461,
        "homePen": 0.13895,
        "awayReg": 0.18865,
        "awayET": 0.02615,
        "awayPen": 0.05688
      },
      "delta": {
        "homeReg": 0.00899,
        "homeET": 0.00232,
        "homePen": -1e-05,
        "awayReg": -0.0084,
        "awayET": -0.00106,
        "awayPen": -0.00184
      }
    },
    {
      "stageCode": "LAST_32",
      "home": "Portugal",
      "away": "Croatia",
      "knockout": true,
      "odds": {
        "homeReg": 0.50633,
        "homeET": 0.1463,
        "homePen": 0.13151,
        "awayReg": 0.15707,
        "awayET": 0.02263,
        "awayPen": 0.03618
      },
      "base": {
        "homeReg": 0.50997,
        "homeET": 0.14683,
        "homePen": 0.13152,
        "awayReg": 0.15535,
        "awayET": 0.02198,
        "awayPen": 0.03434
      },
      "delta": {
        "homeReg": -0.00364,
        "homeET": -0.00053,
        "homePen": -1e-05,
        "awayReg": 0.00172,
        "awayET": 0.00065,
        "awayPen": 0.00184
      }
    },
    {
      "stageCode": "LAST_32",
      "home": "Spain",
      "away": "Austria",
      "knockout": true,
      "odds": {
        "homeReg": 0.6287,
        "homeET": 0.15137,
        "homePen": 0.10317,
        "awayReg": 0.08834,
        "awayET": 0.0134,
        "awayPen": 0.01503
      },
      "base": {
        "homeReg": 0.62148,
        "homeET": 0.15049,
        "homePen": 0.10626,
        "awayReg": 0.09211,
        "awayET": 0.01354,
        "awayPen": 0.01611
      },
      "delta": {
        "homeReg": 0.00722,
        "homeET": 0.00088,
        "homePen": -0.00309,
        "awayReg": -0.00377,
        "awayET": -0.00014,
        "awayPen": -0.00108
      }
    },
    {
      "stageCode": "LAST_32",
      "home": "Switzerland",
      "away": "Algeria",
      "knockout": true,
      "odds": {
        "homeReg": 0.4166,
        "homeET": 0.11715,
        "homePen": 0.12448,
        "awayReg": 0.23099,
        "awayET": 0.0396,
        "awayPen": 0.07118
      },
      "base": {
        "homeReg": 0.42934,
        "homeET": 0.12266,
        "homePen": 0.128,
        "awayReg": 0.2193,
        "awayET": 0.03499,
        "awayPen": 0.06572
      },
      "delta": {
        "homeReg": -0.01274,
        "homeET": -0.00551,
        "homePen": -0.00352,
        "awayReg": 0.01169,
        "awayET": 0.00461,
        "awayPen": 0.00546
      }
    },
    {
      "stageCode": "LAST_32",
      "home": "United States",
      "away": "Bosnia and Herzegovina",
      "knockout": true,
      "odds": {
        "homeReg": 0.49467,
        "homeET": 0.13931,
        "homePen": 0.11976,
        "awayReg": 0.17606,
        "awayET": 0.02314,
        "awayPen": 0.04704
      },
      "base": {
        "homeReg": 0.49491,
        "homeET": 0.1402,
        "homePen": 0.12118,
        "awayReg": 0.17378,
        "awayET": 0.02284,
        "awayPen": 0.04709
      },
      "delta": {
        "homeReg": -0.00024,
        "homeET": -0.00089,
        "homePen": -0.00142,
        "awayReg": 0.00228,
        "awayET": 0.0003,
        "awayPen": -5e-05
      }
    }
  ]
}