{
  "generated": "2026-07-02T20:07:13.933924Z",
  "sims": 1000000,
  "games": [
    {
      "stageCode": "LAST_16",
      "home": "Brazil",
      "away": "Norway",
      "knockout": true,
      "odds": {
        "homeReg": 0.45986,
        "homeET": 0.1317,
        "homePen": 0.09445,
        "awayReg": 0.19493,
        "awayET": 0.02873,
        "awayPen": 0.09033
      },
      "base": {
        "homeReg": 0.46178,
        "homeET": 0.13189,
        "homePen": 0.09435,
        "awayReg": 0.19581,
        "awayET": 0.02826,
        "awayPen": 0.08791
      },
      "delta": {
        "homeReg": -0.00192,
        "homeET": -0.00019,
        "homePen": 0.0001,
        "awayReg": -0.00088,
        "awayET": 0.00047,
        "awayPen": 0.00242
      }
    },
    {
      "stageCode": "LAST_16",
      "home": "Canada",
      "away": "Morocco",
      "knockout": true,
      "odds": {
        "homeReg": 0.16862,
        "homeET": 0.02409,
        "homePen": 0.07973,
        "awayReg": 0.49039,
        "awayET": 0.14372,
        "awayPen": 0.09344
      },
      "base": {
        "homeReg": 0.16645,
        "homeET": 0.02343,
        "homePen": 0.07898,
        "awayReg": 0.49539,
        "awayET": 0.14432,
        "awayPen": 0.09143
      },
      "delta": {
        "homeReg": 0.00217,
        "homeET": 0.00066,
        "homePen": 0.00075,
        "awayReg": -0.005,
        "awayET": -0.0006,
        "awayPen": 0.00201
      }
    },
    {
      "stageCode": "LAST_16",
      "home": "Mexico",
      "away": "England",
      "knockout": true,
      "odds": {
        "homeReg": 0.2807,
        "homeET": 0.06631,
        "homePen": 0.11262,
        "awayReg": 0.34843,
        "awayET": 0.08876,
        "awayPen": 0.10318
      },
      "base": {
        "homeReg": 0.27558,
        "homeET": 0.0631,
        "homePen": 0.11225,
        "awayReg": 0.35465,
        "awayET": 0.0917,
        "awayPen": 0.10271
      },
      "delta": {
        "homeReg": 0.00512,
        "homeET": 0.00321,
        "homePen": 0.00037,
        "awayReg": -0.00622,
        "awayET": -0.00294,
        "awayPen": 0.00047
      }
    },
    {
      "stageCode": "LAST_16",
      "home": "Paraguay",
      "away": "France",
      "knockout": true,
      "odds": {
        "homeReg": 0.03238,
        "homeET": 0.00622,
        "homePen": 0.02811,
        "awayReg": 0.76987,
        "awayET": 0.12831,
        "awayPen": 0.03513
      },
      "base": {
        "homeReg": 0.03009,
        "homeET": 0.00562,
        "homePen": 0.02762,
        "awayReg": 0.77523,
        "awayET": 0.12748,
        "awayPen": 0.03397
      },
      "delta": {
        "homeReg": 0.00229,
        "homeET": 0.0006,
        "homePen": 0.00049,
        "awayReg": -0.00536,
        "awayET": 0.00083,
        "awayPen": 0.00116
      }
    },
    {
      "stageCode": "LAST_16",
      "home": "United States",
      "away": "Belgium",
      "knockout": true,
      "odds": {
        "homeReg": 0.36112,
        "homeET": 0.10433,
        "homePen": 0.1054,
        "awayReg": 0.27649,
        "awayET": 0.05226,
        "awayPen": 0.10041
      },
      "base": {
        "homeReg": 0.35408,
        "homeET": 0.10117,
        "homePen": 0.10595,
        "awayReg": 0.28234,
        "awayET": 0.05507,
        "awayPen": 0.1014
      },
      "delta": {
        "homeReg": 0.00704,
        "homeET": 0.00316,
        "homePen": -0.00055,
        "awayReg": -0.00585,
        "awayET": -0.00281,
        "awayPen": -0.00099
      }
    },
    {
      "stageCode": "LAST_32",
      "home": "Argentina",
      "away": "Cabo Verde",
      "knockout": true,
      "odds": {
        "homeReg": 0.71774,
        "homeET": 0.13931,
        "homePen": 0.04874,
        "awayReg": 0.049,
        "awayET": 0.00785,
        "awayPen": 0.03735
      },
      "base": {
        "homeReg": 0.72703,
        "homeET": 0.14095,
        "homePen": 0.04732,
        "awayReg": 0.04435,
        "awayET": 0.00743,
        "awayPen": 0.03456
      },
      "delta": {
        "homeReg": -0.00929,
        "homeET": -0.00164,
        "homePen": 0.00142,
        "awayReg": 0.00465,
        "awayET": 0.00042,
        "awayPen": 0.00279
      }
    },
    {
      "stageCode": "LAST_32",
      "home": "Australia",
      "away": "Egypt",
      "knockout": true,
      "odds": {
        "homeReg": 0.31354,
        "homeET": 0.08116,
        "homePen": 0.10652,
        "awayReg": 0.30977,
        "awayET": 0.07308,
        "awayPen": 0.11595
      },
      "base": {
        "homeReg": 0.30513,
        "homeET": 0.07571,
        "homePen": 0.10809,
        "awayReg": 0.31794,
        "awayET": 0.07796,
        "awayPen": 0.11517
      },
      "delta": {
        "homeReg": 0.00841,
        "homeET": 0.00545,
        "homePen": -0.00157,
        "awayReg": -0.00817,
        "awayET": -0.00488,
        "awayPen": 0.00078
      }
    },
    {
      "stageCode": "LAST_32",
      "home": "Colombia",
      "away": "Ghana",
      "knockout": true,
      "odds": {
        "homeReg": 0.55238,
        "homeET": 0.15408,
        "homePen": 0.08365,
        "awayReg": 0.11911,
        "awayET": 0.01824,
        "awayPen": 0.07254
      },
      "base": {
        "homeReg": 0.53654,
        "homeET": 0.15143,
        "homePen": 0.087,
        "awayReg": 0.12826,
        "awayET": 0.01964,
        "awayPen": 0.07712
      },
      "delta": {
        "homeReg": 0.01584,
        "homeET": 0.00265,
        "homePen": -0.00335,
        "awayReg": -0.00915,
        "awayET": -0.0014,
        "awayPen": -0.00458
      }
    },
    {
      "stageCode": "LAST_32",
      "home": "Portugal",
      "away": "Croatia",
      "knockout": true,
      "odds": {
        "homeReg": 0.50992,
        "homeET": 0.14695,
        "homePen": 0.08476,
        "awayReg": 0.15388,
        "awayET": 0.0219,
        "awayPen": 0.08258
      },
      "base": {
        "homeReg": 0.52195,
        "homeET": 0.14824,
        "homePen": 0.08217,
        "awayReg": 0.14772,
        "awayET": 0.02136,
        "awayPen": 0.07855
      },
      "delta": {
        "homeReg": -0.01203,
        "homeET": -0.00129,
        "homePen": 0.00259,
        "awayReg": 0.00616,
        "awayET": 0.00054,
        "awayPen": 0.00403
      }
    },
    {
      "stageCode": "LAST_32",
      "home": "Spain",
      "away": "Austria",
      "knockout": true,
      "odds": {
        "homeReg": 0.68279,
        "homeET": 0.14752,
        "homePen": 0.05266,
        "awayReg": 0.06234,
        "awayET": 0.0107,
        "awayPen": 0.04398
      },
      "base": {
        "homeReg": 0.66249,
        "homeET": 0.14727,
        "homePen": 0.05773,
        "awayReg": 0.07201,
        "awayET": 0.01149,
        "awayPen": 0.04899
      },
      "delta": {
        "homeReg": 0.0203,
        "homeET": 0.00025,
        "homePen": -0.00507,
        "awayReg": -0.00967,
        "awayET": -0.00079,
        "awayPen": -0.00501
      }
    },
    {
      "stageCode": "LAST_32",
      "home": "Switzerland",
      "away": "Algeria",
      "knockout": true,
      "odds": {
        "homeReg": 0.45682,
        "homeET": 0.13542,
        "homePen": 0.09922,
        "awayReg": 0.20028,
        "awayET": 0.02636,
        "awayPen": 0.08189
      },
      "base": {
        "homeReg": 0.45453,
        "homeET": 0.13522,
        "homePen": 0.09953,
        "awayReg": 0.20101,
        "awayET": 0.02596,
        "awayPen": 0.08375
      },
      "delta": {
        "homeReg": 0.00229,
        "homeET": 0.0002,
        "homePen": -0.00031,
        "awayReg": -0.00073,
        "awayET": 0.0004,
        "awayPen": -0.00186
      }
    }
  ]
}