{
  "generated": "2026-06-29T11:40:45.907299Z",
  "sims": 1000000,
  "games": [
    {
      "stageCode": "LAST_32",
      "home": "Belgium",
      "away": "Senegal",
      "knockout": true,
      "odds": {
        "homeReg": 0.39404,
        "homeET": 0.1098,
        "homePen": 0.12515,
        "awayReg": 0.24719,
        "awayET": 0.0464,
        "awayPen": 0.07743
      },
      "base": {
        "homeReg": 0.38893,
        "homeET": 0.10801,
        "homePen": 0.12368,
        "awayReg": 0.25113,
        "awayET": 0.0484,
        "awayPen": 0.07985
      },
      "delta": {
        "homeReg": 0.00511,
        "homeET": 0.00179,
        "homePen": 0.00147,
        "awayReg": -0.00394,
        "awayET": -0.002,
        "awayPen": -0.00242
      }
    },
    {
      "stageCode": "LAST_32",
      "home": "Brazil",
      "away": "Japan",
      "knockout": true,
      "odds": {
        "homeReg": 0.4582,
        "homeET": 0.13547,
        "homePen": 0.1321,
        "awayReg": 0.1944,
        "awayET": 0.02602,
        "awayPen": 0.05382
      },
      "base": {
        "homeReg": 0.46226,
        "homeET": 0.13658,
        "homePen": 0.13215,
        "awayReg": 0.19159,
        "awayET": 0.02558,
        "awayPen": 0.05185
      },
      "delta": {
        "homeReg": -0.00406,
        "homeET": -0.00111,
        "homePen": -5e-05,
        "awayReg": 0.00281,
        "awayET": 0.00044,
        "awayPen": 0.00197
      }
    },
    {
      "stageCode": "LAST_32",
      "home": "Côte d'Ivoire",
      "away": "Norway",
      "knockout": true,
      "odds": {
        "homeReg": 0.22545,
        "homeET": 0.03044,
        "homePen": 0.06104,
        "awayReg": 0.41905,
        "awayET": 0.13004,
        "awayPen": 0.13399
      },
      "base": {
        "homeReg": 0.23003,
        "homeET": 0.03248,
        "homePen": 0.06274,
        "awayReg": 0.41409,
        "awayET": 0.12737,
        "awayPen": 0.13328
      },
      "delta": {
        "homeReg": -0.00458,
        "homeET": -0.00204,
        "homePen": -0.0017,
        "awayReg": 0.00496,
        "awayET": 0.00267,
        "awayPen": 0.00071
      }
    },
    {
      "stageCode": "LAST_32",
      "home": "England",
      "away": "DR Congo",
      "knockout": true,
      "odds": {
        "homeReg": 0.56222,
        "homeET": 0.14775,
        "homePen": 0.11962,
        "awayReg": 0.12526,
        "awayET": 0.01728,
        "awayPen": 0.02787
      },
      "base": {
        "homeReg": 0.57113,
        "homeET": 0.14893,
        "homePen": 0.11767,
        "awayReg": 0.11968,
        "awayET": 0.01707,
        "awayPen": 0.02552
      },
      "delta": {
        "homeReg": -0.00891,
        "homeET": -0.00118,
        "homePen": 0.00195,
        "awayReg": 0.00558,
        "awayET": 0.00021,
        "awayPen": 0.00235
      }
    },
    {
      "stageCode": "LAST_32",
      "home": "France",
      "away": "Sweden",
      "knockout": true,
      "odds": {
        "homeReg": 0.78097,
        "homeET": 0.12505,
        "homePen": 0.05461,
        "awayReg": 0.03117,
        "awayET": 0.0054,
        "awayPen": 0.0028
      },
      "base": {
        "homeReg": 0.77774,
        "homeET": 0.12585,
        "homePen": 0.05557,
        "awayReg": 0.03236,
        "awayET": 0.00553,
        "awayPen": 0.00294
      },
      "delta": {
        "homeReg": 0.00323,
        "homeET": -0.0008,
        "homePen": -0.00096,
        "awayReg": -0.00119,
        "awayET": -0.00013,
        "awayPen": -0.00014
      }
    },
    {
      "stageCode": "LAST_32",
      "home": "Germany",
      "away": "Paraguay",
      "knockout": true,
      "odds": {
        "homeReg": 0.60251,
        "homeET": 0.14987,
        "homePen": 0.10922,
        "awayReg": 0.1047,
        "awayET": 0.01521,
        "awayPen": 0.01849
      },
      "base": {
        "homeReg": 0.58248,
        "homeET": 0.14974,
        "homePen": 0.11442,
        "awayReg": 0.11539,
        "awayET": 0.01621,
        "awayPen": 0.02176
      },
      "delta": {
        "homeReg": 0.02003,
        "homeET": 0.00013,
        "homePen": -0.0052,
        "awayReg": -0.01069,
        "awayET": -0.001,
        "awayPen": -0.00327
      }
    },
    {
      "stageCode": "LAST_32",
      "home": "Mexico",
      "away": "Ecuador",
      "knockout": true,
      "odds": {
        "homeReg": 0.44834,
        "homeET": 0.13461,
        "homePen": 0.13829,
        "awayReg": 0.19115,
        "awayET": 0.02687,
        "awayPen": 0.06075
      },
      "base": {
        "homeReg": 0.45359,
        "homeET": 0.13686,
        "homePen": 0.13862,
        "awayReg": 0.18704,
        "awayET": 0.0257,
        "awayPen": 0.05819
      },
      "delta": {
        "homeReg": -0.00525,
        "homeET": -0.00225,
        "homePen": -0.00033,
        "awayReg": 0.00411,
        "awayET": 0.00117,
        "awayPen": 0.00256
      }
    },
    {
      "stageCode": "LAST_32",
      "home": "Netherlands",
      "away": "Morocco",
      "knockout": true,
      "odds": {
        "homeReg": 0.42052,
        "homeET": 0.12416,
        "homePen": 0.12906,
        "awayReg": 0.22928,
        "awayET": 0.03395,
        "awayPen": 0.06303
      },
      "base": {
        "homeReg": 0.42829,
        "homeET": 0.12832,
        "homePen": 0.12984,
        "awayReg": 0.22283,
        "awayET": 0.03104,
        "awayPen": 0.05968
      },
      "delta": {
        "homeReg": -0.00777,
        "homeET": -0.00416,
        "homePen": -0.00078,
        "awayReg": 0.00645,
        "awayET": 0.00291,
        "awayPen": 0.00335
      }
    },
    {
      "stageCode": "LAST_32",
      "home": "Spain",
      "away": "Austria",
      "knockout": true,
      "odds": {
        "homeReg": 0.63902,
        "homeET": 0.15047,
        "homePen": 0.10215,
        "awayReg": 0.08264,
        "awayET": 0.01237,
        "awayPen": 0.01335
      },
      "base": {
        "homeReg": 0.64432,
        "homeET": 0.15041,
        "homePen": 0.10056,
        "awayReg": 0.08008,
        "awayET": 0.012,
        "awayPen": 0.01264
      },
      "delta": {
        "homeReg": -0.0053,
        "homeET": 6e-05,
        "homePen": 0.00159,
        "awayReg": 0.00256,
        "awayET": 0.00037,
        "awayPen": 0.00071
      }
    },
    {
      "stageCode": "LAST_32",
      "home": "United States",
      "away": "Bosnia and Herzegovina",
      "knockout": true,
      "odds": {
        "homeReg": 0.48369,
        "homeET": 0.13736,
        "homePen": 0.12067,
        "awayReg": 0.18291,
        "awayET": 0.02386,
        "awayPen": 0.05151
      },
      "base": {
        "homeReg": 0.48292,
        "homeET": 0.13727,
        "homePen": 0.12056,
        "awayReg": 0.1834,
        "awayET": 0.02408,
        "awayPen": 0.05177
      },
      "delta": {
        "homeReg": 0.00077,
        "homeET": 9e-05,
        "homePen": 0.00011,
        "awayReg": -0.00049,
        "awayET": -0.00022,
        "awayPen": -0.00026
      }
    }
  ]
}