{
  "generated": "2026-07-18T23:29:55.969759Z",
  "sims": 1000000,
  "games": [
    {
      "stageCode": "FINAL",
      "home": "Spain",
      "away": "Argentina",
      "knockout": true,
      "odds": {
        "homeReg": 0.384,
        "homeET": 0.11787,
        "homePen": 0.10409,
        "awayReg": 0.24976,
        "awayET": 0.03991,
        "awayPen": 0.10436
      },
      "base": {
        "homeReg": 0.38662,
        "homeET": 0.11964,
        "homePen": 0.10337,
        "awayReg": 0.24757,
        "awayET": 0.03875,
        "awayPen": 0.10404
      },
      "delta": {
        "homeReg": -0.00262,
        "homeET": -0.00177,
        "homePen": 0.00072,
        "awayReg": 0.00219,
        "awayET": 0.00116,
        "awayPen": 0.00032
      }
    }
  ]
}