{
  "generated": "2026-07-18T23:15:51.287392Z",
  "sims": 1000000,
  "games": [
    {
      "stageCode": "FINAL",
      "home": "Spain",
      "away": "Argentina",
      "knockout": true,
      "odds": {
        "homeReg": 0.38662,
        "homeET": 0.11964,
        "homePen": 0.10337,
        "awayReg": 0.24757,
        "awayET": 0.03875,
        "awayPen": 0.10404
      },
      "base": {
        "homeReg": 0.3915,
        "homeET": 0.1215,
        "homePen": 0.10254,
        "awayReg": 0.24415,
        "awayET": 0.0371,
        "awayPen": 0.10321
      },
      "delta": {
        "homeReg": -0.00488,
        "homeET": -0.00186,
        "homePen": 0.00083,
        "awayReg": 0.00342,
        "awayET": 0.00165,
        "awayPen": 0.00083
      }
    }
  ]
}