{
  "generated": "2026-07-09T23:48:33.803235Z",
  "sims": 1000000,
  "games": [
    {
      "stageCode": "QUARTER_FINALS",
      "home": "Argentina",
      "away": "Switzerland",
      "knockout": true,
      "odds": {
        "homeReg": 0.57171,
        "homeET": 0.14831,
        "homePen": 0.06911,
        "awayReg": 0.12108,
        "awayET": 0.01718,
        "awayPen": 0.07259
      },
      "base": {
        "homeReg": 0.56553,
        "homeET": 0.14783,
        "homePen": 0.07046,
        "awayReg": 0.12501,
        "awayET": 0.01754,
        "awayPen": 0.07364
      },
      "delta": {
        "homeReg": 0.00618,
        "homeET": 0.00048,
        "homePen": -0.00135,
        "awayReg": -0.00393,
        "awayET": -0.00036,
        "awayPen": -0.00105
      }
    },
    {
      "stageCode": "QUARTER_FINALS",
      "home": "Norway",
      "away": "England",
      "knockout": true,
      "odds": {
        "homeReg": 0.21152,
        "homeET": 0.03526,
        "homePen": 0.09155,
        "awayReg": 0.44565,
        "awayET": 0.12115,
        "awayPen": 0.09488
      },
      "base": {
        "homeReg": 0.21708,
        "homeET": 0.0381,
        "homePen": 0.09249,
        "awayReg": 0.43867,
        "awayET": 0.11698,
        "awayPen": 0.09668
      },
      "delta": {
        "homeReg": -0.00556,
        "homeET": -0.00284,
        "homePen": -0.00094,
        "awayReg": 0.00698,
        "awayET": 0.00417,
        "awayPen": -0.0018
      }
    },
    {
      "stageCode": "QUARTER_FINALS",
      "home": "Spain",
      "away": "Belgium",
      "knockout": true,
      "odds": {
        "homeReg": 0.52623,
        "homeET": 0.14862,
        "homePen": 0.08379,
        "awayReg": 0.14268,
        "awayET": 0.0206,
        "awayPen": 0.07808
      },
      "base": {
        "homeReg": 0.52385,
        "homeET": 0.14855,
        "homePen": 0.08404,
        "awayReg": 0.14416,
        "awayET": 0.02079,
        "awayPen": 0.07863
      },
      "delta": {
        "homeReg": 0.00238,
        "homeET": 7e-05,
        "homePen": -0.00025,
        "awayReg": -0.00148,
        "awayET": -0.00019,
        "awayPen": -0.00055
      }
    }
  ]
}