{
  "generated": "2026-07-06T11:15:20.385431Z",
  "sims": 1000000,
  "games": [
    {
      "stageCode": "LAST_16",
      "home": "Argentina",
      "away": "Egypt",
      "knockout": true,
      "odds": {
        "homeReg": 0.67719,
        "homeET": 0.14512,
        "homePen": 0.05087,
        "awayReg": 0.06871,
        "awayET": 0.01019,
        "awayPen": 0.04792
      },
      "base": {
        "homeReg": 0.67636,
        "homeET": 0.14519,
        "homePen": 0.05101,
        "awayReg": 0.06908,
        "awayET": 0.01026,
        "awayPen": 0.0481
      },
      "delta": {
        "homeReg": 0.00083,
        "homeET": -7e-05,
        "homePen": -0.00014,
        "awayReg": -0.00037,
        "awayET": -7e-05,
        "awayPen": -0.00018
      }
    },
    {
      "stageCode": "LAST_16",
      "home": "Portugal",
      "away": "Spain",
      "knockout": true,
      "odds": {
        "homeReg": 0.24807,
        "homeET": 0.04838,
        "homePen": 0.10515,
        "awayReg": 0.3831,
        "awayET": 0.10453,
        "awayPen": 0.11076
      },
      "base": {
        "homeReg": 0.25042,
        "homeET": 0.04945,
        "homePen": 0.10535,
        "awayReg": 0.38014,
        "awayET": 0.10376,
        "awayPen": 0.11088
      },
      "delta": {
        "homeReg": -0.00235,
        "homeET": -0.00107,
        "homePen": -0.0002,
        "awayReg": 0.00296,
        "awayET": 0.00077,
        "awayPen": -0.00012
      }
    },
    {
      "stageCode": "LAST_16",
      "home": "Switzerland",
      "away": "Colombia",
      "knockout": true,
      "odds": {
        "homeReg": 0.23869,
        "homeET": 0.03884,
        "homePen": 0.10597,
        "awayReg": 0.39333,
        "awayET": 0.11908,
        "awayPen": 0.1041
      },
      "base": {
        "homeReg": 0.23642,
        "homeET": 0.03814,
        "homePen": 0.10546,
        "awayReg": 0.39599,
        "awayET": 0.12002,
        "awayPen": 0.10397
      },
      "delta": {
        "homeReg": 0.00227,
        "homeET": 0.0007,
        "homePen": 0.00051,
        "awayReg": -0.00266,
        "awayET": -0.00094,
        "awayPen": 0.00013
      }
    },
    {
      "stageCode": "LAST_16",
      "home": "United States",
      "away": "Belgium",
      "knockout": true,
      "odds": {
        "homeReg": 0.36151,
        "homeET": 0.10257,
        "homePen": 0.10511,
        "awayReg": 0.27852,
        "awayET": 0.05135,
        "awayPen": 0.10096
      },
      "base": {
        "homeReg": 0.36792,
        "homeET": 0.10615,
        "homePen": 0.10434,
        "awayReg": 0.27282,
        "awayET": 0.04859,
        "awayPen": 0.10017
      },
      "delta": {
        "homeReg": -0.00641,
        "homeET": -0.00358,
        "homePen": 0.00077,
        "awayReg": 0.0057,
        "awayET": 0.00276,
        "awayPen": 0.00079
      }
    },
    {
      "stageCode": "QUARTER_FINALS",
      "home": "France",
      "away": "Morocco",
      "knockout": true,
      "odds": {
        "homeReg": 0.57308,
        "homeET": 0.15169,
        "homePen": 0.07017,
        "awayReg": 0.11808,
        "awayET": 0.01747,
        "awayPen": 0.06951
      },
      "base": {
        "homeReg": 0.56905,
        "homeET": 0.15185,
        "homePen": 0.07078,
        "awayReg": 0.12024,
        "awayET": 0.01758,
        "awayPen": 0.0705
      },
      "delta": {
        "homeReg": 0.00403,
        "homeET": -0.00016,
        "homePen": -0.00061,
        "awayReg": -0.00216,
        "awayET": -0.00011,
        "awayPen": -0.00099
      }
    },
    {
      "stageCode": "QUARTER_FINALS",
      "home": "Norway",
      "away": "England",
      "knockout": true,
      "odds": {
        "homeReg": 0.20653,
        "homeET": 0.03372,
        "homePen": 0.0908,
        "awayReg": 0.45072,
        "awayET": 0.12381,
        "awayPen": 0.09442
      },
      "base": {
        "homeReg": 0.21057,
        "homeET": 0.03551,
        "homePen": 0.09166,
        "awayReg": 0.44552,
        "awayET": 0.12177,
        "awayPen": 0.09495
      },
      "delta": {
        "homeReg": -0.00404,
        "homeET": -0.00179,
        "homePen": -0.00086,
        "awayReg": 0.0052,
        "awayET": 0.00204,
        "awayPen": -0.00053
      }
    }
  ]
}