{
  "generated": "2026-07-15T12:02:25.682509Z",
  "sims": 1000000,
  "games": [
    {
      "stageCode": "SEMI_FINALS",
      "home": "England",
      "away": "Argentina",
      "knockout": true,
      "odds": {
        "homeReg": 0.30561,
        "homeET": 0.08048,
        "homePen": 0.10104,
        "awayReg": 0.33458,
        "awayET": 0.0705,
        "awayPen": 0.10779
      },
      "base": {
        "homeReg": 0.31236,
        "homeET": 0.084,
        "homePen": 0.10092,
        "awayReg": 0.32853,
        "awayET": 0.06656,
        "awayPen": 0.10763
      },
      "delta": {
        "homeReg": -0.00675,
        "homeET": -0.00352,
        "homePen": 0.00012,
        "awayReg": 0.00605,
        "awayET": 0.00394,
        "awayPen": 0.00016
      }
    }
  ]
}