{
  "generated": "2026-07-01T10:34:45.599533Z",
  "sims": 1000000,
  "games": [
    {
      "stageCode": "LAST_16",
      "home": "Canada",
      "away": "Morocco",
      "knockout": true,
      "odds": {
        "homeReg": 0.15889,
        "homeET": 0.02232,
        "homePen": 0.03612,
        "awayReg": 0.50497,
        "awayET": 0.14611,
        "awayPen": 0.1316
      },
      "base": {
        "homeReg": 0.15924,
        "homeET": 0.02235,
        "homePen": 0.03642,
        "awayReg": 0.5045,
        "awayET": 0.14602,
        "awayPen": 0.13145
      },
      "delta": {
        "homeReg": -0.00035,
        "homeET": -3e-05,
        "homePen": -0.0003,
        "awayReg": 0.00047,
        "awayET": 9e-05,
        "awayPen": 0.00015
      }
    },
    {
      "stageCode": "LAST_32",
      "home": "Argentina",
      "away": "Cabo Verde",
      "knockout": true,
      "odds": {
        "homeReg": 0.7305,
        "homeET": 0.13842,
        "homePen": 0.07469,
        "awayReg": 0.04358,
        "awayET": 0.00698,
        "awayPen": 0.00583
      },
      "base": {
        "homeReg": 0.72272,
        "homeET": 0.1396,
        "homePen": 0.07734,
        "awayReg": 0.04657,
        "awayET": 0.00728,
        "awayPen": 0.00649
      },
      "delta": {
        "homeReg": 0.00778,
        "homeET": -0.00118,
        "homePen": -0.00265,
        "awayReg": -0.00299,
        "awayET": -0.0003,
        "awayPen": -0.00066
      }
    },
    {
      "stageCode": "LAST_32",
      "home": "Australia",
      "away": "Egypt",
      "knockout": true,
      "odds": {
        "homeReg": 0.31646,
        "homeET": 0.08109,
        "homePen": 0.11689,
        "awayReg": 0.30684,
        "awayET": 0.07206,
        "awayPen": 0.10666
      },
      "base": {
        "homeReg": 0.31905,
        "homeET": 0.08261,
        "homePen": 0.11768,
        "awayReg": 0.30455,
        "awayET": 0.07076,
        "awayPen": 0.10535
      },
      "delta": {
        "homeReg": -0.00259,
        "homeET": -0.00152,
        "homePen": -0.00079,
        "awayReg": 0.00229,
        "awayET": 0.0013,
        "awayPen": 0.00131
      }
    },
    {
      "stageCode": "LAST_32",
      "home": "Belgium",
      "away": "Senegal",
      "knockout": true,
      "odds": {
        "homeReg": 0.37115,
        "homeET": 0.09653,
        "homePen": 0.11729,
        "awayReg": 0.27075,
        "awayET": 0.05686,
        "awayPen": 0.08743
      },
      "base": {
        "homeReg": 0.38511,
        "homeET": 0.10437,
        "homePen": 0.12191,
        "awayReg": 0.25763,
        "awayET": 0.05035,
        "awayPen": 0.08063
      },
      "delta": {
        "homeReg": -0.01396,
        "homeET": -0.00784,
        "homePen": -0.00462,
        "awayReg": 0.01312,
        "awayET": 0.00651,
        "awayPen": 0.0068
      }
    },
    {
      "stageCode": "LAST_32",
      "home": "Colombia",
      "away": "Ghana",
      "knockout": true,
      "odds": {
        "homeReg": 0.48657,
        "homeET": 0.1438,
        "homePen": 0.1387,
        "awayReg": 0.16148,
        "awayET": 0.02286,
        "awayPen": 0.0466
      },
      "base": {
        "homeReg": 0.49905,
        "homeET": 0.14646,
        "homePen": 0.13855,
        "awayReg": 0.1526,
        "awayET": 0.02193,
        "awayPen": 0.04142
      },
      "delta": {
        "homeReg": -0.01248,
        "homeET": -0.00266,
        "homePen": 0.00015,
        "awayReg": 0.00888,
        "awayET": 0.00093,
        "awayPen": 0.00518
      }
    },
    {
      "stageCode": "LAST_32",
      "home": "England",
      "away": "DR Congo",
      "knockout": true,
      "odds": {
        "homeReg": 0.55063,
        "homeET": 0.14742,
        "homePen": 0.12165,
        "awayReg": 0.13036,
        "awayET": 0.01853,
        "awayPen": 0.03141
      },
      "base": {
        "homeReg": 0.55338,
        "homeET": 0.14774,
        "homePen": 0.12104,
        "awayReg": 0.12893,
        "awayET": 0.01828,
        "awayPen": 0.03062
      },
      "delta": {
        "homeReg": -0.00275,
        "homeET": -0.00032,
        "homePen": 0.00061,
        "awayReg": 0.00143,
        "awayET": 0.00025,
        "awayPen": 0.00079
      }
    },
    {
      "stageCode": "LAST_32",
      "home": "Portugal",
      "away": "Croatia",
      "knockout": true,
      "odds": {
        "homeReg": 0.52239,
        "homeET": 0.14996,
        "homePen": 0.12989,
        "awayReg": 0.14647,
        "awayET": 0.02029,
        "awayPen": 0.03101
      },
      "base": {
        "homeReg": 0.52864,
        "homeET": 0.15031,
        "homePen": 0.12909,
        "awayReg": 0.14253,
        "awayET": 0.01991,
        "awayPen": 0.02952
      },
      "delta": {
        "homeReg": -0.00625,
        "homeET": -0.00035,
        "homePen": 0.0008,
        "awayReg": 0.00394,
        "awayET": 0.00038,
        "awayPen": 0.00149
      }
    },
    {
      "stageCode": "LAST_32",
      "home": "Spain",
      "away": "Austria",
      "knockout": true,
      "odds": {
        "homeReg": 0.61384,
        "homeET": 0.14994,
        "homePen": 0.1072,
        "awayReg": 0.09681,
        "awayET": 0.01423,
        "awayPen": 0.01798
      },
      "base": {
        "homeReg": 0.62868,
        "homeET": 0.14995,
        "homePen": 0.10366,
        "awayReg": 0.08909,
        "awayET": 0.01316,
        "awayPen": 0.01545
      },
      "delta": {
        "homeReg": -0.01484,
        "homeET": -1e-05,
        "homePen": 0.00354,
        "awayReg": 0.00772,
        "awayET": 0.00107,
        "awayPen": 0.00253
      }
    },
    {
      "stageCode": "LAST_32",
      "home": "Switzerland",
      "away": "Algeria",
      "knockout": true,
      "odds": {
        "homeReg": 0.40758,
        "homeET": 0.11273,
        "homePen": 0.12271,
        "awayReg": 0.23789,
        "awayET": 0.04387,
        "awayPen": 0.07523
      },
      "base": {
        "homeReg": 0.40971,
        "homeET": 0.11488,
        "homePen": 0.12334,
        "awayReg": 0.23528,
        "awayET": 0.0427,
        "awayPen": 0.07408
      },
      "delta": {
        "homeReg": -0.00213,
        "homeET": -0.00215,
        "homePen": -0.00063,
        "awayReg": 0.00261,
        "awayET": 0.00117,
        "awayPen": 0.00115
      }
    },
    {
      "stageCode": "LAST_32",
      "home": "United States",
      "away": "Bosnia and Herzegovina",
      "knockout": true,
      "odds": {
        "homeReg": 0.49045,
        "homeET": 0.13807,
        "homePen": 0.12007,
        "awayReg": 0.17889,
        "awayET": 0.02288,
        "awayPen": 0.04963
      },
      "base": {
        "homeReg": 0.48908,
        "homeET": 0.13789,
        "homePen": 0.12003,
        "awayReg": 0.17991,
        "awayET": 0.02293,
        "awayPen": 0.05017
      },
      "delta": {
        "homeReg": 0.00137,
        "homeET": 0.00018,
        "homePen": 4e-05,
        "awayReg": -0.00102,
        "awayET": -5e-05,
        "awayPen": -0.00054
      }
    }
  ]
}