{
  "generated": "2026-07-11T11:33:18.375363Z",
  "sims": 1000000,
  "games": [
    {
      "stageCode": "QUARTER_FINALS",
      "home": "Argentina",
      "away": "Switzerland",
      "knockout": true,
      "odds": {
        "homeReg": 0.56788,
        "homeET": 0.14739,
        "homePen": 0.07089,
        "awayReg": 0.12445,
        "awayET": 0.01709,
        "awayPen": 0.0723
      },
      "base": {
        "homeReg": 0.56844,
        "homeET": 0.14781,
        "homePen": 0.07065,
        "awayReg": 0.12413,
        "awayET": 0.01689,
        "awayPen": 0.07208
      },
      "delta": {
        "homeReg": -0.00056,
        "homeET": -0.00042,
        "homePen": 0.00024,
        "awayReg": 0.00032,
        "awayET": 0.0002,
        "awayPen": 0.00022
      }
    },
    {
      "stageCode": "QUARTER_FINALS",
      "home": "Norway",
      "away": "England",
      "knockout": true,
      "odds": {
        "homeReg": 0.22112,
        "homeET": 0.04072,
        "homePen": 0.09458,
        "awayReg": 0.43246,
        "awayET": 0.11389,
        "awayPen": 0.09724
      },
      "base": {
        "homeReg": 0.22138,
        "homeET": 0.0409,
        "homePen": 0.09447,
        "awayReg": 0.43206,
        "awayET": 0.11374,
        "awayPen": 0.09735
      },
      "delta": {
        "homeReg": -0.00026,
        "homeET": -0.00018,
        "homePen": 0.00011,
        "awayReg": 0.0004,
        "awayET": 0.00015,
        "awayPen": -0.00011
      }
    },
    {
      "stageCode": "SEMI_FINALS",
      "home": "France",
      "away": "Spain",
      "knockout": true,
      "odds": {
        "homeReg": 0.36828,
        "homeET": 0.10708,
        "homePen": 0.11,
        "awayReg": 0.26293,
        "awayET": 0.04861,
        "awayPen": 0.10311
      },
      "base": {
        "homeReg": 0.3665,
        "homeET": 0.10616,
        "homePen": 0.10996,
        "awayReg": 0.26452,
        "awayET": 0.04945,
        "awayPen": 0.10342
      },
      "delta": {
        "homeReg": 0.00178,
        "homeET": 0.00092,
        "homePen": 4e-05,
        "awayReg": -0.00159,
        "awayET": -0.00084,
        "awayPen": -0.00031
      }
    }
  ]
}