{
  "generated": "2026-07-01T15:23:09.745776Z",
  "sims": 1000000,
  "games": [
    {
      "stageCode": "LAST_16",
      "home": "Canada",
      "away": "Morocco",
      "knockout": true,
      "odds": {
        "homeReg": 0.16205,
        "homeET": 0.02263,
        "homePen": 0.03764,
        "awayReg": 0.5002,
        "awayET": 0.14529,
        "awayPen": 0.13219
      },
      "base": {
        "homeReg": 0.15889,
        "homeET": 0.02232,
        "homePen": 0.03612,
        "awayReg": 0.50497,
        "awayET": 0.14611,
        "awayPen": 0.1316
      },
      "delta": {
        "homeReg": 0.00316,
        "homeET": 0.00031,
        "homePen": 0.00152,
        "awayReg": -0.00477,
        "awayET": -0.00082,
        "awayPen": 0.00059
      }
    },
    {
      "stageCode": "LAST_32",
      "home": "Argentina",
      "away": "Cabo Verde",
      "knockout": true,
      "odds": {
        "homeReg": 0.72406,
        "homeET": 0.13939,
        "homePen": 0.07704,
        "awayReg": 0.04601,
        "awayET": 0.00717,
        "awayPen": 0.00632
      },
      "base": {
        "homeReg": 0.7305,
        "homeET": 0.13842,
        "homePen": 0.07469,
        "awayReg": 0.04358,
        "awayET": 0.00698,
        "awayPen": 0.00583
      },
      "delta": {
        "homeReg": -0.00644,
        "homeET": 0.00097,
        "homePen": 0.00235,
        "awayReg": 0.00243,
        "awayET": 0.00019,
        "awayPen": 0.00049
      }
    },
    {
      "stageCode": "LAST_32",
      "home": "Australia",
      "away": "Egypt",
      "knockout": true,
      "odds": {
        "homeReg": 0.29484,
        "homeET": 0.07014,
        "homePen": 0.10609,
        "awayReg": 0.32894,
        "awayET": 0.08353,
        "awayPen": 0.11647
      },
      "base": {
        "homeReg": 0.31646,
        "homeET": 0.08109,
        "homePen": 0.11689,
        "awayReg": 0.30684,
        "awayET": 0.07206,
        "awayPen": 0.10666
      },
      "delta": {
        "homeReg": -0.02162,
        "homeET": -0.01095,
        "homePen": -0.0108,
        "awayReg": 0.0221,
        "awayET": 0.01147,
        "awayPen": 0.00981
      }
    },
    {
      "stageCode": "LAST_32",
      "home": "Belgium",
      "away": "Senegal",
      "knockout": true,
      "odds": {
        "homeReg": 0.35584,
        "homeET": 0.08925,
        "homePen": 0.11196,
        "awayReg": 0.28447,
        "awayET": 0.06348,
        "awayPen": 0.09501
      },
      "base": {
        "homeReg": 0.37115,
        "homeET": 0.09653,
        "homePen": 0.11729,
        "awayReg": 0.27075,
        "awayET": 0.05686,
        "awayPen": 0.08743
      },
      "delta": {
        "homeReg": -0.01531,
        "homeET": -0.00728,
        "homePen": -0.00533,
        "awayReg": 0.01372,
        "awayET": 0.00662,
        "awayPen": 0.00758
      }
    },
    {
      "stageCode": "LAST_32",
      "home": "Colombia",
      "away": "Ghana",
      "knockout": true,
      "odds": {
        "homeReg": 0.49734,
        "homeET": 0.14622,
        "homePen": 0.13867,
        "awayReg": 0.15384,
        "awayET": 0.02186,
        "awayPen": 0.04208
      },
      "base": {
        "homeReg": 0.48657,
        "homeET": 0.1438,
        "homePen": 0.1387,
        "awayReg": 0.16148,
        "awayET": 0.02286,
        "awayPen": 0.0466
      },
      "delta": {
        "homeReg": 0.01077,
        "homeET": 0.00242,
        "homePen": -3e-05,
        "awayReg": -0.00764,
        "awayET": -0.001,
        "awayPen": -0.00452
      }
    },
    {
      "stageCode": "LAST_32",
      "home": "England",
      "away": "DR Congo",
      "knockout": true,
      "odds": {
        "homeReg": 0.55061,
        "homeET": 0.14744,
        "homePen": 0.12164,
        "awayReg": 0.13038,
        "awayET": 0.01853,
        "awayPen": 0.03141
      },
      "base": {
        "homeReg": 0.55063,
        "homeET": 0.14742,
        "homePen": 0.12165,
        "awayReg": 0.13036,
        "awayET": 0.01828,
        "awayPen": 0.03062
      },
      "delta": {
        "homeReg": -2e-05,
        "homeET": 2e-05,
        "homePen": -1e-05,
        "awayReg": 2e-05,
        "awayET": 0.00025,
        "awayPen": 0.00079
      }
    },
    {
      "stageCode": "LAST_32",
      "home": "Portugal",
      "away": "Croatia",
      "knockout": true,
      "odds": {
        "homeReg": 0.51724,
        "homeET": 0.14937,
        "homePen": 0.13015,
        "awayReg": 0.1499,
        "awayET": 0.02073,
        "awayPen": 0.03261
      },
      "base": {
        "homeReg": 0.52239,
        "homeET": 0.14996,
        "homePen": 0.12989,
        "awayReg": 0.14647,
        "awayET": 0.02029,
        "awayPen": 0.03101
      },
      "delta": {
        "homeReg": -0.00515,
        "homeET": -0.00059,
        "homePen": 0.00026,
        "awayReg": 0.00343,
        "awayET": 0.00044,
        "awayPen": 0.0016
      }
    },
    {
      "stageCode": "LAST_32",
      "home": "Spain",
      "away": "Austria",
      "knockout": true,
      "odds": {
        "homeReg": 0.6246,
        "homeET": 0.15002,
        "homePen": 0.10455,
        "awayReg": 0.09116,
        "awayET": 0.01364,
        "awayPen": 0.01603
      },
      "base": {
        "homeReg": 0.61384,
        "homeET": 0.14994,
        "homePen": 0.1072,
        "awayReg": 0.09681,
        "awayET": 0.01423,
        "awayPen": 0.01798
      },
      "delta": {
        "homeReg": 0.01076,
        "homeET": 8e-05,
        "homePen": -0.00265,
        "awayReg": -0.00565,
        "awayET": -0.00059,
        "awayPen": -0.00195
      }
    },
    {
      "stageCode": "LAST_32",
      "home": "Switzerland",
      "away": "Algeria",
      "knockout": true,
      "odds": {
        "homeReg": 0.42421,
        "homeET": 0.12201,
        "homePen": 0.12634,
        "awayReg": 0.22326,
        "awayET": 0.03723,
        "awayPen": 0.06696
      },
      "base": {
        "homeReg": 0.40758,
        "homeET": 0.11273,
        "homePen": 0.12271,
        "awayReg": 0.23789,
        "awayET": 0.04387,
        "awayPen": 0.07523
      },
      "delta": {
        "homeReg": 0.01663,
        "homeET": 0.00928,
        "homePen": 0.00363,
        "awayReg": -0.01463,
        "awayET": -0.00664,
        "awayPen": -0.00827
      }
    },
    {
      "stageCode": "LAST_32",
      "home": "United States",
      "away": "Bosnia and Herzegovina",
      "knockout": true,
      "odds": {
        "homeReg": 0.50453,
        "homeET": 0.14158,
        "homePen": 0.11939,
        "awayReg": 0.16862,
        "awayET": 0.02144,
        "awayPen": 0.04444
      },
      "base": {
        "homeReg": 0.49045,
        "homeET": 0.13807,
        "homePen": 0.12007,
        "awayReg": 0.17889,
        "awayET": 0.02288,
        "awayPen": 0.04963
      },
      "delta": {
        "homeReg": 0.01408,
        "homeET": 0.00351,
        "homePen": -0.00068,
        "awayReg": -0.01027,
        "awayET": -0.00144,
        "awayPen": -0.00519
      }
    }
  ]
}