{
  "generated": "2026-07-01T22:57:00.045328Z",
  "sims": 1000000,
  "games": [
    {
      "stageCode": "LAST_16",
      "home": "Brazil",
      "away": "Norway",
      "knockout": true,
      "odds": {
        "homeReg": 0.46404,
        "homeET": 0.13268,
        "homePen": 0.09362,
        "awayReg": 0.19412,
        "awayET": 0.02729,
        "awayPen": 0.08824
      },
      "base": {
        "homeReg": 0.45799,
        "homeET": 0.12981,
        "homePen": 0.09477,
        "awayReg": 0.19895,
        "awayET": 0.02934,
        "awayPen": 0.08914
      },
      "delta": {
        "homeReg": 0.00605,
        "homeET": 0.00287,
        "homePen": -0.00115,
        "awayReg": -0.00483,
        "awayET": -0.00205,
        "awayPen": -0.0009
      }
    },
    {
      "stageCode": "LAST_16",
      "home": "Canada",
      "away": "Morocco",
      "knockout": true,
      "odds": {
        "homeReg": 0.1703,
        "homeET": 0.02332,
        "homePen": 0.08005,
        "awayReg": 0.48831,
        "awayET": 0.14337,
        "awayPen": 0.09465
      },
      "base": {
        "homeReg": 0.16392,
        "homeET": 0.02274,
        "homePen": 0.07802,
        "awayReg": 0.49694,
        "awayET": 0.14544,
        "awayPen": 0.09294
      },
      "delta": {
        "homeReg": 0.00638,
        "homeET": 0.00058,
        "homePen": 0.00203,
        "awayReg": -0.00863,
        "awayET": -0.00207,
        "awayPen": 0.00171
      }
    },
    {
      "stageCode": "LAST_16",
      "home": "Paraguay",
      "away": "France",
      "knockout": true,
      "odds": {
        "homeReg": 0.03742,
        "homeET": 0.00631,
        "homePen": 0.03115,
        "awayReg": 0.75592,
        "awayET": 0.13192,
        "awayPen": 0.03728
      },
      "base": {
        "homeReg": 0.04108,
        "homeET": 0.00666,
        "homePen": 0.03294,
        "awayReg": 0.74518,
        "awayET": 0.13487,
        "awayPen": 0.03929
      },
      "delta": {
        "homeReg": -0.00366,
        "homeET": -0.00035,
        "homePen": -0.00179,
        "awayReg": 0.01074,
        "awayET": -0.00295,
        "awayPen": -0.00201
      }
    },
    {
      "stageCode": "LAST_32",
      "home": "Argentina",
      "away": "Cabo Verde",
      "knockout": true,
      "odds": {
        "homeReg": 0.7144,
        "homeET": 0.14057,
        "homePen": 0.05044,
        "awayReg": 0.04944,
        "awayET": 0.00796,
        "awayPen": 0.03719
      },
      "base": {
        "homeReg": 0.72,
        "homeET": 0.13939,
        "homePen": 0.04926,
        "awayReg": 0.04702,
        "awayET": 0.00785,
        "awayPen": 0.03649
      },
      "delta": {
        "homeReg": -0.0056,
        "homeET": 0.00118,
        "homePen": 0.00118,
        "awayReg": 0.00242,
        "awayET": 0.00011,
        "awayPen": 0.0007
      }
    },
    {
      "stageCode": "LAST_32",
      "home": "Australia",
      "away": "Egypt",
      "knockout": true,
      "odds": {
        "homeReg": 0.30863,
        "homeET": 0.07807,
        "homePen": 0.1084,
        "awayReg": 0.31437,
        "awayET": 0.07521,
        "awayPen": 0.11532
      },
      "base": {
        "homeReg": 0.31617,
        "homeET": 0.08279,
        "homePen": 0.10853,
        "awayReg": 0.30687,
        "awayET": 0.07052,
        "awayPen": 0.11512
      },
      "delta": {
        "homeReg": -0.00754,
        "homeET": -0.00472,
        "homePen": -0.00013,
        "awayReg": 0.0075,
        "awayET": 0.00469,
        "awayPen": 0.0002
      }
    },
    {
      "stageCode": "LAST_32",
      "home": "Colombia",
      "away": "Ghana",
      "knockout": true,
      "odds": {
        "homeReg": 0.48253,
        "homeET": 0.14169,
        "homePen": 0.09995,
        "awayReg": 0.16405,
        "awayET": 0.02315,
        "awayPen": 0.08864
      },
      "base": {
        "homeReg": 0.49645,
        "homeET": 0.1456,
        "homePen": 0.09662,
        "awayReg": 0.15391,
        "awayET": 0.02206,
        "awayPen": 0.08536
      },
      "delta": {
        "homeReg": -0.01392,
        "homeET": -0.00391,
        "homePen": 0.00333,
        "awayReg": 0.01014,
        "awayET": 0.00109,
        "awayPen": 0.00328
      }
    },
    {
      "stageCode": "LAST_32",
      "home": "Portugal",
      "away": "Croatia",
      "knockout": true,
      "odds": {
        "homeReg": 0.50994,
        "homeET": 0.14749,
        "homePen": 0.08342,
        "awayReg": 0.15498,
        "awayET": 0.0215,
        "awayPen": 0.08267
      },
      "base": {
        "homeReg": 0.50389,
        "homeET": 0.14644,
        "homePen": 0.0848,
        "awayReg": 0.15918,
        "awayET": 0.02187,
        "awayPen": 0.08382
      },
      "delta": {
        "homeReg": 0.00605,
        "homeET": 0.00105,
        "homePen": -0.00138,
        "awayReg": -0.0042,
        "awayET": -0.00037,
        "awayPen": -0.00115
      }
    },
    {
      "stageCode": "LAST_32",
      "home": "Spain",
      "away": "Austria",
      "knockout": true,
      "odds": {
        "homeReg": 0.62411,
        "homeET": 0.15007,
        "homePen": 0.06562,
        "awayReg": 0.09187,
        "awayET": 0.0133,
        "awayPen": 0.05504
      },
      "base": {
        "homeReg": 0.60974,
        "homeET": 0.14944,
        "homePen": 0.06932,
        "awayReg": 0.09964,
        "awayET": 0.01431,
        "awayPen": 0.05754
      },
      "delta": {
        "homeReg": 0.01437,
        "homeET": 0.00063,
        "homePen": -0.0037,
        "awayReg": -0.00777,
        "awayET": -0.00101,
        "awayPen": -0.0025
      }
    },
    {
      "stageCode": "LAST_32",
      "home": "Switzerland",
      "away": "Algeria",
      "knockout": true,
      "odds": {
        "homeReg": 0.42256,
        "homeET": 0.12028,
        "homePen": 0.10562,
        "awayReg": 0.22611,
        "awayET": 0.03769,
        "awayPen": 0.08773
      },
      "base": {
        "homeReg": 0.41276,
        "homeET": 0.11596,
        "homePen": 0.10742,
        "awayReg": 0.2332,
        "awayET": 0.04148,
        "awayPen": 0.08917
      },
      "delta": {
        "homeReg": 0.0098,
        "homeET": 0.00432,
        "homePen": -0.0018,
        "awayReg": -0.00709,
        "awayET": -0.00379,
        "awayPen": -0.00144
      }
    },
    {
      "stageCode": "LAST_32",
      "home": "United States",
      "away": "Bosnia and Herzegovina",
      "knockout": true,
      "odds": {
        "homeReg": 0.4986,
        "homeET": 0.14078,
        "homePen": 0.09015,
        "awayReg": 0.17159,
        "awayET": 0.02255,
        "awayPen": 0.07631
      },
      "base": {
        "homeReg": 0.48867,
        "homeET": 0.13836,
        "homePen": 0.09301,
        "awayReg": 0.17821,
        "awayET": 0.02355,
        "awayPen": 0.0782
      },
      "delta": {
        "homeReg": 0.00993,
        "homeET": 0.00242,
        "homePen": -0.00286,
        "awayReg": -0.00662,
        "awayET": -0.001,
        "awayPen": -0.00189
      }
    }
  ]
}