{
  "generated": "2026-07-03T23:37:19.527603Z",
  "sims": 1000000,
  "games": [
    {
      "stageCode": "LAST_16",
      "home": "Brazil",
      "away": "Norway",
      "knockout": true,
      "odds": {
        "homeReg": 0.4693,
        "homeET": 0.13367,
        "homePen": 0.09298,
        "awayReg": 0.19123,
        "awayET": 0.02669,
        "awayPen": 0.08613
      },
      "base": {
        "homeReg": 0.46957,
        "homeET": 0.13609,
        "homePen": 0.09259,
        "awayReg": 0.18949,
        "awayET": 0.0256,
        "awayPen": 0.08665
      },
      "delta": {
        "homeReg": -0.00027,
        "homeET": -0.00242,
        "homePen": 0.00039,
        "awayReg": 0.00174,
        "awayET": 0.00109,
        "awayPen": -0.00052
      }
    },
    {
      "stageCode": "LAST_16",
      "home": "Canada",
      "away": "Morocco",
      "knockout": true,
      "odds": {
        "homeReg": 0.16541,
        "homeET": 0.02249,
        "homePen": 0.07874,
        "awayReg": 0.49812,
        "awayET": 0.14295,
        "awayPen": 0.09227
      },
      "base": {
        "homeReg": 0.16953,
        "homeET": 0.02305,
        "homePen": 0.07984,
        "awayReg": 0.49211,
        "awayET": 0.14275,
        "awayPen": 0.09273
      },
      "delta": {
        "homeReg": -0.00412,
        "homeET": -0.00056,
        "homePen": -0.0011,
        "awayReg": 0.00601,
        "awayET": 0.0002,
        "awayPen": -0.00046
      }
    },
    {
      "stageCode": "LAST_16",
      "home": "Mexico",
      "away": "England",
      "knockout": true,
      "odds": {
        "homeReg": 0.2813,
        "homeET": 0.06381,
        "homePen": 0.11189,
        "awayReg": 0.35045,
        "awayET": 0.08925,
        "awayPen": 0.10331
      },
      "base": {
        "homeReg": 0.28305,
        "homeET": 0.0662,
        "homePen": 0.11253,
        "awayReg": 0.34603,
        "awayET": 0.08937,
        "awayPen": 0.10282
      },
      "delta": {
        "homeReg": -0.00175,
        "homeET": -0.00239,
        "homePen": -0.00064,
        "awayReg": 0.00442,
        "awayET": -0.00012,
        "awayPen": 0.00049
      }
    },
    {
      "stageCode": "LAST_16",
      "home": "Paraguay",
      "away": "France",
      "knockout": true,
      "odds": {
        "homeReg": 0.03106,
        "homeET": 0.00588,
        "homePen": 0.02817,
        "awayReg": 0.77321,
        "awayET": 0.12808,
        "awayPen": 0.03359
      },
      "base": {
        "homeReg": 0.03474,
        "homeET": 0.00615,
        "homePen": 0.02919,
        "awayReg": 0.76418,
        "awayET": 0.12871,
        "awayPen": 0.03703
      },
      "delta": {
        "homeReg": -0.00368,
        "homeET": -0.00027,
        "homePen": -0.00102,
        "awayReg": 0.00903,
        "awayET": -0.00063,
        "awayPen": -0.00344
      }
    },
    {
      "stageCode": "LAST_16",
      "home": "Portugal",
      "away": "Spain",
      "knockout": true,
      "odds": {
        "homeReg": 0.25499,
        "homeET": 0.05374,
        "homePen": 0.10527,
        "awayReg": 0.37183,
        "awayET": 0.10341,
        "awayPen": 0.11077
      },
      "base": {
        "homeReg": 0.24943,
        "homeET": 0.04965,
        "homePen": 0.10497,
        "awayReg": 0.38055,
        "awayET": 0.10483,
        "awayPen": 0.11057
      },
      "delta": {
        "homeReg": 0.00556,
        "homeET": 0.00409,
        "homePen": 0.0003,
        "awayReg": -0.00872,
        "awayET": -0.00142,
        "awayPen": 0.0002
      }
    },
    {
      "stageCode": "LAST_16",
      "home": "United States",
      "away": "Belgium",
      "knockout": true,
      "odds": {
        "homeReg": 0.3681,
        "homeET": 0.10608,
        "homePen": 0.1049,
        "awayReg": 0.27018,
        "awayET": 0.04893,
        "awayPen": 0.10182
      },
      "base": {
        "homeReg": 0.36393,
        "homeET": 0.106,
        "homePen": 0.10476,
        "awayReg": 0.27295,
        "awayET": 0.05017,
        "awayPen": 0.10219
      },
      "delta": {
        "homeReg": 0.00417,
        "homeET": 8e-05,
        "homePen": 0.00014,
        "awayReg": -0.00277,
        "awayET": -0.00124,
        "awayPen": -0.00037
      }
    },
    {
      "stageCode": "LAST_32",
      "home": "Argentina",
      "away": "Cabo Verde",
      "knockout": true,
      "odds": {
        "homeReg": 0.70474,
        "homeET": 0.14255,
        "homePen": 0.05212,
        "awayReg": 0.05363,
        "awayET": 0.00814,
        "awayPen": 0.03883
      },
      "base": {
        "homeReg": 0.72237,
        "homeET": 0.13908,
        "homePen": 0.04827,
        "awayReg": 0.04679,
        "awayET": 0.00745,
        "awayPen": 0.03605
      },
      "delta": {
        "homeReg": -0.01763,
        "homeET": 0.00347,
        "homePen": 0.00385,
        "awayReg": 0.00684,
        "awayET": 0.00069,
        "awayPen": 0.00278
      }
    },
    {
      "stageCode": "LAST_32",
      "home": "Colombia",
      "away": "Ghana",
      "knockout": true,
      "odds": {
        "homeReg": 0.55022,
        "homeET": 0.15179,
        "homePen": 0.08581,
        "awayReg": 0.1205,
        "awayET": 0.01834,
        "awayPen": 0.07334
      },
      "base": {
        "homeReg": 0.54917,
        "homeET": 0.15031,
        "homePen": 0.08576,
        "awayReg": 0.12269,
        "awayET": 0.01865,
        "awayPen": 0.07343
      },
      "delta": {
        "homeReg": 0.00105,
        "homeET": 0.00148,
        "homePen": 5e-05,
        "awayReg": -0.00219,
        "awayET": -0.00031,
        "awayPen": -9e-05
      }
    }
  ]
}