{
  "generated": "2026-07-14T11:57:29.126910Z",
  "sims": 1000000,
  "games": [
    {
      "stageCode": "SEMI_FINALS",
      "home": "England",
      "away": "Argentina",
      "knockout": true,
      "odds": {
        "homeReg": 0.31707,
        "homeET": 0.08883,
        "homePen": 0.09979,
        "awayReg": 0.32249,
        "awayET": 0.06529,
        "awayPen": 0.10651
      },
      "base": {
        "homeReg": 0.31668,
        "homeET": 0.0883,
        "homePen": 0.1,
        "awayReg": 0.32293,
        "awayET": 0.06555,
        "awayPen": 0.10654
      },
      "delta": {
        "homeReg": 0.00039,
        "homeET": 0.00053,
        "homePen": -0.00021,
        "awayReg": -0.00044,
        "awayET": -0.00026,
        "awayPen": -3e-05
      }
    },
    {
      "stageCode": "SEMI_FINALS",
      "home": "France",
      "away": "Spain",
      "knockout": true,
      "odds": {
        "homeReg": 0.36971,
        "homeET": 0.10552,
        "homePen": 0.11156,
        "awayReg": 0.26144,
        "awayET": 0.04981,
        "awayPen": 0.10196
      },
      "base": {
        "homeReg": 0.37277,
        "homeET": 0.10744,
        "homePen": 0.11121,
        "awayReg": 0.25899,
        "awayET": 0.04793,
        "awayPen": 0.10167
      },
      "delta": {
        "homeReg": -0.00306,
        "homeET": -0.00192,
        "homePen": 0.00035,
        "awayReg": 0.00245,
        "awayET": 0.00188,
        "awayPen": 0.00029
      }
    }
  ]
}