{
  "generated": "2026-07-15T17:50:18.065883Z",
  "sims": 1000000,
  "games": [
    {
      "stageCode": "SEMI_FINALS",
      "home": "England",
      "away": "Argentina",
      "knockout": true,
      "odds": {
        "homeReg": 0.3103,
        "homeET": 0.08271,
        "homePen": 0.10096,
        "awayReg": 0.33037,
        "awayET": 0.06812,
        "awayPen": 0.10754
      },
      "base": {
        "homeReg": 0.31282,
        "homeET": 0.08417,
        "homePen": 0.101,
        "awayReg": 0.32794,
        "awayET": 0.06625,
        "awayPen": 0.10782
      },
      "delta": {
        "homeReg": -0.00252,
        "homeET": -0.00146,
        "homePen": -4e-05,
        "awayReg": 0.00243,
        "awayET": 0.00187,
        "awayPen": -0.00028
      }
    }
  ]
}