{
  "generated": "2026-06-28T18:45:15.758447Z",
  "sims": 1000000,
  "games": [
    {
      "stageCode": "LAST_32",
      "home": "Belgium",
      "away": "Senegal",
      "knockout": true,
      "odds": {
        "homeReg": 0.39394,
        "homeET": 0.1117,
        "homePen": 0.12517,
        "awayReg": 0.24701,
        "awayET": 0.04547,
        "awayPen": 0.07672
      },
      "base": {
        "homeReg": 0.39089,
        "homeET": 0.11038,
        "homePen": 0.12458,
        "awayReg": 0.24941,
        "awayET": 0.0468,
        "awayPen": 0.07794
      },
      "delta": {
        "homeReg": 0.00305,
        "homeET": 0.00132,
        "homePen": 0.00059,
        "awayReg": -0.0024,
        "awayET": -0.00133,
        "awayPen": -0.00122
      }
    },
    {
      "stageCode": "LAST_32",
      "home": "Brazil",
      "away": "Japan",
      "knockout": true,
      "odds": {
        "homeReg": 0.45553,
        "homeET": 0.13521,
        "homePen": 0.13212,
        "awayReg": 0.19671,
        "awayET": 0.02627,
        "awayPen": 0.05418
      },
      "base": {
        "homeReg": 0.46161,
        "homeET": 0.1374,
        "homePen": 0.13215,
        "awayReg": 0.19145,
        "awayET": 0.02586,
        "awayPen": 0.05152
      },
      "delta": {
        "homeReg": -0.00608,
        "homeET": -0.00219,
        "homePen": -3e-05,
        "awayReg": 0.00526,
        "awayET": 0.00041,
        "awayPen": 0.00266
      }
    },
    {
      "stageCode": "LAST_32",
      "home": "Côte d'Ivoire",
      "away": "Norway",
      "knockout": true,
      "odds": {
        "homeReg": 0.21476,
        "homeET": 0.02803,
        "homePen": 0.0553,
        "awayReg": 0.43175,
        "awayET": 0.13303,
        "awayPen": 0.13712
      },
      "base": {
        "homeReg": 0.21841,
        "homeET": 0.02841,
        "homePen": 0.0571,
        "awayReg": 0.42723,
        "awayET": 0.13184,
        "awayPen": 0.137
      },
      "delta": {
        "homeReg": -0.00365,
        "homeET": -0.00038,
        "homePen": -0.0018,
        "awayReg": 0.00452,
        "awayET": 0.00119,
        "awayPen": 0.00012
      }
    },
    {
      "stageCode": "LAST_32",
      "home": "England",
      "away": "DR Congo",
      "knockout": true,
      "odds": {
        "homeReg": 0.56771,
        "homeET": 0.15066,
        "homePen": 0.11956,
        "awayReg": 0.11938,
        "awayET": 0.01737,
        "awayPen": 0.02533
      },
      "base": {
        "homeReg": 0.5701,
        "homeET": 0.15096,
        "homePen": 0.11903,
        "awayReg": 0.11776,
        "awayET": 0.01715,
        "awayPen": 0.02501
      },
      "delta": {
        "homeReg": -0.00239,
        "homeET": -0.0003,
        "homePen": 0.00053,
        "awayReg": 0.00162,
        "awayET": 0.00022,
        "awayPen": 0.00032
      }
    },
    {
      "stageCode": "LAST_32",
      "home": "France",
      "away": "Sweden",
      "knockout": true,
      "odds": {
        "homeReg": 0.7442,
        "homeET": 0.13234,
        "homePen": 0.06627,
        "awayReg": 0.04531,
        "awayET": 0.00707,
        "awayPen": 0.00482
      },
      "base": {
        "homeReg": 0.74957,
        "homeET": 0.1308,
        "homePen": 0.06492,
        "awayReg": 0.04343,
        "awayET": 0.00681,
        "awayPen": 0.00447
      },
      "delta": {
        "homeReg": -0.00537,
        "homeET": 0.00154,
        "homePen": 0.00135,
        "awayReg": 0.00188,
        "awayET": 0.00026,
        "awayPen": 0.00035
      }
    },
    {
      "stageCode": "LAST_32",
      "home": "Germany",
      "away": "Paraguay",
      "knockout": true,
      "odds": {
        "homeReg": 0.59578,
        "homeET": 0.15125,
        "homePen": 0.11156,
        "awayReg": 0.10636,
        "awayET": 0.0157,
        "awayPen": 0.01936
      },
      "base": {
        "homeReg": 0.6032,
        "homeET": 0.15152,
        "homePen": 0.10992,
        "awayReg": 0.10242,
        "awayET": 0.01511,
        "awayPen": 0.01783
      },
      "delta": {
        "homeReg": -0.00742,
        "homeET": -0.00027,
        "homePen": 0.00164,
        "awayReg": 0.00394,
        "awayET": 0.00059,
        "awayPen": 0.00153
      }
    },
    {
      "stageCode": "LAST_32",
      "home": "Mexico",
      "away": "Ecuador",
      "knockout": true,
      "odds": {
        "homeReg": 0.46385,
        "homeET": 0.13787,
        "homePen": 0.13769,
        "awayReg": 0.1808,
        "awayET": 0.02527,
        "awayPen": 0.05451
      },
      "base": {
        "homeReg": 0.45014,
        "homeET": 0.13528,
        "homePen": 0.13742,
        "awayReg": 0.19002,
        "awayET": 0.02645,
        "awayPen": 0.06067
      },
      "delta": {
        "homeReg": 0.01371,
        "homeET": 0.00259,
        "homePen": 0.00027,
        "awayReg": -0.00922,
        "awayET": -0.00118,
        "awayPen": -0.00616
      }
    },
    {
      "stageCode": "LAST_32",
      "home": "Netherlands",
      "away": "Morocco",
      "knockout": true,
      "odds": {
        "homeReg": 0.43316,
        "homeET": 0.13041,
        "homePen": 0.13007,
        "awayReg": 0.21837,
        "awayET": 0.03017,
        "awayPen": 0.05783
      },
      "base": {
        "homeReg": 0.41923,
        "homeET": 0.12392,
        "homePen": 0.12882,
        "awayReg": 0.22916,
        "awayET": 0.03525,
        "awayPen": 0.06362
      },
      "delta": {
        "homeReg": 0.01393,
        "homeET": 0.00649,
        "homePen": 0.00125,
        "awayReg": -0.01079,
        "awayET": -0.00508,
        "awayPen": -0.00579
      }
    },
    {
      "stageCode": "LAST_32",
      "home": "South Africa",
      "away": "Canada",
      "knockout": true,
      "odds": {
        "homeReg": 0.23974,
        "homeET": 0.04736,
        "homePen": 0.08511,
        "awayReg": 0.39641,
        "awayET": 0.10602,
        "awayPen": 0.12538
      },
      "base": {
        "homeReg": 0.27948,
        "homeET": 0.06655,
        "homePen": 0.1067,
        "awayReg": 0.35322,
        "awayET": 0.08367,
        "awayPen": 0.11038
      },
      "delta": {
        "homeReg": -0.03974,
        "homeET": -0.01919,
        "homePen": -0.02159,
        "awayReg": 0.04319,
        "awayET": 0.02235,
        "awayPen": 0.015
      }
    },
    {
      "stageCode": "LAST_32",
      "home": "United States",
      "away": "Bosnia and Herzegovina",
      "knockout": true,
      "odds": {
        "homeReg": 0.48852,
        "homeET": 0.13857,
        "homePen": 0.12214,
        "awayReg": 0.17811,
        "awayET": 0.02342,
        "awayPen": 0.04924
      },
      "base": {
        "homeReg": 0.48411,
        "homeET": 0.13714,
        "homePen": 0.12197,
        "awayReg": 0.18213,
        "awayET": 0.02376,
        "awayPen": 0.0509
      },
      "delta": {
        "homeReg": 0.00441,
        "homeET": 0.00143,
        "homePen": 0.00017,
        "awayReg": -0.00402,
        "awayET": -0.00034,
        "awayPen": -0.00166
      }
    }
  ]
}