{
  "generated": "2026-07-04T19:48:54.063144Z",
  "sims": 1000000,
  "games": [
    {
      "stageCode": "LAST_16",
      "home": "Argentina",
      "away": "Egypt",
      "knockout": true,
      "odds": {
        "homeReg": 0.68683,
        "homeET": 0.14317,
        "homePen": 0.0494,
        "awayReg": 0.06463,
        "awayET": 0.00963,
        "awayPen": 0.04634
      },
      "base": {
        "homeReg": 0.68324,
        "homeET": 0.14338,
        "homePen": 0.05015,
        "awayReg": 0.0662,
        "awayET": 0.00989,
        "awayPen": 0.04715
      },
      "delta": {
        "homeReg": 0.00359,
        "homeET": -0.00021,
        "homePen": -0.00075,
        "awayReg": -0.00157,
        "awayET": -0.00026,
        "awayPen": -0.00081
      }
    },
    {
      "stageCode": "LAST_16",
      "home": "Brazil",
      "away": "Norway",
      "knockout": true,
      "odds": {
        "homeReg": 0.47271,
        "homeET": 0.13499,
        "homePen": 0.09323,
        "awayReg": 0.18879,
        "awayET": 0.02477,
        "awayPen": 0.08551
      },
      "base": {
        "homeReg": 0.46507,
        "homeET": 0.13193,
        "homePen": 0.09405,
        "awayReg": 0.19521,
        "awayET": 0.02722,
        "awayPen": 0.0865
      },
      "delta": {
        "homeReg": 0.00764,
        "homeET": 0.00306,
        "homePen": -0.00082,
        "awayReg": -0.00642,
        "awayET": -0.00245,
        "awayPen": -0.00099
      }
    },
    {
      "stageCode": "LAST_16",
      "home": "Mexico",
      "away": "England",
      "knockout": true,
      "odds": {
        "homeReg": 0.28616,
        "homeET": 0.06768,
        "homePen": 0.11245,
        "awayReg": 0.3463,
        "awayET": 0.08588,
        "awayPen": 0.10153
      },
      "base": {
        "homeReg": 0.28732,
        "homeET": 0.06827,
        "homePen": 0.11262,
        "awayReg": 0.34486,
        "awayET": 0.08527,
        "awayPen": 0.10167
      },
      "delta": {
        "homeReg": -0.00116,
        "homeET": -0.00059,
        "homePen": -0.00017,
        "awayReg": 0.00144,
        "awayET": 0.00061,
        "awayPen": -0.00014
      }
    },
    {
      "stageCode": "LAST_16",
      "home": "Paraguay",
      "away": "France",
      "knockout": true,
      "odds": {
        "homeReg": 0.02667,
        "homeET": 0.00505,
        "homePen": 0.02621,
        "awayReg": 0.78619,
        "awayET": 0.12448,
        "awayPen": 0.0314
      },
      "base": {
        "homeReg": 0.03698,
        "homeET": 0.00632,
        "homePen": 0.0303,
        "awayReg": 0.75623,
        "awayET": 0.13271,
        "awayPen": 0.03746
      },
      "delta": {
        "homeReg": -0.01031,
        "homeET": -0.00127,
        "homePen": -0.00409,
        "awayReg": 0.02996,
        "awayET": -0.00823,
        "awayPen": -0.00606
      }
    },
    {
      "stageCode": "LAST_16",
      "home": "Portugal",
      "away": "Spain",
      "knockout": true,
      "odds": {
        "homeReg": 0.25665,
        "homeET": 0.05285,
        "homePen": 0.10492,
        "awayReg": 0.3727,
        "awayET": 0.10153,
        "awayPen": 0.11135
      },
      "base": {
        "homeReg": 0.25527,
        "homeET": 0.0521,
        "homePen": 0.10459,
        "awayReg": 0.37412,
        "awayET": 0.1026,
        "awayPen": 0.11131
      },
      "delta": {
        "homeReg": 0.00138,
        "homeET": 0.00075,
        "homePen": 0.00033,
        "awayReg": -0.00142,
        "awayET": -0.00107,
        "awayPen": 4e-05
      }
    },
    {
      "stageCode": "LAST_16",
      "home": "Switzerland",
      "away": "Colombia",
      "knockout": true,
      "odds": {
        "homeReg": 0.24954,
        "homeET": 0.04481,
        "homePen": 0.10776,
        "awayReg": 0.37942,
        "awayET": 0.11182,
        "awayPen": 0.10665
      },
      "base": {
        "homeReg": 0.24836,
        "homeET": 0.04414,
        "homePen": 0.10755,
        "awayReg": 0.38117,
        "awayET": 0.11248,
        "awayPen": 0.1063
      },
      "delta": {
        "homeReg": 0.00118,
        "homeET": 0.00067,
        "homePen": 0.00021,
        "awayReg": -0.00175,
        "awayET": -0.00066,
        "awayPen": 0.00035
      }
    },
    {
      "stageCode": "LAST_16",
      "home": "United States",
      "away": "Belgium",
      "knockout": true,
      "odds": {
        "homeReg": 0.36823,
        "homeET": 0.10899,
        "homePen": 0.10447,
        "awayReg": 0.26934,
        "awayET": 0.04789,
        "awayPen": 0.10108
      },
      "base": {
        "homeReg": 0.3638,
        "homeET": 0.10647,
        "homePen": 0.10558,
        "awayReg": 0.27292,
        "awayET": 0.04933,
        "awayPen": 0.1019
      },
      "delta": {
        "homeReg": 0.00443,
        "homeET": 0.00252,
        "homePen": -0.00111,
        "awayReg": -0.00358,
        "awayET": -0.00144,
        "awayPen": -0.00082
      }
    }
  ]
}