{
  "generated": "2026-07-05T09:31:35.169535Z",
  "sims": 1000000,
  "games": [
    {
      "stageCode": "LAST_16",
      "home": "Argentina",
      "away": "Egypt",
      "knockout": true,
      "odds": {
        "homeReg": 0.69188,
        "homeET": 0.14381,
        "homePen": 0.04811,
        "awayReg": 0.06175,
        "awayET": 0.00979,
        "awayPen": 0.04467
      },
      "base": {
        "homeReg": 0.67973,
        "homeET": 0.14524,
        "homePen": 0.05108,
        "awayReg": 0.06707,
        "awayET": 0.01014,
        "awayPen": 0.04673
      },
      "delta": {
        "homeReg": 0.01215,
        "homeET": -0.00143,
        "homePen": -0.00297,
        "awayReg": -0.00532,
        "awayET": -0.00035,
        "awayPen": -0.00206
      }
    },
    {
      "stageCode": "LAST_16",
      "home": "Brazil",
      "away": "Norway",
      "knockout": true,
      "odds": {
        "homeReg": 0.47334,
        "homeET": 0.13644,
        "homePen": 0.09233,
        "awayReg": 0.1874,
        "awayET": 0.02459,
        "awayPen": 0.08591
      },
      "base": {
        "homeReg": 0.47626,
        "homeET": 0.13699,
        "homePen": 0.09165,
        "awayReg": 0.18549,
        "awayET": 0.02442,
        "awayPen": 0.08518
      },
      "delta": {
        "homeReg": -0.00292,
        "homeET": -0.00055,
        "homePen": 0.00068,
        "awayReg": 0.00191,
        "awayET": 0.00017,
        "awayPen": 0.00073
      }
    },
    {
      "stageCode": "LAST_16",
      "home": "Mexico",
      "away": "England",
      "knockout": true,
      "odds": {
        "homeReg": 0.28224,
        "homeET": 0.06573,
        "homePen": 0.1131,
        "awayReg": 0.34962,
        "awayET": 0.08795,
        "awayPen": 0.10138
      },
      "base": {
        "homeReg": 0.28473,
        "homeET": 0.06714,
        "homePen": 0.11313,
        "awayReg": 0.34701,
        "awayET": 0.08643,
        "awayPen": 0.10157
      },
      "delta": {
        "homeReg": -0.00249,
        "homeET": -0.00141,
        "homePen": -3e-05,
        "awayReg": 0.00261,
        "awayET": 0.00152,
        "awayPen": -0.00019
      }
    },
    {
      "stageCode": "LAST_16",
      "home": "Portugal",
      "away": "Spain",
      "knockout": true,
      "odds": {
        "homeReg": 0.25075,
        "homeET": 0.05082,
        "homePen": 0.10422,
        "awayReg": 0.38051,
        "awayET": 0.10388,
        "awayPen": 0.10981
      },
      "base": {
        "homeReg": 0.2527,
        "homeET": 0.05189,
        "homePen": 0.10441,
        "awayReg": 0.37822,
        "awayET": 0.10271,
        "awayPen": 0.11008
      },
      "delta": {
        "homeReg": -0.00195,
        "homeET": -0.00107,
        "homePen": -0.00019,
        "awayReg": 0.00229,
        "awayET": 0.00117,
        "awayPen": -0.00027
      }
    },
    {
      "stageCode": "LAST_16",
      "home": "Switzerland",
      "away": "Colombia",
      "knockout": true,
      "odds": {
        "homeReg": 0.22896,
        "homeET": 0.03442,
        "homePen": 0.10394,
        "awayReg": 0.40408,
        "awayET": 0.12587,
        "awayPen": 0.10275
      },
      "base": {
        "homeReg": 0.23312,
        "homeET": 0.03617,
        "homePen": 0.10451,
        "awayReg": 0.39959,
        "awayET": 0.12327,
        "awayPen": 0.10333
      },
      "delta": {
        "homeReg": -0.00416,
        "homeET": -0.00175,
        "homePen": -0.00057,
        "awayReg": 0.00449,
        "awayET": 0.0026,
        "awayPen": -0.00058
      }
    },
    {
      "stageCode": "LAST_16",
      "home": "United States",
      "away": "Belgium",
      "knockout": true,
      "odds": {
        "homeReg": 0.3689,
        "homeET": 0.10798,
        "homePen": 0.10429,
        "awayReg": 0.26936,
        "awayET": 0.04855,
        "awayPen": 0.10092
      },
      "base": {
        "homeReg": 0.37086,
        "homeET": 0.10944,
        "homePen": 0.10411,
        "awayReg": 0.26733,
        "awayET": 0.04768,
        "awayPen": 0.10058
      },
      "delta": {
        "homeReg": -0.00196,
        "homeET": -0.00146,
        "homePen": 0.00018,
        "awayReg": 0.00203,
        "awayET": 0.00087,
        "awayPen": 0.00034
      }
    },
    {
      "stageCode": "QUARTER_FINALS",
      "home": "France",
      "away": "Morocco",
      "knockout": true,
      "odds": {
        "homeReg": 0.57762,
        "homeET": 0.15197,
        "homePen": 0.0686,
        "awayReg": 0.1157,
        "awayET": 0.01728,
        "awayPen": 0.06882
      },
      "base": {
        "homeReg": 0.57746,
        "homeET": 0.15199,
        "homePen": 0.06857,
        "awayReg": 0.11593,
        "awayET": 0.01735,
        "awayPen": 0.06871
      },
      "delta": {
        "homeReg": 0.00016,
        "homeET": -2e-05,
        "homePen": 3e-05,
        "awayReg": -0.00023,
        "awayET": -7e-05,
        "awayPen": 0.00011
      }
    }
  ]
}