{
  "generated": "2026-06-28T14:26:56.432274Z",
  "sims": 1000000,
  "games": [
    {
      "stageCode": "LAST_32",
      "home": "Belgium",
      "away": "Senegal",
      "knockout": true,
      "odds": {
        "homeReg": 0.38488,
        "homeET": 0.1069,
        "homePen": 0.12418,
        "awayReg": 0.25435,
        "awayET": 0.0495,
        "awayPen": 0.08019
      },
      "base": {
        "homeReg": 0.39446,
        "homeET": 0.11228,
        "homePen": 0.12537,
        "awayReg": 0.24639,
        "awayET": 0.04505,
        "awayPen": 0.07644
      },
      "delta": {
        "homeReg": -0.00958,
        "homeET": -0.00538,
        "homePen": -0.00119,
        "awayReg": 0.00796,
        "awayET": 0.00445,
        "awayPen": 0.00375
      }
    },
    {
      "stageCode": "LAST_32",
      "home": "Brazil",
      "away": "Japan",
      "knockout": true,
      "odds": {
        "homeReg": 0.46551,
        "homeET": 0.13849,
        "homePen": 0.13155,
        "awayReg": 0.18884,
        "awayET": 0.0255,
        "awayPen": 0.05012
      },
      "base": {
        "homeReg": 0.46325,
        "homeET": 0.13781,
        "homePen": 0.13199,
        "awayReg": 0.19026,
        "awayET": 0.02575,
        "awayPen": 0.05094
      },
      "delta": {
        "homeReg": 0.00226,
        "homeET": 0.00068,
        "homePen": -0.00044,
        "awayReg": -0.00142,
        "awayET": -0.00025,
        "awayPen": -0.00082
      }
    },
    {
      "stageCode": "LAST_32",
      "home": "Côte d'Ivoire",
      "away": "Norway",
      "knockout": true,
      "odds": {
        "homeReg": 0.22464,
        "homeET": 0.02983,
        "homePen": 0.06039,
        "awayReg": 0.41998,
        "awayET": 0.12898,
        "awayPen": 0.13619
      },
      "base": {
        "homeReg": 0.20817,
        "homeET": 0.02727,
        "homePen": 0.05139,
        "awayReg": 0.43999,
        "awayET": 0.13609,
        "awayPen": 0.13709
      },
      "delta": {
        "homeReg": 0.01647,
        "homeET": 0.00256,
        "homePen": 0.009,
        "awayReg": -0.02001,
        "awayET": -0.00711,
        "awayPen": -0.0009
      }
    },
    {
      "stageCode": "LAST_32",
      "home": "England",
      "away": "DR Congo",
      "knockout": true,
      "odds": {
        "homeReg": 0.565,
        "homeET": 0.15031,
        "homePen": 0.11991,
        "awayReg": 0.12111,
        "awayET": 0.01759,
        "awayPen": 0.02608
      },
      "base": {
        "homeReg": 0.55925,
        "homeET": 0.14993,
        "homePen": 0.12029,
        "awayReg": 0.12481,
        "awayET": 0.01794,
        "awayPen": 0.02777
      },
      "delta": {
        "homeReg": 0.00575,
        "homeET": 0.00038,
        "homePen": -0.00038,
        "awayReg": -0.0037,
        "awayET": -0.00035,
        "awayPen": -0.00169
      }
    },
    {
      "stageCode": "LAST_32",
      "home": "France",
      "away": "Sweden",
      "knockout": true,
      "odds": {
        "homeReg": 0.74482,
        "homeET": 0.13223,
        "homePen": 0.06615,
        "awayReg": 0.04501,
        "awayET": 0.00702,
        "awayPen": 0.00477
      },
      "base": {
        "homeReg": 0.74316,
        "homeET": 0.13233,
        "homePen": 0.0666,
        "awayReg": 0.04589,
        "awayET": 0.00714,
        "awayPen": 0.00488
      },
      "delta": {
        "homeReg": 0.00166,
        "homeET": -0.0001,
        "homePen": -0.00045,
        "awayReg": -0.00088,
        "awayET": -0.00012,
        "awayPen": -0.00011
      }
    },
    {
      "stageCode": "LAST_32",
      "home": "Germany",
      "away": "Paraguay",
      "knockout": true,
      "odds": {
        "homeReg": 0.59886,
        "homeET": 0.15127,
        "homePen": 0.11117,
        "awayReg": 0.10454,
        "awayET": 0.01543,
        "awayPen": 0.01872
      },
      "base": {
        "homeReg": 0.60823,
        "homeET": 0.15159,
        "homePen": 0.10862,
        "awayReg": 0.09979,
        "awayET": 0.01481,
        "awayPen": 0.01697
      },
      "delta": {
        "homeReg": -0.00937,
        "homeET": -0.00032,
        "homePen": 0.00255,
        "awayReg": 0.00475,
        "awayET": 0.00062,
        "awayPen": 0.00175
      }
    },
    {
      "stageCode": "LAST_32",
      "home": "Mexico",
      "away": "Ecuador",
      "knockout": true,
      "odds": {
        "homeReg": 0.44189,
        "homeET": 0.13062,
        "homePen": 0.13629,
        "awayReg": 0.19623,
        "awayET": 0.0299,
        "awayPen": 0.06506
      },
      "base": {
        "homeReg": 0.44589,
        "homeET": 0.13351,
        "homePen": 0.13715,
        "awayReg": 0.19273,
        "awayET": 0.02805,
        "awayPen": 0.06266
      },
      "delta": {
        "homeReg": -0.004,
        "homeET": -0.00289,
        "homePen": -0.00086,
        "awayReg": 0.0035,
        "awayET": 0.00185,
        "awayPen": 0.0024
      }
    },
    {
      "stageCode": "LAST_32",
      "home": "Netherlands",
      "away": "Morocco",
      "knockout": true,
      "odds": {
        "homeReg": 0.41506,
        "homeET": 0.12247,
        "homePen": 0.12854,
        "awayReg": 0.23224,
        "awayET": 0.03664,
        "awayPen": 0.06507
      },
      "base": {
        "homeReg": 0.41635,
        "homeET": 0.1228,
        "homePen": 0.12859,
        "awayReg": 0.2313,
        "awayET": 0.03617,
        "awayPen": 0.06479
      },
      "delta": {
        "homeReg": -0.00129,
        "homeET": -0.00033,
        "homePen": -5e-05,
        "awayReg": 0.00094,
        "awayET": 0.00047,
        "awayPen": 0.00028
      }
    },
    {
      "stageCode": "LAST_32",
      "home": "South Africa",
      "away": "Canada",
      "knockout": true,
      "odds": {
        "homeReg": 0.26498,
        "homeET": 0.05908,
        "homePen": 0.09924,
        "awayReg": 0.36862,
        "awayET": 0.09184,
        "awayPen": 0.11624
      },
      "base": {
        "homeReg": 0.231,
        "homeET": 0.0431,
        "homePen": 0.07916,
        "awayReg": 0.40692,
        "awayET": 0.11165,
        "awayPen": 0.12815
      },
      "delta": {
        "homeReg": 0.03398,
        "homeET": 0.01598,
        "homePen": 0.02008,
        "awayReg": -0.0383,
        "awayET": -0.01981,
        "awayPen": -0.01191
      }
    },
    {
      "stageCode": "LAST_32",
      "home": "United States",
      "away": "Bosnia and Herzegovina",
      "knockout": true,
      "odds": {
        "homeReg": 0.48485,
        "homeET": 0.13757,
        "homePen": 0.12187,
        "awayReg": 0.18133,
        "awayET": 0.02372,
        "awayPen": 0.05065
      },
      "base": {
        "homeReg": 0.48527,
        "homeET": 0.13764,
        "homePen": 0.12202,
        "awayReg": 0.18094,
        "awayET": 0.02363,
        "awayPen": 0.05049
      },
      "delta": {
        "homeReg": -0.00042,
        "homeET": -7e-05,
        "homePen": -0.00015,
        "awayReg": 0.00039,
        "awayET": 9e-05,
        "awayPen": 0.00016
      }
    }
  ]
}