{
  "generated": "2026-07-03T18:01:54.473688Z",
  "sims": 1000000,
  "games": [
    {
      "stageCode": "LAST_16",
      "home": "Brazil",
      "away": "Norway",
      "knockout": true,
      "odds": {
        "homeReg": 0.46066,
        "homeET": 0.13118,
        "homePen": 0.09447,
        "awayReg": 0.19636,
        "awayET": 0.02898,
        "awayPen": 0.08835
      },
      "base": {
        "homeReg": 0.46452,
        "homeET": 0.13373,
        "homePen": 0.09376,
        "awayReg": 0.19294,
        "awayET": 0.02752,
        "awayPen": 0.08754
      },
      "delta": {
        "homeReg": -0.00386,
        "homeET": -0.00255,
        "homePen": 0.00071,
        "awayReg": 0.00342,
        "awayET": 0.00146,
        "awayPen": 0.00081
      }
    },
    {
      "stageCode": "LAST_16",
      "home": "Canada",
      "away": "Morocco",
      "knockout": true,
      "odds": {
        "homeReg": 0.16717,
        "homeET": 0.02298,
        "homePen": 0.07965,
        "awayReg": 0.49478,
        "awayET": 0.14438,
        "awayPen": 0.09105
      },
      "base": {
        "homeReg": 0.16358,
        "homeET": 0.02265,
        "homePen": 0.07859,
        "awayReg": 0.49984,
        "awayET": 0.14494,
        "awayPen": 0.0904
      },
      "delta": {
        "homeReg": 0.00359,
        "homeET": 0.00033,
        "homePen": 0.00106,
        "awayReg": -0.00506,
        "awayET": -0.00056,
        "awayPen": 0.00065
      }
    },
    {
      "stageCode": "LAST_16",
      "home": "Mexico",
      "away": "England",
      "knockout": true,
      "odds": {
        "homeReg": 0.28188,
        "homeET": 0.06517,
        "homePen": 0.11291,
        "awayReg": 0.34797,
        "awayET": 0.08803,
        "awayPen": 0.10404
      },
      "base": {
        "homeReg": 0.27979,
        "homeET": 0.06402,
        "homePen": 0.11282,
        "awayReg": 0.34963,
        "awayET": 0.08944,
        "awayPen": 0.1043
      },
      "delta": {
        "homeReg": 0.00209,
        "homeET": 0.00115,
        "homePen": 9e-05,
        "awayReg": -0.00166,
        "awayET": -0.00141,
        "awayPen": -0.00026
      }
    },
    {
      "stageCode": "LAST_16",
      "home": "Paraguay",
      "away": "France",
      "knockout": true,
      "odds": {
        "homeReg": 0.03426,
        "homeET": 0.00611,
        "homePen": 0.0293,
        "awayReg": 0.76587,
        "awayET": 0.12864,
        "awayPen": 0.03583
      },
      "base": {
        "homeReg": 0.03479,
        "homeET": 0.00617,
        "homePen": 0.0297,
        "awayReg": 0.76385,
        "awayET": 0.12928,
        "awayPen": 0.03621
      },
      "delta": {
        "homeReg": -0.00053,
        "homeET": -6e-05,
        "homePen": -0.0004,
        "awayReg": 0.00202,
        "awayET": -0.00064,
        "awayPen": -0.00038
      }
    },
    {
      "stageCode": "LAST_16",
      "home": "Portugal",
      "away": "Spain",
      "knockout": true,
      "odds": {
        "homeReg": 0.25594,
        "homeET": 0.05339,
        "homePen": 0.10399,
        "awayReg": 0.37263,
        "awayET": 0.10168,
        "awayPen": 0.11236
      },
      "base": {
        "homeReg": 0.25501,
        "homeET": 0.05283,
        "homePen": 0.10401,
        "awayReg": 0.37371,
        "awayET": 0.1024,
        "awayPen": 0.11204
      },
      "delta": {
        "homeReg": 0.00093,
        "homeET": 0.00056,
        "homePen": -2e-05,
        "awayReg": -0.00108,
        "awayET": -0.00072,
        "awayPen": 0.00032
      }
    },
    {
      "stageCode": "LAST_16",
      "home": "United States",
      "away": "Belgium",
      "knockout": true,
      "odds": {
        "homeReg": 0.37205,
        "homeET": 0.1111,
        "homePen": 0.10549,
        "awayReg": 0.26508,
        "awayET": 0.04632,
        "awayPen": 0.09996
      },
      "base": {
        "homeReg": 0.36758,
        "homeET": 0.10892,
        "homePen": 0.10565,
        "awayReg": 0.26923,
        "awayET": 0.04843,
        "awayPen": 0.10018
      },
      "delta": {
        "homeReg": 0.00447,
        "homeET": 0.00218,
        "homePen": -0.00016,
        "awayReg": -0.00415,
        "awayET": -0.00211,
        "awayPen": -0.00022
      }
    },
    {
      "stageCode": "LAST_32",
      "home": "Argentina",
      "away": "Cabo Verde",
      "knockout": true,
      "odds": {
        "homeReg": 0.73182,
        "homeET": 0.13644,
        "homePen": 0.04587,
        "awayReg": 0.04408,
        "awayET": 0.00719,
        "awayPen": 0.03459
      },
      "base": {
        "homeReg": 0.72773,
        "homeET": 0.1372,
        "homePen": 0.04689,
        "awayReg": 0.04577,
        "awayET": 0.00734,
        "awayPen": 0.03507
      },
      "delta": {
        "homeReg": 0.00409,
        "homeET": -0.00076,
        "homePen": -0.00102,
        "awayReg": -0.00169,
        "awayET": -0.00015,
        "awayPen": -0.00048
      }
    },
    {
      "stageCode": "LAST_32",
      "home": "Australia",
      "away": "Egypt",
      "knockout": true,
      "odds": {
        "homeReg": 0.27443,
        "homeET": 0.05768,
        "homePen": 0.10665,
        "awayReg": 0.3512,
        "awayET": 0.09458,
        "awayPen": 0.11546
      },
      "base": {
        "homeReg": 0.27528,
        "homeET": 0.05815,
        "homePen": 0.10661,
        "awayReg": 0.3503,
        "awayET": 0.09413,
        "awayPen": 0.11553
      },
      "delta": {
        "homeReg": -0.00085,
        "homeET": -0.00047,
        "homePen": 4e-05,
        "awayReg": 0.0009,
        "awayET": 0.00045,
        "awayPen": -7e-05
      }
    },
    {
      "stageCode": "LAST_32",
      "home": "Colombia",
      "away": "Ghana",
      "knockout": true,
      "odds": {
        "homeReg": 0.542,
        "homeET": 0.15198,
        "homePen": 0.08531,
        "awayReg": 0.12629,
        "awayET": 0.01836,
        "awayPen": 0.07605
      },
      "base": {
        "homeReg": 0.534,
        "homeET": 0.15065,
        "homePen": 0.08725,
        "awayReg": 0.13131,
        "awayET": 0.01905,
        "awayPen": 0.07774
      },
      "delta": {
        "homeReg": 0.008,
        "homeET": 0.00133,
        "homePen": -0.00194,
        "awayReg": -0.00502,
        "awayET": -0.00069,
        "awayPen": -0.00169
      }
    }
  ]
}