{
  "generated": "2026-07-02T14:58:51.017530Z",
  "sims": 1000000,
  "games": [
    {
      "stageCode": "LAST_16",
      "home": "Brazil",
      "away": "Norway",
      "knockout": true,
      "odds": {
        "homeReg": 0.45921,
        "homeET": 0.13057,
        "homePen": 0.09481,
        "awayReg": 0.19762,
        "awayET": 0.02927,
        "awayPen": 0.08851
      },
      "base": {
        "homeReg": 0.46368,
        "homeET": 0.13254,
        "homePen": 0.09413,
        "awayReg": 0.1944,
        "awayET": 0.02769,
        "awayPen": 0.08756
      },
      "delta": {
        "homeReg": -0.00447,
        "homeET": -0.00197,
        "homePen": 0.00068,
        "awayReg": 0.00322,
        "awayET": 0.00158,
        "awayPen": 0.00095
      }
    },
    {
      "stageCode": "LAST_16",
      "home": "Canada",
      "away": "Morocco",
      "knockout": true,
      "odds": {
        "homeReg": 0.16867,
        "homeET": 0.02372,
        "homePen": 0.07961,
        "awayReg": 0.49193,
        "awayET": 0.14378,
        "awayPen": 0.09229
      },
      "base": {
        "homeReg": 0.16173,
        "homeET": 0.02321,
        "homePen": 0.07807,
        "awayReg": 0.50131,
        "awayET": 0.14502,
        "awayPen": 0.09065
      },
      "delta": {
        "homeReg": 0.00694,
        "homeET": 0.00051,
        "homePen": 0.00154,
        "awayReg": -0.00938,
        "awayET": -0.00124,
        "awayPen": 0.00164
      }
    },
    {
      "stageCode": "LAST_16",
      "home": "Mexico",
      "away": "England",
      "knockout": true,
      "odds": {
        "homeReg": 0.27574,
        "homeET": 0.06331,
        "homePen": 0.11223,
        "awayReg": 0.35453,
        "awayET": 0.09152,
        "awayPen": 0.10267
      },
      "base": {
        "homeReg": 0.27921,
        "homeET": 0.06498,
        "homePen": 0.11248,
        "awayReg": 0.35043,
        "awayET": 0.08945,
        "awayPen": 0.10345
      },
      "delta": {
        "homeReg": -0.00347,
        "homeET": -0.00167,
        "homePen": -0.00025,
        "awayReg": 0.0041,
        "awayET": 0.00207,
        "awayPen": -0.00078
      }
    },
    {
      "stageCode": "LAST_16",
      "home": "Paraguay",
      "away": "France",
      "knockout": true,
      "odds": {
        "homeReg": 0.02877,
        "homeET": 0.00544,
        "homePen": 0.0266,
        "awayReg": 0.78066,
        "awayET": 0.12557,
        "awayPen": 0.03296
      },
      "base": {
        "homeReg": 0.03752,
        "homeET": 0.00645,
        "homePen": 0.03136,
        "awayReg": 0.75392,
        "awayET": 0.13278,
        "awayPen": 0.03797
      },
      "delta": {
        "homeReg": -0.00875,
        "homeET": -0.00101,
        "homePen": -0.00476,
        "awayReg": 0.02674,
        "awayET": -0.00721,
        "awayPen": -0.00501
      }
    },
    {
      "stageCode": "LAST_16",
      "home": "United States",
      "away": "Belgium",
      "knockout": true,
      "odds": {
        "homeReg": 0.36158,
        "homeET": 0.105,
        "homePen": 0.10557,
        "awayReg": 0.27582,
        "awayET": 0.05178,
        "awayPen": 0.10025
      },
      "base": {
        "homeReg": 0.35841,
        "homeET": 0.10333,
        "homePen": 0.10555,
        "awayReg": 0.27865,
        "awayET": 0.05326,
        "awayPen": 0.10078
      },
      "delta": {
        "homeReg": 0.00317,
        "homeET": 0.00167,
        "homePen": 2e-05,
        "awayReg": -0.00283,
        "awayET": -0.00148,
        "awayPen": -0.00053
      }
    },
    {
      "stageCode": "LAST_32",
      "home": "Argentina",
      "away": "Cabo Verde",
      "knockout": true,
      "odds": {
        "homeReg": 0.71249,
        "homeET": 0.14095,
        "homePen": 0.05085,
        "awayReg": 0.04999,
        "awayET": 0.00828,
        "awayPen": 0.03744
      },
      "base": {
        "homeReg": 0.71808,
        "homeET": 0.1402,
        "homePen": 0.04958,
        "awayReg": 0.04798,
        "awayET": 0.00792,
        "awayPen": 0.03624
      },
      "delta": {
        "homeReg": -0.00559,
        "homeET": 0.00075,
        "homePen": 0.00127,
        "awayReg": 0.00201,
        "awayET": 0.00036,
        "awayPen": 0.0012
      }
    },
    {
      "stageCode": "LAST_32",
      "home": "Australia",
      "away": "Egypt",
      "knockout": true,
      "odds": {
        "homeReg": 0.3105,
        "homeET": 0.07862,
        "homePen": 0.10849,
        "awayReg": 0.31246,
        "awayET": 0.07483,
        "awayPen": 0.1151
      },
      "base": {
        "homeReg": 0.28031,
        "homeET": 0.07855,
        "homePen": 0.10845,
        "awayReg": 0.31267,
        "awayET": 0.07487,
        "awayPen": 0.11495
      },
      "delta": {
        "homeReg": 0.03019,
        "homeET": 7e-05,
        "homePen": 4e-05,
        "awayReg": -0.00021,
        "awayET": -4e-05,
        "awayPen": 0.00015
      }
    },
    {
      "stageCode": "LAST_32",
      "home": "Colombia",
      "away": "Ghana",
      "knockout": true,
      "odds": {
        "homeReg": 0.54348,
        "homeET": 0.15165,
        "homePen": 0.08568,
        "awayReg": 0.12462,
        "awayET": 0.01884,
        "awayPen": 0.07573
      },
      "base": {
        "homeReg": 0.54807,
        "homeET": 0.15196,
        "homePen": 0.08437,
        "awayReg": 0.12194,
        "awayET": 0.01853,
        "awayPen": 0.07513
      },
      "delta": {
        "homeReg": -0.00459,
        "homeET": -0.00031,
        "homePen": 0.00131,
        "awayReg": 0.00268,
        "awayET": 0.00031,
        "awayPen": 0.0006
      }
    },
    {
      "stageCode": "LAST_32",
      "home": "Portugal",
      "away": "Croatia",
      "knockout": true,
      "odds": {
        "homeReg": 0.53897,
        "homeET": 0.15,
        "homePen": 0.0787,
        "awayReg": 0.13688,
        "awayET": 0.02002,
        "awayPen": 0.07543
      },
      "base": {
        "homeReg": 0.5283,
        "homeET": 0.14886,
        "homePen": 0.08106,
        "awayReg": 0.14352,
        "awayET": 0.021,
        "awayPen": 0.07726
      },
      "delta": {
        "homeReg": 0.01067,
        "homeET": 0.00114,
        "homePen": -0.00236,
        "awayReg": -0.00664,
        "awayET": -0.00098,
        "awayPen": -0.00183
      }
    },
    {
      "stageCode": "LAST_32",
      "home": "Spain",
      "away": "Austria",
      "knockout": true,
      "odds": {
        "homeReg": 0.66541,
        "homeET": 0.14763,
        "homePen": 0.0569,
        "awayReg": 0.07068,
        "awayET": 0.0112,
        "awayPen": 0.04819
      },
      "base": {
        "homeReg": 0.64641,
        "homeET": 0.14929,
        "homePen": 0.06087,
        "awayReg": 0.07927,
        "awayET": 0.01235,
        "awayPen": 0.0518
      },
      "delta": {
        "homeReg": 0.019,
        "homeET": -0.00166,
        "homePen": -0.00397,
        "awayReg": -0.00859,
        "awayET": -0.00115,
        "awayPen": -0.00361
      }
    },
    {
      "stageCode": "LAST_32",
      "home": "Switzerland",
      "away": "Algeria",
      "knockout": true,
      "odds": {
        "homeReg": 0.4635,
        "homeET": 0.13687,
        "homePen": 0.0965,
        "awayReg": 0.19517,
        "awayET": 0.02545,
        "awayPen": 0.0825
      },
      "base": {
        "homeReg": 0.44458,
        "homeET": 0.1307,
        "homePen": 0.10211,
        "awayReg": 0.20839,
        "awayET": 0.02871,
        "awayPen": 0.08551
      },
      "delta": {
        "homeReg": 0.01892,
        "homeET": 0.00617,
        "homePen": -0.00561,
        "awayReg": -0.01322,
        "awayET": -0.00326,
        "awayPen": -0.00301
      }
    }
  ]
}