{
  "generated": "2026-07-15T10:24:01.566030Z",
  "sims": 1000000,
  "games": [
    {
      "stageCode": "SEMI_FINALS",
      "home": "England",
      "away": "Argentina",
      "knockout": true,
      "odds": {
        "homeReg": 0.31236,
        "homeET": 0.084,
        "homePen": 0.10092,
        "awayReg": 0.32853,
        "awayET": 0.06656,
        "awayPen": 0.10763
      },
      "base": {
        "homeReg": 0.30822,
        "homeET": 0.08157,
        "homePen": 0.10096,
        "awayReg": 0.33221,
        "awayET": 0.06949,
        "awayPen": 0.10756
      },
      "delta": {
        "homeReg": 0.00414,
        "homeET": 0.00243,
        "homePen": -4e-05,
        "awayReg": -0.00368,
        "awayET": -0.00293,
        "awayPen": 7e-05
      }
    }
  ]
}