{
  "generated": "2026-07-13T23:29:27.701474Z",
  "sims": 1000000,
  "games": [
    {
      "stageCode": "SEMI_FINALS",
      "home": "England",
      "away": "Argentina",
      "knockout": true,
      "odds": {
        "homeReg": 0.31487,
        "homeET": 0.08736,
        "homePen": 0.10007,
        "awayReg": 0.32453,
        "awayET": 0.06651,
        "awayPen": 0.10666
      },
      "base": {
        "homeReg": 0.31601,
        "homeET": 0.088,
        "homePen": 0.09997,
        "awayReg": 0.32364,
        "awayET": 0.06581,
        "awayPen": 0.10655
      },
      "delta": {
        "homeReg": -0.00114,
        "homeET": -0.00064,
        "homePen": 0.0001,
        "awayReg": 0.00089,
        "awayET": 0.0007,
        "awayPen": 0.00011
      }
    },
    {
      "stageCode": "SEMI_FINALS",
      "home": "France",
      "away": "Spain",
      "knockout": true,
      "odds": {
        "homeReg": 0.3757,
        "homeET": 0.10898,
        "homePen": 0.11082,
        "awayReg": 0.25646,
        "awayET": 0.04663,
        "awayPen": 0.10142
      },
      "base": {
        "homeReg": 0.37311,
        "homeET": 0.10768,
        "homePen": 0.11101,
        "awayReg": 0.25878,
        "awayET": 0.04775,
        "awayPen": 0.10168
      },
      "delta": {
        "homeReg": 0.00259,
        "homeET": 0.0013,
        "homePen": -0.00019,
        "awayReg": -0.00232,
        "awayET": -0.00112,
        "awayPen": -0.00026
      }
    }
  ]
}