{
  "generated": "2026-07-05T22:19:11.335308Z",
  "sims": 1000000,
  "games": [
    {
      "stageCode": "LAST_16",
      "home": "Argentina",
      "away": "Egypt",
      "knockout": true,
      "odds": {
        "homeReg": 0.67183,
        "homeET": 0.14632,
        "homePen": 0.05158,
        "awayReg": 0.0712,
        "awayET": 0.01059,
        "awayPen": 0.04849
      },
      "base": {
        "homeReg": 0.68356,
        "homeET": 0.14562,
        "homePen": 0.04916,
        "awayReg": 0.06538,
        "awayET": 0.00967,
        "awayPen": 0.0466
      },
      "delta": {
        "homeReg": -0.01173,
        "homeET": 0.0007,
        "homePen": 0.00242,
        "awayReg": 0.00582,
        "awayET": 0.00092,
        "awayPen": 0.00189
      }
    },
    {
      "stageCode": "LAST_16",
      "home": "Mexico",
      "away": "England",
      "knockout": true,
      "odds": {
        "homeReg": 0.27949,
        "homeET": 0.06157,
        "homePen": 0.11288,
        "awayReg": 0.35396,
        "awayET": 0.08905,
        "awayPen": 0.10304
      },
      "base": {
        "homeReg": 0.28455,
        "homeET": 0.06452,
        "homePen": 0.11281,
        "awayReg": 0.34828,
        "awayET": 0.08602,
        "awayPen": 0.10381
      },
      "delta": {
        "homeReg": -0.00506,
        "homeET": -0.00295,
        "homePen": 7e-05,
        "awayReg": 0.00568,
        "awayET": 0.00303,
        "awayPen": -0.00077
      }
    },
    {
      "stageCode": "LAST_16",
      "home": "Portugal",
      "away": "Spain",
      "knockout": true,
      "odds": {
        "homeReg": 0.25411,
        "homeET": 0.05291,
        "homePen": 0.10444,
        "awayReg": 0.37579,
        "awayET": 0.10121,
        "awayPen": 0.11156
      },
      "base": {
        "homeReg": 0.25108,
        "homeET": 0.05144,
        "homePen": 0.1043,
        "awayReg": 0.37899,
        "awayET": 0.10318,
        "awayPen": 0.11101
      },
      "delta": {
        "homeReg": 0.00303,
        "homeET": 0.00147,
        "homePen": 0.00014,
        "awayReg": -0.0032,
        "awayET": -0.00197,
        "awayPen": 0.00055
      }
    },
    {
      "stageCode": "LAST_16",
      "home": "Switzerland",
      "away": "Colombia",
      "knockout": true,
      "odds": {
        "homeReg": 0.23669,
        "homeET": 0.0378,
        "homePen": 0.1063,
        "awayReg": 0.39421,
        "awayET": 0.11957,
        "awayPen": 0.10543
      },
      "base": {
        "homeReg": 0.23191,
        "homeET": 0.03612,
        "homePen": 0.10602,
        "awayReg": 0.3992,
        "awayET": 0.12195,
        "awayPen": 0.10479
      },
      "delta": {
        "homeReg": 0.00478,
        "homeET": 0.00168,
        "homePen": 0.00028,
        "awayReg": -0.00499,
        "awayET": -0.00238,
        "awayPen": 0.00064
      }
    },
    {
      "stageCode": "LAST_16",
      "home": "United States",
      "away": "Belgium",
      "knockout": true,
      "odds": {
        "homeReg": 0.36599,
        "homeET": 0.10636,
        "homePen": 0.10425,
        "awayReg": 0.27346,
        "awayET": 0.04922,
        "awayPen": 0.10074
      },
      "base": {
        "homeReg": 0.36411,
        "homeET": 0.10561,
        "homePen": 0.10454,
        "awayReg": 0.27493,
        "awayET": 0.04993,
        "awayPen": 0.10087
      },
      "delta": {
        "homeReg": 0.00188,
        "homeET": 0.00075,
        "homePen": -0.00029,
        "awayReg": -0.00147,
        "awayET": -0.00071,
        "awayPen": -0.00013
      }
    },
    {
      "stageCode": "QUARTER_FINALS",
      "home": "France",
      "away": "Morocco",
      "knockout": true,
      "odds": {
        "homeReg": 0.57294,
        "homeET": 0.15071,
        "homePen": 0.06878,
        "awayReg": 0.11972,
        "awayET": 0.01764,
        "awayPen": 0.07021
      },
      "base": {
        "homeReg": 0.57341,
        "homeET": 0.15066,
        "homePen": 0.06875,
        "awayReg": 0.11948,
        "awayET": 0.0177,
        "awayPen": 0.07
      },
      "delta": {
        "homeReg": -0.00047,
        "homeET": 5e-05,
        "homePen": 3e-05,
        "awayReg": 0.00024,
        "awayET": -6e-05,
        "awayPen": 0.00021
      }
    }
  ]
}