{
  "generated": "2026-07-12T21:26:19.409769Z",
  "sims": 1000000,
  "games": [
    {
      "stageCode": "SEMI_FINALS",
      "home": "England",
      "away": "Argentina",
      "knockout": true,
      "odds": {
        "homeReg": 0.30868,
        "homeET": 0.08403,
        "homePen": 0.1,
        "awayReg": 0.33141,
        "awayET": 0.06939,
        "awayPen": 0.10648
      },
      "base": {
        "homeReg": 0.31062,
        "homeET": 0.08513,
        "homePen": 0.10022,
        "awayReg": 0.32949,
        "awayET": 0.06823,
        "awayPen": 0.1063
      },
      "delta": {
        "homeReg": -0.00194,
        "homeET": -0.0011,
        "homePen": -0.00022,
        "awayReg": 0.00192,
        "awayET": 0.00116,
        "awayPen": 0.00018
      }
    },
    {
      "stageCode": "SEMI_FINALS",
      "home": "France",
      "away": "Spain",
      "knockout": true,
      "odds": {
        "homeReg": 0.37402,
        "homeET": 0.10798,
        "homePen": 0.11094,
        "awayReg": 0.25829,
        "awayET": 0.04727,
        "awayPen": 0.1015
      },
      "base": {
        "homeReg": 0.37893,
        "homeET": 0.11024,
        "homePen": 0.11012,
        "awayReg": 0.25374,
        "awayET": 0.04546,
        "awayPen": 0.10152
      },
      "delta": {
        "homeReg": -0.00491,
        "homeET": -0.00226,
        "homePen": 0.00082,
        "awayReg": 0.00455,
        "awayET": 0.00181,
        "awayPen": -2e-05
      }
    }
  ]
}