{
  "generated": "2026-06-29T01:35:35.560142Z",
  "sims": 1000000,
  "games": [
    {
      "stageCode": "LAST_32",
      "home": "Belgium",
      "away": "Senegal",
      "knockout": true,
      "odds": {
        "homeReg": 0.39099,
        "homeET": 0.10912,
        "homePen": 0.12434,
        "awayReg": 0.24929,
        "awayET": 0.04745,
        "awayPen": 0.0788
      },
      "base": {
        "homeReg": 0.38966,
        "homeET": 0.10837,
        "homePen": 0.12412,
        "awayReg": 0.25037,
        "awayET": 0.04804,
        "awayPen": 0.07945
      },
      "delta": {
        "homeReg": 0.00133,
        "homeET": 0.00075,
        "homePen": 0.00022,
        "awayReg": -0.00108,
        "awayET": -0.00059,
        "awayPen": -0.00065
      }
    },
    {
      "stageCode": "LAST_32",
      "home": "Brazil",
      "away": "Japan",
      "knockout": true,
      "odds": {
        "homeReg": 0.46531,
        "homeET": 0.13743,
        "homePen": 0.13151,
        "awayReg": 0.18959,
        "awayET": 0.02533,
        "awayPen": 0.05083
      },
      "base": {
        "homeReg": 0.46099,
        "homeET": 0.13624,
        "homePen": 0.13204,
        "awayReg": 0.19266,
        "awayET": 0.02557,
        "awayPen": 0.05251
      },
      "delta": {
        "homeReg": 0.00432,
        "homeET": 0.00119,
        "homePen": -0.00053,
        "awayReg": -0.00307,
        "awayET": -0.00024,
        "awayPen": -0.00168
      }
    },
    {
      "stageCode": "LAST_32",
      "home": "Côte d'Ivoire",
      "away": "Norway",
      "knockout": true,
      "odds": {
        "homeReg": 0.23168,
        "homeET": 0.03324,
        "homePen": 0.06359,
        "awayReg": 0.41221,
        "awayET": 0.1264,
        "awayPen": 0.13289
      },
      "base": {
        "homeReg": 0.21166,
        "homeET": 0.02777,
        "homePen": 0.05321,
        "awayReg": 0.43732,
        "awayET": 0.13575,
        "awayPen": 0.13429
      },
      "delta": {
        "homeReg": 0.02002,
        "homeET": 0.00547,
        "homePen": 0.01038,
        "awayReg": -0.02511,
        "awayET": -0.00935,
        "awayPen": -0.0014
      }
    },
    {
      "stageCode": "LAST_32",
      "home": "England",
      "away": "DR Congo",
      "knockout": true,
      "odds": {
        "homeReg": 0.56137,
        "homeET": 0.14763,
        "homePen": 0.11967,
        "awayReg": 0.12584,
        "awayET": 0.01738,
        "awayPen": 0.02812
      },
      "base": {
        "homeReg": 0.55798,
        "homeET": 0.14741,
        "homePen": 0.12022,
        "awayReg": 0.12772,
        "awayET": 0.01776,
        "awayPen": 0.02889
      },
      "delta": {
        "homeReg": 0.00339,
        "homeET": 0.00022,
        "homePen": -0.00055,
        "awayReg": -0.00188,
        "awayET": -0.00038,
        "awayPen": -0.00077
      }
    },
    {
      "stageCode": "LAST_32",
      "home": "France",
      "away": "Sweden",
      "knockout": true,
      "odds": {
        "homeReg": 0.77538,
        "homeET": 0.12606,
        "homePen": 0.05641,
        "awayReg": 0.03345,
        "awayET": 0.00567,
        "awayPen": 0.00303
      },
      "base": {
        "homeReg": 0.78397,
        "homeET": 0.12383,
        "homePen": 0.05359,
        "awayReg": 0.0305,
        "awayET": 0.00543,
        "awayPen": 0.00268
      },
      "delta": {
        "homeReg": -0.00859,
        "homeET": 0.00223,
        "homePen": 0.00282,
        "awayReg": 0.00295,
        "awayET": 0.00024,
        "awayPen": 0.00035
      }
    },
    {
      "stageCode": "LAST_32",
      "home": "Germany",
      "away": "Paraguay",
      "knockout": true,
      "odds": {
        "homeReg": 0.62379,
        "homeET": 0.15052,
        "homePen": 0.10452,
        "awayReg": 0.0927,
        "awayET": 0.01354,
        "awayPen": 0.01493
      },
      "base": {
        "homeReg": 0.58525,
        "homeET": 0.15025,
        "homePen": 0.11335,
        "awayReg": 0.11386,
        "awayET": 0.01606,
        "awayPen": 0.02122
      },
      "delta": {
        "homeReg": 0.03854,
        "homeET": 0.00027,
        "homePen": -0.00883,
        "awayReg": -0.02116,
        "awayET": -0.00252,
        "awayPen": -0.00629
      }
    },
    {
      "stageCode": "LAST_32",
      "home": "Mexico",
      "away": "Ecuador",
      "knockout": true,
      "odds": {
        "homeReg": 0.45976,
        "homeET": 0.13801,
        "homePen": 0.13908,
        "awayReg": 0.18196,
        "awayET": 0.02532,
        "awayPen": 0.05588
      },
      "base": {
        "homeReg": 0.45888,
        "homeET": 0.13804,
        "homePen": 0.13901,
        "awayReg": 0.18266,
        "awayET": 0.02534,
        "awayPen": 0.05607
      },
      "delta": {
        "homeReg": 0.00088,
        "homeET": -3e-05,
        "homePen": 7e-05,
        "awayReg": -0.0007,
        "awayET": -2e-05,
        "awayPen": -0.00019
      }
    },
    {
      "stageCode": "LAST_32",
      "home": "Netherlands",
      "away": "Morocco",
      "knockout": true,
      "odds": {
        "homeReg": 0.43861,
        "homeET": 0.13303,
        "homePen": 0.1311,
        "awayReg": 0.21392,
        "awayET": 0.02714,
        "awayPen": 0.0562
      },
      "base": {
        "homeReg": 0.43741,
        "homeET": 0.13245,
        "homePen": 0.13051,
        "awayReg": 0.21522,
        "awayET": 0.02762,
        "awayPen": 0.05679
      },
      "delta": {
        "homeReg": 0.0012,
        "homeET": 0.00058,
        "homePen": 0.00059,
        "awayReg": -0.0013,
        "awayET": -0.00048,
        "awayPen": -0.00059
      }
    },
    {
      "stageCode": "LAST_32",
      "home": "Spain",
      "away": "Austria",
      "knockout": true,
      "odds": {
        "homeReg": 0.63447,
        "homeET": 0.15008,
        "homePen": 0.10345,
        "awayReg": 0.08544,
        "awayET": 0.01252,
        "awayPen": 0.01405
      },
      "base": {
        "homeReg": 0.63001,
        "homeET": 0.14985,
        "homePen": 0.10476,
        "awayReg": 0.08768,
        "awayET": 0.01286,
        "awayPen": 0.01485
      },
      "delta": {
        "homeReg": 0.00446,
        "homeET": 0.00023,
        "homePen": -0.00131,
        "awayReg": -0.00224,
        "awayET": -0.00034,
        "awayPen": -0.0008
      }
    },
    {
      "stageCode": "LAST_32",
      "home": "United States",
      "away": "Bosnia and Herzegovina",
      "knockout": true,
      "odds": {
        "homeReg": 0.4889,
        "homeET": 0.1382,
        "homePen": 0.12074,
        "awayReg": 0.17943,
        "awayET": 0.02338,
        "awayPen": 0.04936
      },
      "base": {
        "homeReg": 0.48738,
        "homeET": 0.13755,
        "homePen": 0.12066,
        "awayReg": 0.1808,
        "awayET": 0.02368,
        "awayPen": 0.04992
      },
      "delta": {
        "homeReg": 0.00152,
        "homeET": 0.00065,
        "homePen": 8e-05,
        "awayReg": -0.00137,
        "awayET": -0.0003,
        "awayPen": -0.00056
      }
    }
  ]
}