{
  "generated": "2026-07-01T23:09:01.141003Z",
  "sims": 1000000,
  "games": [
    {
      "stageCode": "LAST_16",
      "home": "Brazil",
      "away": "Norway",
      "knockout": true,
      "odds": {
        "homeReg": 0.45769,
        "homeET": 0.12968,
        "homePen": 0.09502,
        "awayReg": 0.19898,
        "awayET": 0.02937,
        "awayPen": 0.08927
      },
      "base": {
        "homeReg": 0.46404,
        "homeET": 0.13268,
        "homePen": 0.09362,
        "awayReg": 0.19412,
        "awayET": 0.02729,
        "awayPen": 0.08824
      },
      "delta": {
        "homeReg": -0.00635,
        "homeET": -0.003,
        "homePen": 0.0014,
        "awayReg": 0.00486,
        "awayET": 0.00208,
        "awayPen": 0.00103
      }
    },
    {
      "stageCode": "LAST_16",
      "home": "Canada",
      "away": "Morocco",
      "knockout": true,
      "odds": {
        "homeReg": 0.17205,
        "homeET": 0.02357,
        "homePen": 0.08061,
        "awayReg": 0.48556,
        "awayET": 0.14284,
        "awayPen": 0.09538
      },
      "base": {
        "homeReg": 0.1703,
        "homeET": 0.02332,
        "homePen": 0.08005,
        "awayReg": 0.48831,
        "awayET": 0.14337,
        "awayPen": 0.09465
      },
      "delta": {
        "homeReg": 0.00175,
        "homeET": 0.00025,
        "homePen": 0.00056,
        "awayReg": -0.00275,
        "awayET": -0.00053,
        "awayPen": 0.00073
      }
    },
    {
      "stageCode": "LAST_16",
      "home": "Paraguay",
      "away": "France",
      "knockout": true,
      "odds": {
        "homeReg": 0.03982,
        "homeET": 0.00655,
        "homePen": 0.03227,
        "awayReg": 0.7483,
        "awayET": 0.13412,
        "awayPen": 0.03894
      },
      "base": {
        "homeReg": 0.03742,
        "homeET": 0.00631,
        "homePen": 0.03115,
        "awayReg": 0.75592,
        "awayET": 0.13192,
        "awayPen": 0.03728
      },
      "delta": {
        "homeReg": 0.0024,
        "homeET": 0.00024,
        "homePen": 0.00112,
        "awayReg": -0.00762,
        "awayET": 0.0022,
        "awayPen": 0.00166
      }
    },
    {
      "stageCode": "LAST_32",
      "home": "Argentina",
      "away": "Cabo Verde",
      "knockout": true,
      "odds": {
        "homeReg": 0.73103,
        "homeET": 0.13761,
        "homePen": 0.04653,
        "awayReg": 0.04325,
        "awayET": 0.0072,
        "awayPen": 0.03438
      },
      "base": {
        "homeReg": 0.7144,
        "homeET": 0.14057,
        "homePen": 0.05044,
        "awayReg": 0.04944,
        "awayET": 0.00796,
        "awayPen": 0.03719
      },
      "delta": {
        "homeReg": 0.01663,
        "homeET": -0.00296,
        "homePen": -0.00391,
        "awayReg": -0.00619,
        "awayET": -0.00076,
        "awayPen": -0.00281
      }
    },
    {
      "stageCode": "LAST_32",
      "home": "Australia",
      "away": "Egypt",
      "knockout": true,
      "odds": {
        "homeReg": 0.30954,
        "homeET": 0.07884,
        "homePen": 0.10854,
        "awayReg": 0.3131,
        "awayET": 0.07451,
        "awayPen": 0.11547
      },
      "base": {
        "homeReg": 0.30863,
        "homeET": 0.07807,
        "homePen": 0.1084,
        "awayReg": 0.31437,
        "awayET": 0.07521,
        "awayPen": 0.11532
      },
      "delta": {
        "homeReg": 0.00091,
        "homeET": 0.00077,
        "homePen": 0.00014,
        "awayReg": -0.00127,
        "awayET": -0.0007,
        "awayPen": 0.00015
      }
    },
    {
      "stageCode": "LAST_32",
      "home": "Colombia",
      "away": "Ghana",
      "knockout": true,
      "odds": {
        "homeReg": 0.49722,
        "homeET": 0.14589,
        "homePen": 0.09687,
        "awayReg": 0.15302,
        "awayET": 0.02202,
        "awayPen": 0.08497
      },
      "base": {
        "homeReg": 0.48253,
        "homeET": 0.14169,
        "homePen": 0.09995,
        "awayReg": 0.16405,
        "awayET": 0.02315,
        "awayPen": 0.08864
      },
      "delta": {
        "homeReg": 0.01469,
        "homeET": 0.0042,
        "homePen": -0.00308,
        "awayReg": -0.01103,
        "awayET": -0.00113,
        "awayPen": -0.00367
      }
    },
    {
      "stageCode": "LAST_32",
      "home": "Portugal",
      "away": "Croatia",
      "knockout": true,
      "odds": {
        "homeReg": 0.51743,
        "homeET": 0.14839,
        "homePen": 0.08188,
        "awayReg": 0.15038,
        "awayET": 0.02124,
        "awayPen": 0.08069
      },
      "base": {
        "homeReg": 0.50994,
        "homeET": 0.14749,
        "homePen": 0.08342,
        "awayReg": 0.15498,
        "awayET": 0.0215,
        "awayPen": 0.08267
      },
      "delta": {
        "homeReg": 0.00749,
        "homeET": 0.0009,
        "homePen": -0.00154,
        "awayReg": -0.0046,
        "awayET": -0.00026,
        "awayPen": -0.00198
      }
    },
    {
      "stageCode": "LAST_32",
      "home": "Spain",
      "away": "Austria",
      "knockout": true,
      "odds": {
        "homeReg": 0.61308,
        "homeET": 0.14958,
        "homePen": 0.06847,
        "awayReg": 0.09774,
        "awayET": 0.0141,
        "awayPen": 0.05702
      },
      "base": {
        "homeReg": 0.62411,
        "homeET": 0.15007,
        "homePen": 0.06562,
        "awayReg": 0.09187,
        "awayET": 0.0133,
        "awayPen": 0.05504
      },
      "delta": {
        "homeReg": -0.01103,
        "homeET": -0.00049,
        "homePen": 0.00285,
        "awayReg": 0.00587,
        "awayET": 0.0008,
        "awayPen": 0.00198
      }
    },
    {
      "stageCode": "LAST_32",
      "home": "Switzerland",
      "away": "Algeria",
      "knockout": true,
      "odds": {
        "homeReg": 0.40473,
        "homeET": 0.11219,
        "homePen": 0.10801,
        "awayReg": 0.24035,
        "awayET": 0.04479,
        "awayPen": 0.08994
      },
      "base": {
        "homeReg": 0.42256,
        "homeET": 0.12028,
        "homePen": 0.10562,
        "awayReg": 0.22611,
        "awayET": 0.03769,
        "awayPen": 0.08773
      },
      "delta": {
        "homeReg": -0.01783,
        "homeET": -0.00809,
        "homePen": 0.00239,
        "awayReg": 0.01424,
        "awayET": 0.0071,
        "awayPen": 0.00221
      }
    },
    {
      "stageCode": "LAST_32",
      "home": "United States",
      "away": "Bosnia and Herzegovina",
      "knockout": true,
      "odds": {
        "homeReg": 0.49352,
        "homeET": 0.13916,
        "homePen": 0.09168,
        "awayReg": 0.17516,
        "awayET": 0.02304,
        "awayPen": 0.07745
      },
      "base": {
        "homeReg": 0.4986,
        "homeET": 0.14078,
        "homePen": 0.09015,
        "awayReg": 0.17159,
        "awayET": 0.02255,
        "awayPen": 0.07631
      },
      "delta": {
        "homeReg": -0.00508,
        "homeET": -0.00162,
        "homePen": 0.00153,
        "awayReg": 0.00357,
        "awayET": 0.00049,
        "awayPen": 0.00114
      }
    }
  ]
}