{
  "generated": "2026-07-09T22:15:36.823464Z",
  "sims": 1000000,
  "games": [
    {
      "stageCode": "QUARTER_FINALS",
      "home": "Argentina",
      "away": "Switzerland",
      "knockout": true,
      "odds": {
        "homeReg": 0.56553,
        "homeET": 0.14783,
        "homePen": 0.07046,
        "awayReg": 0.12501,
        "awayET": 0.01754,
        "awayPen": 0.07364
      },
      "base": {
        "homeReg": 0.5601,
        "homeET": 0.14772,
        "homePen": 0.07148,
        "awayReg": 0.12792,
        "awayET": 0.01796,
        "awayPen": 0.07483
      },
      "delta": {
        "homeReg": 0.00543,
        "homeET": 0.00011,
        "homePen": -0.00102,
        "awayReg": -0.00291,
        "awayET": -0.00042,
        "awayPen": -0.00119
      }
    },
    {
      "stageCode": "QUARTER_FINALS",
      "home": "Norway",
      "away": "England",
      "knockout": true,
      "odds": {
        "homeReg": 0.21708,
        "homeET": 0.0381,
        "homePen": 0.09249,
        "awayReg": 0.43867,
        "awayET": 0.11698,
        "awayPen": 0.09668
      },
      "base": {
        "homeReg": 0.21976,
        "homeET": 0.0402,
        "homePen": 0.0933,
        "awayReg": 0.435,
        "awayET": 0.11454,
        "awayPen": 0.0972
      },
      "delta": {
        "homeReg": -0.00268,
        "homeET": -0.0021,
        "homePen": -0.00081,
        "awayReg": 0.00367,
        "awayET": 0.00244,
        "awayPen": -0.00052
      }
    },
    {
      "stageCode": "QUARTER_FINALS",
      "home": "Spain",
      "away": "Belgium",
      "knockout": true,
      "odds": {
        "homeReg": 0.52385,
        "homeET": 0.14855,
        "homePen": 0.08404,
        "awayReg": 0.14416,
        "awayET": 0.02079,
        "awayPen": 0.07863
      },
      "base": {
        "homeReg": 0.52248,
        "homeET": 0.14813,
        "homePen": 0.0842,
        "awayReg": 0.14542,
        "awayET": 0.02097,
        "awayPen": 0.0788
      },
      "delta": {
        "homeReg": 0.00137,
        "homeET": 0.00042,
        "homePen": -0.00016,
        "awayReg": -0.00126,
        "awayET": -0.00018,
        "awayPen": -0.00017
      }
    }
  ]
}