{
  "generated": "2026-07-14T16:00:13.413828Z",
  "sims": 1000000,
  "games": [
    {
      "stageCode": "SEMI_FINALS",
      "home": "England",
      "away": "Argentina",
      "knockout": true,
      "odds": {
        "homeReg": 0.31649,
        "homeET": 0.08819,
        "homePen": 0.09997,
        "awayReg": 0.32326,
        "awayET": 0.06563,
        "awayPen": 0.10647
      },
      "base": {
        "homeReg": 0.31278,
        "homeET": 0.08588,
        "homePen": 0.10013,
        "awayReg": 0.32725,
        "awayET": 0.06738,
        "awayPen": 0.10658
      },
      "delta": {
        "homeReg": 0.00371,
        "homeET": 0.00231,
        "homePen": -0.00016,
        "awayReg": -0.00399,
        "awayET": -0.00175,
        "awayPen": -0.00011
      }
    },
    {
      "stageCode": "SEMI_FINALS",
      "home": "France",
      "away": "Spain",
      "knockout": true,
      "odds": {
        "homeReg": 0.36631,
        "homeET": 0.1035,
        "homePen": 0.11178,
        "awayReg": 0.26473,
        "awayET": 0.05106,
        "awayPen": 0.10263
      },
      "base": {
        "homeReg": 0.3681,
        "homeET": 0.10465,
        "homePen": 0.1116,
        "awayReg": 0.26299,
        "awayET": 0.05031,
        "awayPen": 0.10236
      },
      "delta": {
        "homeReg": -0.00179,
        "homeET": -0.00115,
        "homePen": 0.00018,
        "awayReg": 0.00174,
        "awayET": 0.00075,
        "awayPen": 0.00027
      }
    }
  ]
}