{
  "generated": "2026-07-03T07:49:51.886681Z",
  "sims": 1000000,
  "games": [
    {
      "stageCode": "LAST_16",
      "home": "Brazil",
      "away": "Norway",
      "knockout": true,
      "odds": {
        "homeReg": 0.46263,
        "homeET": 0.13287,
        "homePen": 0.09426,
        "awayReg": 0.1942,
        "awayET": 0.02819,
        "awayPen": 0.08784
      },
      "base": {
        "homeReg": 0.45925,
        "homeET": 0.13089,
        "homePen": 0.09479,
        "awayReg": 0.19727,
        "awayET": 0.02934,
        "awayPen": 0.08847
      },
      "delta": {
        "homeReg": 0.00338,
        "homeET": 0.00198,
        "homePen": -0.00053,
        "awayReg": -0.00307,
        "awayET": -0.00115,
        "awayPen": -0.00063
      }
    },
    {
      "stageCode": "LAST_16",
      "home": "Canada",
      "away": "Morocco",
      "knockout": true,
      "odds": {
        "homeReg": 0.16867,
        "homeET": 0.02299,
        "homePen": 0.08001,
        "awayReg": 0.49223,
        "awayET": 0.14421,
        "awayPen": 0.09189
      },
      "base": {
        "homeReg": 0.1783,
        "homeET": 0.02414,
        "homePen": 0.0831,
        "awayReg": 0.47818,
        "awayET": 0.14114,
        "awayPen": 0.09514
      },
      "delta": {
        "homeReg": -0.00963,
        "homeET": -0.00115,
        "homePen": -0.00309,
        "awayReg": 0.01405,
        "awayET": 0.00307,
        "awayPen": -0.00325
      }
    },
    {
      "stageCode": "LAST_16",
      "home": "Mexico",
      "away": "England",
      "knockout": true,
      "odds": {
        "homeReg": 0.27675,
        "homeET": 0.06284,
        "homePen": 0.11277,
        "awayReg": 0.35343,
        "awayET": 0.09083,
        "awayPen": 0.10338
      },
      "base": {
        "homeReg": 0.28027,
        "homeET": 0.06458,
        "homePen": 0.11288,
        "awayReg": 0.34929,
        "awayET": 0.08886,
        "awayPen": 0.10411
      },
      "delta": {
        "homeReg": -0.00352,
        "homeET": -0.00174,
        "homePen": -0.00011,
        "awayReg": 0.00414,
        "awayET": 0.00197,
        "awayPen": -0.00073
      }
    },
    {
      "stageCode": "LAST_16",
      "home": "Paraguay",
      "away": "France",
      "knockout": true,
      "odds": {
        "homeReg": 0.03773,
        "homeET": 0.00636,
        "homePen": 0.03085,
        "awayReg": 0.75637,
        "awayET": 0.13101,
        "awayPen": 0.03768
      },
      "base": {
        "homeReg": 0.03814,
        "homeET": 0.00645,
        "homePen": 0.03109,
        "awayReg": 0.75487,
        "awayET": 0.13157,
        "awayPen": 0.03789
      },
      "delta": {
        "homeReg": -0.00041,
        "homeET": -9e-05,
        "homePen": -0.00024,
        "awayReg": 0.0015,
        "awayET": -0.00056,
        "awayPen": -0.00021
      }
    },
    {
      "stageCode": "LAST_16",
      "home": "Portugal",
      "away": "Spain",
      "knockout": true,
      "odds": {
        "homeReg": 0.26652,
        "homeET": 0.0597,
        "homePen": 0.10556,
        "awayReg": 0.36043,
        "awayET": 0.09478,
        "awayPen": 0.11302
      },
      "base": {
        "homeReg": 0.2671,
        "homeET": 0.0601,
        "homePen": 0.10595,
        "awayReg": 0.3594,
        "awayET": 0.09441,
        "awayPen": 0.11303
      },
      "delta": {
        "homeReg": -0.00058,
        "homeET": -0.0004,
        "homePen": -0.00039,
        "awayReg": 0.00103,
        "awayET": 0.00037,
        "awayPen": -1e-05
      }
    },
    {
      "stageCode": "LAST_16",
      "home": "United States",
      "away": "Belgium",
      "knockout": true,
      "odds": {
        "homeReg": 0.36479,
        "homeET": 0.1071,
        "homePen": 0.10584,
        "awayReg": 0.27207,
        "awayET": 0.04972,
        "awayPen": 0.10048
      },
      "base": {
        "homeReg": 0.34775,
        "homeET": 0.09766,
        "homePen": 0.1067,
        "awayReg": 0.28902,
        "awayET": 0.05738,
        "awayPen": 0.10149
      },
      "delta": {
        "homeReg": 0.01704,
        "homeET": 0.00944,
        "homePen": -0.00086,
        "awayReg": -0.01695,
        "awayET": -0.00766,
        "awayPen": -0.00101
      }
    },
    {
      "stageCode": "LAST_32",
      "home": "Argentina",
      "away": "Cabo Verde",
      "knockout": true,
      "odds": {
        "homeReg": 0.71542,
        "homeET": 0.1406,
        "homePen": 0.04927,
        "awayReg": 0.04983,
        "awayET": 0.00783,
        "awayPen": 0.03704
      },
      "base": {
        "homeReg": 0.73242,
        "homeET": 0.13639,
        "homePen": 0.0458,
        "awayReg": 0.04376,
        "awayET": 0.0072,
        "awayPen": 0.03444
      },
      "delta": {
        "homeReg": -0.017,
        "homeET": 0.00421,
        "homePen": 0.00347,
        "awayReg": 0.00607,
        "awayET": 0.00063,
        "awayPen": 0.0026
      }
    },
    {
      "stageCode": "LAST_32",
      "home": "Australia",
      "away": "Egypt",
      "knockout": true,
      "odds": {
        "homeReg": 0.28277,
        "homeET": 0.06162,
        "homePen": 0.10741,
        "awayReg": 0.3419,
        "awayET": 0.09039,
        "awayPen": 0.1159
      },
      "base": {
        "homeReg": 0.26456,
        "homeET": 0.05276,
        "homePen": 0.10615,
        "awayReg": 0.36147,
        "awayET": 0.10049,
        "awayPen": 0.11457
      },
      "delta": {
        "homeReg": 0.01821,
        "homeET": 0.00886,
        "homePen": 0.00126,
        "awayReg": -0.01957,
        "awayET": -0.0101,
        "awayPen": 0.00133
      }
    },
    {
      "stageCode": "LAST_32",
      "home": "Colombia",
      "away": "Ghana",
      "knockout": true,
      "odds": {
        "homeReg": 0.51633,
        "homeET": 0.14825,
        "homePen": 0.09131,
        "awayReg": 0.14241,
        "awayET": 0.02039,
        "awayPen": 0.08131
      },
      "base": {
        "homeReg": 0.52004,
        "homeET": 0.14854,
        "homePen": 0.09025,
        "awayReg": 0.14042,
        "awayET": 0.02005,
        "awayPen": 0.0807
      },
      "delta": {
        "homeReg": -0.00371,
        "homeET": -0.00029,
        "homePen": 0.00106,
        "awayReg": 0.00199,
        "awayET": 0.00034,
        "awayPen": 0.00061
      }
    }
  ]
}