{
  "generated": "2026-06-30T04:53:45.965022Z",
  "sims": 1000000,
  "games": [
    {
      "stageCode": "LAST_32",
      "home": "Australia",
      "away": "Egypt",
      "knockout": true,
      "odds": {
        "homeReg": 0.31611,
        "homeET": 0.08339,
        "homePen": 0.11783,
        "awayReg": 0.30605,
        "awayET": 0.07123,
        "awayPen": 0.10539
      },
      "base": {
        "homeReg": 0.29202,
        "homeET": 0.06983,
        "homePen": 0.10611,
        "awayReg": 0.33044,
        "awayET": 0.0848,
        "awayPen": 0.11679
      },
      "delta": {
        "homeReg": 0.02409,
        "homeET": 0.01356,
        "homePen": 0.01172,
        "awayReg": -0.02439,
        "awayET": -0.01357,
        "awayPen": -0.0114
      }
    },
    {
      "stageCode": "LAST_32",
      "home": "Belgium",
      "away": "Senegal",
      "knockout": true,
      "odds": {
        "homeReg": 0.38884,
        "homeET": 0.10779,
        "homePen": 0.1242,
        "awayReg": 0.25132,
        "awayET": 0.04845,
        "awayPen": 0.0794
      },
      "base": {
        "homeReg": 0.39123,
        "homeET": 0.10873,
        "homePen": 0.1246,
        "awayReg": 0.24947,
        "awayET": 0.04742,
        "awayPen": 0.07855
      },
      "delta": {
        "homeReg": -0.00239,
        "homeET": -0.00094,
        "homePen": -0.0004,
        "awayReg": 0.00185,
        "awayET": 0.00103,
        "awayPen": 0.00085
      }
    },
    {
      "stageCode": "LAST_32",
      "home": "Côte d'Ivoire",
      "away": "Norway",
      "knockout": true,
      "odds": {
        "homeReg": 0.22764,
        "homeET": 0.03148,
        "homePen": 0.06187,
        "awayReg": 0.41665,
        "awayET": 0.12743,
        "awayPen": 0.13492
      },
      "base": {
        "homeReg": 0.22607,
        "homeET": 0.03087,
        "homePen": 0.06114,
        "awayReg": 0.41825,
        "awayET": 0.12832,
        "awayPen": 0.13536
      },
      "delta": {
        "homeReg": 0.00157,
        "homeET": 0.00061,
        "homePen": 0.00073,
        "awayReg": -0.0016,
        "awayET": -0.00089,
        "awayPen": -0.00044
      }
    },
    {
      "stageCode": "LAST_32",
      "home": "England",
      "away": "DR Congo",
      "knockout": true,
      "odds": {
        "homeReg": 0.55993,
        "homeET": 0.14886,
        "homePen": 0.11958,
        "awayReg": 0.12564,
        "awayET": 0.01751,
        "awayPen": 0.02848
      },
      "base": {
        "homeReg": 0.5663,
        "homeET": 0.14926,
        "homePen": 0.11842,
        "awayReg": 0.12187,
        "awayET": 0.01716,
        "awayPen": 0.02699
      },
      "delta": {
        "homeReg": -0.00637,
        "homeET": -0.0004,
        "homePen": 0.00116,
        "awayReg": 0.00377,
        "awayET": 0.00035,
        "awayPen": 0.00149
      }
    },
    {
      "stageCode": "LAST_32",
      "home": "France",
      "away": "Sweden",
      "knockout": true,
      "odds": {
        "homeReg": 0.76259,
        "homeET": 0.1287,
        "homePen": 0.06016,
        "awayReg": 0.03818,
        "awayET": 0.00625,
        "awayPen": 0.00413
      },
      "base": {
        "homeReg": 0.76413,
        "homeET": 0.12843,
        "homePen": 0.05965,
        "awayReg": 0.03755,
        "awayET": 0.00619,
        "awayPen": 0.00405
      },
      "delta": {
        "homeReg": -0.00154,
        "homeET": 0.00027,
        "homePen": 0.00051,
        "awayReg": 0.00063,
        "awayET": 6e-05,
        "awayPen": 8e-05
      }
    },
    {
      "stageCode": "LAST_32",
      "home": "Mexico",
      "away": "Ecuador",
      "knockout": true,
      "odds": {
        "homeReg": 0.45338,
        "homeET": 0.13557,
        "homePen": 0.13748,
        "awayReg": 0.1889,
        "awayET": 0.02552,
        "awayPen": 0.05915
      },
      "base": {
        "homeReg": 0.4495,
        "homeET": 0.1347,
        "homePen": 0.13737,
        "awayReg": 0.1919,
        "awayET": 0.02587,
        "awayPen": 0.06064
      },
      "delta": {
        "homeReg": 0.00388,
        "homeET": 0.00087,
        "homePen": 0.00011,
        "awayReg": -0.003,
        "awayET": -0.00035,
        "awayPen": -0.00149
      }
    },
    {
      "stageCode": "LAST_32",
      "home": "Portugal",
      "away": "Croatia",
      "knockout": true,
      "odds": {
        "homeReg": 0.51619,
        "homeET": 0.14785,
        "homePen": 0.13187,
        "awayReg": 0.14999,
        "awayET": 0.0214,
        "awayPen": 0.03271
      },
      "base": {
        "homeReg": 0.51334,
        "homeET": 0.14766,
        "homePen": 0.13216,
        "awayReg": 0.15152,
        "awayET": 0.02187,
        "awayPen": 0.03345
      },
      "delta": {
        "homeReg": 0.00285,
        "homeET": 0.00019,
        "homePen": -0.00029,
        "awayReg": -0.00153,
        "awayET": -0.00047,
        "awayPen": -0.00074
      }
    },
    {
      "stageCode": "LAST_32",
      "home": "Spain",
      "away": "Austria",
      "knockout": true,
      "odds": {
        "homeReg": 0.63562,
        "homeET": 0.15027,
        "homePen": 0.10221,
        "awayReg": 0.08465,
        "awayET": 0.01318,
        "awayPen": 0.01406
      },
      "base": {
        "homeReg": 0.62877,
        "homeET": 0.15019,
        "homePen": 0.10409,
        "awayReg": 0.08822,
        "awayET": 0.01338,
        "awayPen": 0.01534
      },
      "delta": {
        "homeReg": 0.00685,
        "homeET": 8e-05,
        "homePen": -0.00188,
        "awayReg": -0.00357,
        "awayET": -0.0002,
        "awayPen": -0.00128
      }
    },
    {
      "stageCode": "LAST_32",
      "home": "Switzerland",
      "away": "Algeria",
      "knockout": true,
      "odds": {
        "homeReg": 0.49602,
        "homeET": 0.14496,
        "homePen": 0.12777,
        "awayReg": 0.1702,
        "awayET": 0.02255,
        "awayPen": 0.03849
      },
      "base": {
        "homeReg": 0.46292,
        "homeET": 0.1377,
        "homePen": 0.12938,
        "awayReg": 0.19374,
        "awayET": 0.02618,
        "awayPen": 0.05009
      },
      "delta": {
        "homeReg": 0.0331,
        "homeET": 0.00726,
        "homePen": -0.00161,
        "awayReg": -0.02354,
        "awayET": -0.00363,
        "awayPen": -0.0116
      }
    },
    {
      "stageCode": "LAST_32",
      "home": "United States",
      "away": "Bosnia and Herzegovina",
      "knockout": true,
      "odds": {
        "homeReg": 0.49015,
        "homeET": 0.13775,
        "homePen": 0.12164,
        "awayReg": 0.17708,
        "awayET": 0.02388,
        "awayPen": 0.0495
      },
      "base": {
        "homeReg": 0.49879,
        "homeET": 0.13916,
        "homePen": 0.12127,
        "awayReg": 0.17136,
        "awayET": 0.02323,
        "awayPen": 0.04618
      },
      "delta": {
        "homeReg": -0.00864,
        "homeET": -0.00141,
        "homePen": 0.00037,
        "awayReg": 0.00572,
        "awayET": 0.00065,
        "awayPen": 0.00332
      }
    }
  ]
}