{
  "generated": "2026-07-04T03:47:21.859037Z",
  "sims": 1000000,
  "games": [
    {
      "stageCode": "LAST_16",
      "home": "Argentina",
      "away": "Egypt",
      "knockout": true,
      "odds": {
        "homeReg": 0.68268,
        "homeET": 0.14555,
        "homePen": 0.04934,
        "awayReg": 0.06587,
        "awayET": 0.00993,
        "awayPen": 0.04663
      },
      "base": {
        "homeReg": 0.68967,
        "homeET": 0.14494,
        "homePen": 0.0485,
        "awayReg": 0.06205,
        "awayET": 0.00951,
        "awayPen": 0.04532
      },
      "delta": {
        "homeReg": -0.00699,
        "homeET": 0.00061,
        "homePen": 0.00084,
        "awayReg": 0.00382,
        "awayET": 0.00042,
        "awayPen": 0.00131
      }
    },
    {
      "stageCode": "LAST_16",
      "home": "Brazil",
      "away": "Norway",
      "knockout": true,
      "odds": {
        "homeReg": 0.46169,
        "homeET": 0.13089,
        "homePen": 0.09376,
        "awayReg": 0.19678,
        "awayET": 0.0284,
        "awayPen": 0.08848
      },
      "base": {
        "homeReg": 0.47497,
        "homeET": 0.13697,
        "homePen": 0.0918,
        "awayReg": 0.1864,
        "awayET": 0.02487,
        "awayPen": 0.085
      },
      "delta": {
        "homeReg": -0.01328,
        "homeET": -0.00608,
        "homePen": 0.00196,
        "awayReg": 0.01038,
        "awayET": 0.00353,
        "awayPen": 0.00348
      }
    },
    {
      "stageCode": "LAST_16",
      "home": "Canada",
      "away": "Morocco",
      "knockout": true,
      "odds": {
        "homeReg": 0.17106,
        "homeET": 0.02369,
        "homePen": 0.08185,
        "awayReg": 0.48786,
        "awayET": 0.14145,
        "awayPen": 0.09408
      },
      "base": {
        "homeReg": 0.16498,
        "homeET": 0.02236,
        "homePen": 0.07892,
        "awayReg": 0.49837,
        "awayET": 0.14324,
        "awayPen": 0.09213
      },
      "delta": {
        "homeReg": 0.00608,
        "homeET": 0.00133,
        "homePen": 0.00293,
        "awayReg": -0.01051,
        "awayET": -0.00179,
        "awayPen": 0.00195
      }
    },
    {
      "stageCode": "LAST_16",
      "home": "Mexico",
      "away": "England",
      "knockout": true,
      "odds": {
        "homeReg": 0.28176,
        "homeET": 0.06554,
        "homePen": 0.11235,
        "awayReg": 0.34893,
        "awayET": 0.08765,
        "awayPen": 0.10376
      },
      "base": {
        "homeReg": 0.27583,
        "homeET": 0.06078,
        "homePen": 0.11197,
        "awayReg": 0.35598,
        "awayET": 0.09237,
        "awayPen": 0.10307
      },
      "delta": {
        "homeReg": 0.00593,
        "homeET": 0.00476,
        "homePen": 0.00038,
        "awayReg": -0.00705,
        "awayET": -0.00472,
        "awayPen": 0.00069
      }
    },
    {
      "stageCode": "LAST_16",
      "home": "Paraguay",
      "away": "France",
      "knockout": true,
      "odds": {
        "homeReg": 0.03191,
        "homeET": 0.00595,
        "homePen": 0.02811,
        "awayReg": 0.7727,
        "awayET": 0.12721,
        "awayPen": 0.03413
      },
      "base": {
        "homeReg": 0.03186,
        "homeET": 0.00604,
        "homePen": 0.02881,
        "awayReg": 0.77042,
        "awayET": 0.12879,
        "awayPen": 0.0341
      },
      "delta": {
        "homeReg": 5e-05,
        "homeET": -9e-05,
        "homePen": -0.0007,
        "awayReg": 0.00228,
        "awayET": -0.00158,
        "awayPen": 3e-05
      }
    },
    {
      "stageCode": "LAST_16",
      "home": "Portugal",
      "away": "Spain",
      "knockout": true,
      "odds": {
        "homeReg": 0.25454,
        "homeET": 0.05167,
        "homePen": 0.10534,
        "awayReg": 0.37409,
        "awayET": 0.1029,
        "awayPen": 0.11148
      },
      "base": {
        "homeReg": 0.25741,
        "homeET": 0.05541,
        "homePen": 0.10542,
        "awayReg": 0.36877,
        "awayET": 0.10195,
        "awayPen": 0.11105
      },
      "delta": {
        "homeReg": -0.00287,
        "homeET": -0.00374,
        "homePen": -8e-05,
        "awayReg": 0.00532,
        "awayET": 0.00095,
        "awayPen": 0.00043
      }
    },
    {
      "stageCode": "LAST_16",
      "home": "Switzerland",
      "away": "Colombia",
      "knockout": true,
      "odds": {
        "homeReg": 0.24038,
        "homeET": 0.04059,
        "homePen": 0.10537,
        "awayReg": 0.39126,
        "awayET": 0.11643,
        "awayPen": 0.10596
      },
      "base": {
        "homeReg": 0.24038,
        "homeET": 0.04059,
        "homePen": 0.10537,
        "awayReg": 0.39126,
        "awayET": 0.11643,
        "awayPen": 0.10596
      },
      "delta": {
        "homeReg": null,
        "homeET": null,
        "homePen": null,
        "awayReg": null,
        "awayET": null,
        "awayPen": null
      }
    },
    {
      "stageCode": "LAST_16",
      "home": "United States",
      "away": "Belgium",
      "knockout": true,
      "odds": {
        "homeReg": 0.36641,
        "homeET": 0.10736,
        "homePen": 0.105,
        "awayReg": 0.27037,
        "awayET": 0.04928,
        "awayPen": 0.10159
      },
      "base": {
        "homeReg": 0.36539,
        "homeET": 0.1043,
        "homePen": 0.10528,
        "awayReg": 0.2724,
        "awayET": 0.05024,
        "awayPen": 0.10239
      },
      "delta": {
        "homeReg": 0.00102,
        "homeET": 0.00306,
        "homePen": -0.00028,
        "awayReg": -0.00203,
        "awayET": -0.00096,
        "awayPen": -0.0008
      }
    }
  ]
}