{
  "generated": "2026-07-02T21:14:20.682080Z",
  "sims": 1000000,
  "games": [
    {
      "stageCode": "LAST_16",
      "home": "Brazil",
      "away": "Norway",
      "knockout": true,
      "odds": {
        "homeReg": 0.45638,
        "homeET": 0.12995,
        "homePen": 0.09506,
        "awayReg": 0.19762,
        "awayET": 0.03035,
        "awayPen": 0.09063
      },
      "base": {
        "homeReg": 0.45986,
        "homeET": 0.1317,
        "homePen": 0.09445,
        "awayReg": 0.19493,
        "awayET": 0.02873,
        "awayPen": 0.09033
      },
      "delta": {
        "homeReg": -0.00348,
        "homeET": -0.00175,
        "homePen": 0.00061,
        "awayReg": 0.00269,
        "awayET": 0.00162,
        "awayPen": 0.0003
      }
    },
    {
      "stageCode": "LAST_16",
      "home": "Canada",
      "away": "Morocco",
      "knockout": true,
      "odds": {
        "homeReg": 0.17345,
        "homeET": 0.02456,
        "homePen": 0.08123,
        "awayReg": 0.48369,
        "awayET": 0.14192,
        "awayPen": 0.09515
      },
      "base": {
        "homeReg": 0.16862,
        "homeET": 0.02409,
        "homePen": 0.07973,
        "awayReg": 0.49039,
        "awayET": 0.14372,
        "awayPen": 0.09344
      },
      "delta": {
        "homeReg": 0.00483,
        "homeET": 0.00047,
        "homePen": 0.0015,
        "awayReg": -0.0067,
        "awayET": -0.0018,
        "awayPen": 0.00171
      }
    },
    {
      "stageCode": "LAST_16",
      "home": "Mexico",
      "away": "England",
      "knockout": true,
      "odds": {
        "homeReg": 0.28165,
        "homeET": 0.0668,
        "homePen": 0.11263,
        "awayReg": 0.34702,
        "awayET": 0.08826,
        "awayPen": 0.10363
      },
      "base": {
        "homeReg": 0.2807,
        "homeET": 0.06631,
        "homePen": 0.11262,
        "awayReg": 0.34843,
        "awayET": 0.08876,
        "awayPen": 0.10318
      },
      "delta": {
        "homeReg": 0.00095,
        "homeET": 0.00049,
        "homePen": 1e-05,
        "awayReg": -0.00141,
        "awayET": -0.0005,
        "awayPen": 0.00045
      }
    },
    {
      "stageCode": "LAST_16",
      "home": "Paraguay",
      "away": "France",
      "knockout": true,
      "odds": {
        "homeReg": 0.03388,
        "homeET": 0.0062,
        "homePen": 0.02901,
        "awayReg": 0.76492,
        "awayET": 0.12982,
        "awayPen": 0.03616
      },
      "base": {
        "homeReg": 0.03238,
        "homeET": 0.00622,
        "homePen": 0.02811,
        "awayReg": 0.76987,
        "awayET": 0.12831,
        "awayPen": 0.03513
      },
      "delta": {
        "homeReg": 0.0015,
        "homeET": -2e-05,
        "homePen": 0.0009,
        "awayReg": -0.00495,
        "awayET": 0.00151,
        "awayPen": 0.00103
      }
    },
    {
      "stageCode": "LAST_16",
      "home": "United States",
      "away": "Belgium",
      "knockout": true,
      "odds": {
        "homeReg": 0.35744,
        "homeET": 0.10265,
        "homePen": 0.10549,
        "awayReg": 0.27895,
        "awayET": 0.05318,
        "awayPen": 0.1023
      },
      "base": {
        "homeReg": 0.36112,
        "homeET": 0.10433,
        "homePen": 0.1054,
        "awayReg": 0.27649,
        "awayET": 0.05226,
        "awayPen": 0.10041
      },
      "delta": {
        "homeReg": -0.00368,
        "homeET": -0.00168,
        "homePen": 9e-05,
        "awayReg": 0.00246,
        "awayET": 0.00092,
        "awayPen": 0.00189
      }
    },
    {
      "stageCode": "LAST_32",
      "home": "Argentina",
      "away": "Cabo Verde",
      "knockout": true,
      "odds": {
        "homeReg": 0.71893,
        "homeET": 0.13937,
        "homePen": 0.04862,
        "awayReg": 0.04833,
        "awayET": 0.00782,
        "awayPen": 0.03692
      },
      "base": {
        "homeReg": 0.71774,
        "homeET": 0.13931,
        "homePen": 0.04874,
        "awayReg": 0.049,
        "awayET": 0.00785,
        "awayPen": 0.03735
      },
      "delta": {
        "homeReg": 0.00119,
        "homeET": 6e-05,
        "homePen": -0.00012,
        "awayReg": -0.00067,
        "awayET": -3e-05,
        "awayPen": -0.00043
      }
    },
    {
      "stageCode": "LAST_32",
      "home": "Australia",
      "away": "Egypt",
      "knockout": true,
      "odds": {
        "homeReg": 0.29852,
        "homeET": 0.07243,
        "homePen": 0.10749,
        "awayReg": 0.32584,
        "awayET": 0.08102,
        "awayPen": 0.1147
      },
      "base": {
        "homeReg": 0.31354,
        "homeET": 0.08116,
        "homePen": 0.10652,
        "awayReg": 0.30977,
        "awayET": 0.07308,
        "awayPen": 0.11595
      },
      "delta": {
        "homeReg": -0.01502,
        "homeET": -0.00873,
        "homePen": 0.00097,
        "awayReg": 0.01607,
        "awayET": 0.00794,
        "awayPen": -0.00125
      }
    },
    {
      "stageCode": "LAST_32",
      "home": "Colombia",
      "away": "Ghana",
      "knockout": true,
      "odds": {
        "homeReg": 0.48984,
        "homeET": 0.14491,
        "homePen": 0.09874,
        "awayReg": 0.15746,
        "awayET": 0.02295,
        "awayPen": 0.0861
      },
      "base": {
        "homeReg": 0.55238,
        "homeET": 0.15408,
        "homePen": 0.08365,
        "awayReg": 0.11911,
        "awayET": 0.01824,
        "awayPen": 0.07254
      },
      "delta": {
        "homeReg": -0.06254,
        "homeET": -0.00917,
        "homePen": 0.01509,
        "awayReg": 0.03835,
        "awayET": 0.00471,
        "awayPen": 0.01356
      }
    },
    {
      "stageCode": "LAST_32",
      "home": "Portugal",
      "away": "Croatia",
      "knockout": true,
      "odds": {
        "homeReg": 0.52007,
        "homeET": 0.14874,
        "homePen": 0.08288,
        "awayReg": 0.14714,
        "awayET": 0.02106,
        "awayPen": 0.08012
      },
      "base": {
        "homeReg": 0.50992,
        "homeET": 0.14695,
        "homePen": 0.08476,
        "awayReg": 0.15388,
        "awayET": 0.0219,
        "awayPen": 0.08258
      },
      "delta": {
        "homeReg": 0.01015,
        "homeET": 0.00179,
        "homePen": -0.00188,
        "awayReg": -0.00674,
        "awayET": -0.00084,
        "awayPen": -0.00246
      }
    },
    {
      "stageCode": "LAST_32",
      "home": "Switzerland",
      "away": "Algeria",
      "knockout": true,
      "odds": {
        "homeReg": 0.43223,
        "homeET": 0.12524,
        "homePen": 0.10379,
        "awayReg": 0.21903,
        "awayET": 0.03377,
        "awayPen": 0.08594
      },
      "base": {
        "homeReg": 0.45682,
        "homeET": 0.13542,
        "homePen": 0.09922,
        "awayReg": 0.20028,
        "awayET": 0.02636,
        "awayPen": 0.08189
      },
      "delta": {
        "homeReg": -0.02459,
        "homeET": -0.01018,
        "homePen": 0.00457,
        "awayReg": 0.01875,
        "awayET": 0.00741,
        "awayPen": 0.00405
      }
    }
  ]
}