{
  "generated": "2026-07-02T09:47:57.891255Z",
  "sims": 1000000,
  "games": [
    {
      "stageCode": "LAST_16",
      "home": "Brazil",
      "away": "Norway",
      "knockout": true,
      "odds": {
        "homeReg": 0.45872,
        "homeET": 0.13006,
        "homePen": 0.09492,
        "awayReg": 0.19828,
        "awayET": 0.02948,
        "awayPen": 0.08855
      },
      "base": {
        "homeReg": 0.46434,
        "homeET": 0.13272,
        "homePen": 0.09414,
        "awayReg": 0.19402,
        "awayET": 0.02747,
        "awayPen": 0.08731
      },
      "delta": {
        "homeReg": -0.00562,
        "homeET": -0.00266,
        "homePen": 0.00078,
        "awayReg": 0.00426,
        "awayET": 0.00201,
        "awayPen": 0.00124
      }
    },
    {
      "stageCode": "LAST_16",
      "home": "Canada",
      "away": "Morocco",
      "knockout": true,
      "odds": {
        "homeReg": 0.17186,
        "homeET": 0.02392,
        "homePen": 0.0805,
        "awayReg": 0.48758,
        "awayET": 0.14278,
        "awayPen": 0.09336
      },
      "base": {
        "homeReg": 0.16007,
        "homeET": 0.02323,
        "homePen": 0.07748,
        "awayReg": 0.50371,
        "awayET": 0.14519,
        "awayPen": 0.09032
      },
      "delta": {
        "homeReg": 0.01179,
        "homeET": 0.00069,
        "homePen": 0.00302,
        "awayReg": -0.01613,
        "awayET": -0.00241,
        "awayPen": 0.00304
      }
    },
    {
      "stageCode": "LAST_16",
      "home": "Mexico",
      "away": "England",
      "knockout": true,
      "odds": {
        "homeReg": 0.27602,
        "homeET": 0.06343,
        "homePen": 0.11232,
        "awayReg": 0.35403,
        "awayET": 0.0914,
        "awayPen": 0.10281
      },
      "base": {
        "homeReg": 0.2778,
        "homeET": 0.06403,
        "homePen": 0.11231,
        "awayReg": 0.35241,
        "awayET": 0.09048,
        "awayPen": 0.10297
      },
      "delta": {
        "homeReg": -0.00178,
        "homeET": -0.0006,
        "homePen": 1e-05,
        "awayReg": 0.00162,
        "awayET": 0.00092,
        "awayPen": -0.00016
      }
    },
    {
      "stageCode": "LAST_16",
      "home": "Paraguay",
      "away": "France",
      "knockout": true,
      "odds": {
        "homeReg": 0.04218,
        "homeET": 0.00722,
        "homePen": 0.03295,
        "awayReg": 0.74215,
        "awayET": 0.13514,
        "awayPen": 0.04036
      },
      "base": {
        "homeReg": 0.03571,
        "homeET": 0.00617,
        "homePen": 0.03029,
        "awayReg": 0.75973,
        "awayET": 0.13133,
        "awayPen": 0.03678
      },
      "delta": {
        "homeReg": 0.00647,
        "homeET": 0.00105,
        "homePen": 0.00266,
        "awayReg": -0.01758,
        "awayET": 0.00381,
        "awayPen": 0.00358
      }
    },
    {
      "stageCode": "LAST_16",
      "home": "United States",
      "away": "Belgium",
      "knockout": true,
      "odds": {
        "homeReg": 0.35901,
        "homeET": 0.10358,
        "homePen": 0.10529,
        "awayReg": 0.27813,
        "awayET": 0.0531,
        "awayPen": 0.1009
      },
      "base": {
        "homeReg": 0.35905,
        "homeET": 0.10358,
        "homePen": 0.10554,
        "awayReg": 0.27788,
        "awayET": 0.05316,
        "awayPen": 0.10079
      },
      "delta": {
        "homeReg": -4e-05,
        "homeET": null,
        "homePen": -0.00025,
        "awayReg": 0.00025,
        "awayET": -6e-05,
        "awayPen": 0.00011
      }
    },
    {
      "stageCode": "LAST_32",
      "home": "Argentina",
      "away": "Cabo Verde",
      "knockout": true,
      "odds": {
        "homeReg": 0.70869,
        "homeET": 0.1416,
        "homePen": 0.05155,
        "awayReg": 0.05131,
        "awayET": 0.00848,
        "awayPen": 0.03837
      },
      "base": {
        "homeReg": 0.72425,
        "homeET": 0.13928,
        "homePen": 0.04802,
        "awayReg": 0.04577,
        "awayET": 0.00763,
        "awayPen": 0.03506
      },
      "delta": {
        "homeReg": -0.01556,
        "homeET": 0.00232,
        "homePen": 0.00353,
        "awayReg": 0.00554,
        "awayET": 0.00085,
        "awayPen": 0.00331
      }
    },
    {
      "stageCode": "LAST_32",
      "home": "Australia",
      "away": "Egypt",
      "knockout": true,
      "odds": {
        "homeReg": 0.28031,
        "homeET": 0.06142,
        "homePen": 0.10762,
        "awayReg": 0.34373,
        "awayET": 0.09159,
        "awayPen": 0.11533
      },
      "base": {
        "homeReg": 0.31395,
        "homeET": 0.08027,
        "homePen": 0.1085,
        "awayReg": 0.30912,
        "awayET": 0.07316,
        "awayPen": 0.11499
      },
      "delta": {
        "homeReg": -0.03364,
        "homeET": -0.01885,
        "homePen": -0.00088,
        "awayReg": 0.03461,
        "awayET": 0.01843,
        "awayPen": 0.00034
      }
    },
    {
      "stageCode": "LAST_32",
      "home": "Colombia",
      "away": "Ghana",
      "knockout": true,
      "odds": {
        "homeReg": 0.52224,
        "homeET": 0.14914,
        "homePen": 0.09052,
        "awayReg": 0.13757,
        "awayET": 0.02062,
        "awayPen": 0.07991
      },
      "base": {
        "homeReg": 0.50676,
        "homeET": 0.14627,
        "homePen": 0.09442,
        "awayReg": 0.14769,
        "awayET": 0.02167,
        "awayPen": 0.08319
      },
      "delta": {
        "homeReg": 0.01548,
        "homeET": 0.00287,
        "homePen": -0.0039,
        "awayReg": -0.01012,
        "awayET": -0.00105,
        "awayPen": -0.00328
      }
    },
    {
      "stageCode": "LAST_32",
      "home": "Portugal",
      "away": "Croatia",
      "knockout": true,
      "odds": {
        "homeReg": 0.51396,
        "homeET": 0.14669,
        "homePen": 0.08433,
        "awayReg": 0.15319,
        "awayET": 0.02186,
        "awayPen": 0.07997
      },
      "base": {
        "homeReg": 0.5388,
        "homeET": 0.15,
        "homePen": 0.07877,
        "awayReg": 0.13697,
        "awayET": 0.02005,
        "awayPen": 0.07542
      },
      "delta": {
        "homeReg": -0.02484,
        "homeET": -0.00331,
        "homePen": 0.00556,
        "awayReg": 0.01622,
        "awayET": 0.00181,
        "awayPen": 0.00455
      }
    },
    {
      "stageCode": "LAST_32",
      "home": "Spain",
      "away": "Austria",
      "knockout": true,
      "odds": {
        "homeReg": 0.67165,
        "homeET": 0.14708,
        "homePen": 0.05573,
        "awayReg": 0.06757,
        "awayET": 0.01089,
        "awayPen": 0.04709
      },
      "base": {
        "homeReg": 0.68674,
        "homeET": 0.14472,
        "homePen": 0.05223,
        "awayReg": 0.06182,
        "awayET": 0.0103,
        "awayPen": 0.04419
      },
      "delta": {
        "homeReg": -0.01509,
        "homeET": 0.00236,
        "homePen": 0.0035,
        "awayReg": 0.00575,
        "awayET": 0.00059,
        "awayPen": 0.0029
      }
    },
    {
      "stageCode": "LAST_32",
      "home": "Switzerland",
      "away": "Algeria",
      "knockout": true,
      "odds": {
        "homeReg": 0.45411,
        "homeET": 0.13494,
        "homePen": 0.09975,
        "awayReg": 0.20119,
        "awayET": 0.02608,
        "awayPen": 0.08393
      },
      "base": {
        "homeReg": 0.47021,
        "homeET": 0.13872,
        "homePen": 0.09545,
        "awayReg": 0.19004,
        "awayET": 0.0247,
        "awayPen": 0.08086
      },
      "delta": {
        "homeReg": -0.0161,
        "homeET": -0.00378,
        "homePen": 0.0043,
        "awayReg": 0.01115,
        "awayET": 0.00138,
        "awayPen": 0.00307
      }
    }
  ]
}