{
  "generated": "2026-07-03T01:25:17.394593Z",
  "sims": 1000000,
  "games": [
    {
      "stageCode": "LAST_16",
      "home": "Brazil",
      "away": "Norway",
      "knockout": true,
      "odds": {
        "homeReg": 0.4621,
        "homeET": 0.13021,
        "homePen": 0.09353,
        "awayReg": 0.19672,
        "awayET": 0.02901,
        "awayPen": 0.08841
      },
      "base": {
        "homeReg": 0.46331,
        "homeET": 0.13048,
        "homePen": 0.09338,
        "awayReg": 0.19621,
        "awayET": 0.02856,
        "awayPen": 0.08805
      },
      "delta": {
        "homeReg": -0.00121,
        "homeET": -0.00027,
        "homePen": 0.00015,
        "awayReg": 0.00051,
        "awayET": 0.00045,
        "awayPen": 0.00036
      }
    },
    {
      "stageCode": "LAST_16",
      "home": "Canada",
      "away": "Morocco",
      "knockout": true,
      "odds": {
        "homeReg": 0.16765,
        "homeET": 0.02337,
        "homePen": 0.08052,
        "awayReg": 0.48958,
        "awayET": 0.14399,
        "awayPen": 0.09489
      },
      "base": {
        "homeReg": 0.16528,
        "homeET": 0.02312,
        "homePen": 0.07976,
        "awayReg": 0.49374,
        "awayET": 0.14449,
        "awayPen": 0.09359
      },
      "delta": {
        "homeReg": 0.00237,
        "homeET": 0.00025,
        "homePen": 0.00076,
        "awayReg": -0.00416,
        "awayET": -0.0005,
        "awayPen": 0.0013
      }
    },
    {
      "stageCode": "LAST_16",
      "home": "Mexico",
      "away": "England",
      "knockout": true,
      "odds": {
        "homeReg": 0.27942,
        "homeET": 0.06423,
        "homePen": 0.11276,
        "awayReg": 0.34991,
        "awayET": 0.08992,
        "awayPen": 0.10376
      },
      "base": {
        "homeReg": 0.28091,
        "homeET": 0.06513,
        "homePen": 0.11273,
        "awayReg": 0.3487,
        "awayET": 0.08864,
        "awayPen": 0.10389
      },
      "delta": {
        "homeReg": -0.00149,
        "homeET": -0.0009,
        "homePen": 3e-05,
        "awayReg": 0.00121,
        "awayET": 0.00128,
        "awayPen": -0.00013
      }
    },
    {
      "stageCode": "LAST_16",
      "home": "Paraguay",
      "away": "France",
      "knockout": true,
      "odds": {
        "homeReg": 0.03243,
        "homeET": 0.00568,
        "homePen": 0.0289,
        "awayReg": 0.77072,
        "awayET": 0.12744,
        "awayPen": 0.03481
      },
      "base": {
        "homeReg": 0.03589,
        "homeET": 0.00609,
        "homePen": 0.03021,
        "awayReg": 0.76082,
        "awayET": 0.13035,
        "awayPen": 0.03664
      },
      "delta": {
        "homeReg": -0.00346,
        "homeET": -0.00041,
        "homePen": -0.00131,
        "awayReg": 0.0099,
        "awayET": -0.00291,
        "awayPen": -0.00183
      }
    },
    {
      "stageCode": "LAST_16",
      "home": "United States",
      "away": "Belgium",
      "knockout": true,
      "odds": {
        "homeReg": 0.3454,
        "homeET": 0.09645,
        "homePen": 0.1069,
        "awayReg": 0.29114,
        "awayET": 0.05828,
        "awayPen": 0.10184
      },
      "base": {
        "homeReg": 0.35646,
        "homeET": 0.1027,
        "homePen": 0.10634,
        "awayReg": 0.28029,
        "awayET": 0.05344,
        "awayPen": 0.10077
      },
      "delta": {
        "homeReg": -0.01106,
        "homeET": -0.00625,
        "homePen": 0.00056,
        "awayReg": 0.01085,
        "awayET": 0.00484,
        "awayPen": 0.00107
      }
    },
    {
      "stageCode": "LAST_32",
      "home": "Argentina",
      "away": "Cabo Verde",
      "knockout": true,
      "odds": {
        "homeReg": 0.69686,
        "homeET": 0.14319,
        "homePen": 0.05369,
        "awayReg": 0.05659,
        "awayET": 0.00897,
        "awayPen": 0.04069
      },
      "base": {
        "homeReg": 0.71415,
        "homeET": 0.14162,
        "homePen": 0.04931,
        "awayReg": 0.04945,
        "awayET": 0.00792,
        "awayPen": 0.03757
      },
      "delta": {
        "homeReg": -0.01729,
        "homeET": 0.00157,
        "homePen": 0.00438,
        "awayReg": 0.00714,
        "awayET": 0.00105,
        "awayPen": 0.00312
      }
    },
    {
      "stageCode": "LAST_32",
      "home": "Australia",
      "away": "Egypt",
      "knockout": true,
      "odds": {
        "homeReg": 0.31327,
        "homeET": 0.0802,
        "homePen": 0.10679,
        "awayReg": 0.31046,
        "awayET": 0.0739,
        "awayPen": 0.11537
      },
      "base": {
        "homeReg": 0.29396,
        "homeET": 0.06984,
        "homePen": 0.10663,
        "awayReg": 0.33108,
        "awayET": 0.08356,
        "awayPen": 0.11493
      },
      "delta": {
        "homeReg": 0.01931,
        "homeET": 0.01036,
        "homePen": 0.00016,
        "awayReg": -0.02062,
        "awayET": -0.00966,
        "awayPen": 0.00044
      }
    },
    {
      "stageCode": "LAST_32",
      "home": "Colombia",
      "away": "Ghana",
      "knockout": true,
      "odds": {
        "homeReg": 0.51179,
        "homeET": 0.14757,
        "homePen": 0.09384,
        "awayReg": 0.14372,
        "awayET": 0.02143,
        "awayPen": 0.08164
      },
      "base": {
        "homeReg": 0.49928,
        "homeET": 0.14393,
        "homePen": 0.0977,
        "awayReg": 0.15252,
        "awayET": 0.02251,
        "awayPen": 0.08407
      },
      "delta": {
        "homeReg": 0.01251,
        "homeET": 0.00364,
        "homePen": -0.00386,
        "awayReg": -0.0088,
        "awayET": -0.00108,
        "awayPen": -0.00243
      }
    },
    {
      "stageCode": "LAST_32",
      "home": "Switzerland",
      "away": "Algeria",
      "knockout": true,
      "odds": {
        "homeReg": 0.42836,
        "homeET": 0.12239,
        "homePen": 0.10505,
        "awayReg": 0.22059,
        "awayET": 0.03504,
        "awayPen": 0.08857
      },
      "base": {
        "homeReg": 0.46569,
        "homeET": 0.13784,
        "homePen": 0.09789,
        "awayReg": 0.19157,
        "awayET": 0.02527,
        "awayPen": 0.08174
      },
      "delta": {
        "homeReg": -0.03733,
        "homeET": -0.01545,
        "homePen": 0.00716,
        "awayReg": 0.02902,
        "awayET": 0.00977,
        "awayPen": 0.00683
      }
    }
  ]
}