{
  "generated": "2026-07-03T01:35:41.400561Z",
  "sims": 1000000,
  "games": [
    {
      "stageCode": "LAST_16",
      "home": "Brazil",
      "away": "Norway",
      "knockout": true,
      "odds": {
        "homeReg": 0.45909,
        "homeET": 0.12929,
        "homePen": 0.09437,
        "awayReg": 0.19834,
        "awayET": 0.02979,
        "awayPen": 0.08911
      },
      "base": {
        "homeReg": 0.4621,
        "homeET": 0.13021,
        "homePen": 0.09353,
        "awayReg": 0.19672,
        "awayET": 0.02901,
        "awayPen": 0.08841
      },
      "delta": {
        "homeReg": -0.00301,
        "homeET": -0.00092,
        "homePen": 0.00084,
        "awayReg": 0.00162,
        "awayET": 0.00078,
        "awayPen": 0.0007
      }
    },
    {
      "stageCode": "LAST_16",
      "home": "Canada",
      "away": "Morocco",
      "knockout": true,
      "odds": {
        "homeReg": 0.16535,
        "homeET": 0.02311,
        "homePen": 0.07989,
        "awayReg": 0.49335,
        "awayET": 0.14462,
        "awayPen": 0.09367
      },
      "base": {
        "homeReg": 0.16765,
        "homeET": 0.02337,
        "homePen": 0.08052,
        "awayReg": 0.48958,
        "awayET": 0.14399,
        "awayPen": 0.09489
      },
      "delta": {
        "homeReg": -0.0023,
        "homeET": -0.00026,
        "homePen": -0.00063,
        "awayReg": 0.00377,
        "awayET": 0.00063,
        "awayPen": -0.00122
      }
    },
    {
      "stageCode": "LAST_16",
      "home": "Mexico",
      "away": "England",
      "knockout": true,
      "odds": {
        "homeReg": 0.277,
        "homeET": 0.06328,
        "homePen": 0.11242,
        "awayReg": 0.35239,
        "awayET": 0.09134,
        "awayPen": 0.10357
      },
      "base": {
        "homeReg": 0.27942,
        "homeET": 0.06423,
        "homePen": 0.11276,
        "awayReg": 0.34991,
        "awayET": 0.08992,
        "awayPen": 0.10376
      },
      "delta": {
        "homeReg": -0.00242,
        "homeET": -0.00095,
        "homePen": -0.00034,
        "awayReg": 0.00248,
        "awayET": 0.00142,
        "awayPen": -0.00019
      }
    },
    {
      "stageCode": "LAST_16",
      "home": "Paraguay",
      "away": "France",
      "knockout": true,
      "odds": {
        "homeReg": 0.03331,
        "homeET": 0.00579,
        "homePen": 0.02932,
        "awayReg": 0.76809,
        "awayET": 0.1282,
        "awayPen": 0.03529
      },
      "base": {
        "homeReg": 0.03243,
        "homeET": 0.00568,
        "homePen": 0.0289,
        "awayReg": 0.77072,
        "awayET": 0.12744,
        "awayPen": 0.03481
      },
      "delta": {
        "homeReg": 0.00088,
        "homeET": 0.00011,
        "homePen": 0.00042,
        "awayReg": -0.00263,
        "awayET": 0.00076,
        "awayPen": 0.00048
      }
    },
    {
      "stageCode": "LAST_16",
      "home": "United States",
      "away": "Belgium",
      "knockout": true,
      "odds": {
        "homeReg": 0.34625,
        "homeET": 0.09695,
        "homePen": 0.10676,
        "awayReg": 0.29025,
        "awayET": 0.05802,
        "awayPen": 0.10175
      },
      "base": {
        "homeReg": 0.3454,
        "homeET": 0.09645,
        "homePen": 0.1069,
        "awayReg": 0.29114,
        "awayET": 0.05828,
        "awayPen": 0.10184
      },
      "delta": {
        "homeReg": 0.00085,
        "homeET": 0.0005,
        "homePen": -0.00014,
        "awayReg": -0.00089,
        "awayET": -0.00026,
        "awayPen": -9e-05
      }
    },
    {
      "stageCode": "LAST_32",
      "home": "Argentina",
      "away": "Cabo Verde",
      "knockout": true,
      "odds": {
        "homeReg": 0.7091,
        "homeET": 0.14208,
        "homePen": 0.05045,
        "awayReg": 0.0514,
        "awayET": 0.00848,
        "awayPen": 0.03848
      },
      "base": {
        "homeReg": 0.69686,
        "homeET": 0.14319,
        "homePen": 0.05369,
        "awayReg": 0.05659,
        "awayET": 0.00897,
        "awayPen": 0.04069
      },
      "delta": {
        "homeReg": 0.01224,
        "homeET": -0.00111,
        "homePen": -0.00324,
        "awayReg": -0.00519,
        "awayET": -0.00049,
        "awayPen": -0.00221
      }
    },
    {
      "stageCode": "LAST_32",
      "home": "Australia",
      "away": "Egypt",
      "knockout": true,
      "odds": {
        "homeReg": 0.30906,
        "homeET": 0.07769,
        "homePen": 0.1068,
        "awayReg": 0.31518,
        "awayET": 0.07586,
        "awayPen": 0.11542
      },
      "base": {
        "homeReg": 0.31327,
        "homeET": 0.0802,
        "homePen": 0.10679,
        "awayReg": 0.31046,
        "awayET": 0.0739,
        "awayPen": 0.11537
      },
      "delta": {
        "homeReg": -0.00421,
        "homeET": -0.00251,
        "homePen": 1e-05,
        "awayReg": 0.00472,
        "awayET": 0.00196,
        "awayPen": 5e-05
      }
    },
    {
      "stageCode": "LAST_32",
      "home": "Colombia",
      "away": "Ghana",
      "knockout": true,
      "odds": {
        "homeReg": 0.52226,
        "homeET": 0.1495,
        "homePen": 0.09134,
        "awayReg": 0.13748,
        "awayET": 0.02029,
        "awayPen": 0.07912
      },
      "base": {
        "homeReg": 0.51179,
        "homeET": 0.14757,
        "homePen": 0.09384,
        "awayReg": 0.14372,
        "awayET": 0.02143,
        "awayPen": 0.08164
      },
      "delta": {
        "homeReg": 0.01047,
        "homeET": 0.00193,
        "homePen": -0.0025,
        "awayReg": -0.00624,
        "awayET": -0.00114,
        "awayPen": -0.00252
      }
    },
    {
      "stageCode": "LAST_32",
      "home": "Switzerland",
      "away": "Algeria",
      "knockout": true,
      "odds": {
        "homeReg": 0.41815,
        "homeET": 0.11739,
        "homePen": 0.10662,
        "awayReg": 0.22889,
        "awayET": 0.03896,
        "awayPen": 0.08998
      },
      "base": {
        "homeReg": 0.42836,
        "homeET": 0.12239,
        "homePen": 0.10505,
        "awayReg": 0.22059,
        "awayET": 0.03504,
        "awayPen": 0.08857
      },
      "delta": {
        "homeReg": -0.01021,
        "homeET": -0.005,
        "homePen": 0.00157,
        "awayReg": 0.0083,
        "awayET": 0.00392,
        "awayPen": 0.00141
      }
    }
  ]
}