{
  "generated": "2026-07-19T17:34:18.795387Z",
  "sims": 1000000,
  "games": [
    {
      "stageCode": "FINAL",
      "home": "Spain",
      "away": "Argentina",
      "knockout": true,
      "odds": {
        "homeReg": 0.38199,
        "homeET": 0.1166,
        "homePen": 0.10421,
        "awayReg": 0.25157,
        "awayET": 0.04081,
        "awayPen": 0.10483
      },
      "base": {
        "homeReg": 0.38401,
        "homeET": 0.1179,
        "homePen": 0.10407,
        "awayReg": 0.24979,
        "awayET": 0.0399,
        "awayPen": 0.10433
      },
      "delta": {
        "homeReg": -0.00202,
        "homeET": -0.0013,
        "homePen": 0.00014,
        "awayReg": 0.00178,
        "awayET": 0.00091,
        "awayPen": 0.0005
      }
    }
  ]
}