{
  "generated": "2026-07-01T22:38:23.010852Z",
  "sims": 1000000,
  "games": [
    {
      "stageCode": "LAST_16",
      "home": "Brazil",
      "away": "Norway",
      "knockout": true,
      "odds": {
        "homeReg": 0.45799,
        "homeET": 0.12981,
        "homePen": 0.09477,
        "awayReg": 0.19895,
        "awayET": 0.02934,
        "awayPen": 0.08914
      },
      "base": {
        "homeReg": 0.44716,
        "homeET": 0.12521,
        "homePen": 0.1229,
        "awayReg": 0.20655,
        "awayET": 0.03302,
        "awayPen": 0.06517
      },
      "delta": {
        "homeReg": 0.01083,
        "homeET": 0.0046,
        "homePen": -0.02813,
        "awayReg": -0.0076,
        "awayET": -0.00368,
        "awayPen": 0.02397
      }
    },
    {
      "stageCode": "LAST_16",
      "home": "Canada",
      "away": "Morocco",
      "knockout": true,
      "odds": {
        "homeReg": 0.16392,
        "homeET": 0.02274,
        "homePen": 0.07802,
        "awayReg": 0.49694,
        "awayET": 0.14544,
        "awayPen": 0.09294
      },
      "base": {
        "homeReg": 0.16515,
        "homeET": 0.02297,
        "homePen": 0.0387,
        "awayReg": 0.49467,
        "awayET": 0.14478,
        "awayPen": 0.13373
      },
      "delta": {
        "homeReg": -0.00123,
        "homeET": -0.00023,
        "homePen": 0.03932,
        "awayReg": 0.00227,
        "awayET": 0.00066,
        "awayPen": -0.04079
      }
    },
    {
      "stageCode": "LAST_16",
      "home": "Paraguay",
      "away": "France",
      "knockout": true,
      "odds": {
        "homeReg": 0.04108,
        "homeET": 0.00666,
        "homePen": 0.03294,
        "awayReg": 0.74518,
        "awayET": 0.13487,
        "awayPen": 0.03929
      },
      "base": {
        "homeReg": 0.0414,
        "homeET": 0.00665,
        "homePen": 0.0048,
        "awayReg": 0.74415,
        "awayET": 0.13506,
        "awayPen": 0.06794
      },
      "delta": {
        "homeReg": -0.00032,
        "homeET": 1e-05,
        "homePen": 0.02814,
        "awayReg": 0.00103,
        "awayET": -0.00019,
        "awayPen": -0.02865
      }
    },
    {
      "stageCode": "LAST_32",
      "home": "Argentina",
      "away": "Cabo Verde",
      "knockout": true,
      "odds": {
        "homeReg": 0.72,
        "homeET": 0.13939,
        "homePen": 0.04926,
        "awayReg": 0.04702,
        "awayET": 0.00785,
        "awayPen": 0.03649
      },
      "base": {
        "homeReg": 0.71732,
        "homeET": 0.14003,
        "homePen": 0.07955,
        "awayReg": 0.04806,
        "awayET": 0.00786,
        "awayPen": 0.00718
      },
      "delta": {
        "homeReg": 0.00268,
        "homeET": -0.00064,
        "homePen": -0.03029,
        "awayReg": -0.00104,
        "awayET": -1e-05,
        "awayPen": 0.02931
      }
    },
    {
      "stageCode": "LAST_32",
      "home": "Australia",
      "away": "Egypt",
      "knockout": true,
      "odds": {
        "homeReg": 0.31617,
        "homeET": 0.08279,
        "homePen": 0.10853,
        "awayReg": 0.30687,
        "awayET": 0.07052,
        "awayPen": 0.11512
      },
      "base": {
        "homeReg": 0.30306,
        "homeET": 0.07439,
        "homePen": 0.11162,
        "awayReg": 0.32053,
        "awayET": 0.07902,
        "awayPen": 0.11138
      },
      "delta": {
        "homeReg": 0.01311,
        "homeET": 0.0084,
        "homePen": -0.00309,
        "awayReg": -0.01366,
        "awayET": -0.0085,
        "awayPen": 0.00374
      }
    },
    {
      "stageCode": "LAST_32",
      "home": "Colombia",
      "away": "Ghana",
      "knockout": true,
      "odds": {
        "homeReg": 0.49645,
        "homeET": 0.1456,
        "homePen": 0.09662,
        "awayReg": 0.15391,
        "awayET": 0.02206,
        "awayPen": 0.08536
      },
      "base": {
        "homeReg": 0.50062,
        "homeET": 0.14616,
        "homePen": 0.13906,
        "awayReg": 0.15159,
        "awayET": 0.02179,
        "awayPen": 0.04077
      },
      "delta": {
        "homeReg": -0.00417,
        "homeET": -0.00056,
        "homePen": -0.04244,
        "awayReg": 0.00232,
        "awayET": 0.00027,
        "awayPen": 0.04459
      }
    },
    {
      "stageCode": "LAST_32",
      "home": "Portugal",
      "away": "Croatia",
      "knockout": true,
      "odds": {
        "homeReg": 0.50389,
        "homeET": 0.14644,
        "homePen": 0.0848,
        "awayReg": 0.15918,
        "awayET": 0.02187,
        "awayPen": 0.08382
      },
      "base": {
        "homeReg": 0.5098,
        "homeET": 0.14752,
        "homePen": 0.13084,
        "awayReg": 0.15499,
        "awayET": 0.02155,
        "awayPen": 0.03529
      },
      "delta": {
        "homeReg": -0.00591,
        "homeET": -0.00108,
        "homePen": -0.04604,
        "awayReg": 0.00419,
        "awayET": 0.00032,
        "awayPen": 0.04853
      }
    },
    {
      "stageCode": "LAST_32",
      "home": "Spain",
      "away": "Austria",
      "knockout": true,
      "odds": {
        "homeReg": 0.60974,
        "homeET": 0.14944,
        "homePen": 0.06932,
        "awayReg": 0.09964,
        "awayET": 0.01431,
        "awayPen": 0.05754
      },
      "base": {
        "homeReg": 0.62277,
        "homeET": 0.14998,
        "homePen": 0.10497,
        "awayReg": 0.09252,
        "awayET": 0.01329,
        "awayPen": 0.01648
      },
      "delta": {
        "homeReg": -0.01303,
        "homeET": -0.00054,
        "homePen": -0.03565,
        "awayReg": 0.00712,
        "awayET": 0.00102,
        "awayPen": 0.04106
      }
    },
    {
      "stageCode": "LAST_32",
      "home": "Switzerland",
      "away": "Algeria",
      "knockout": true,
      "odds": {
        "homeReg": 0.41276,
        "homeET": 0.11596,
        "homePen": 0.10742,
        "awayReg": 0.2332,
        "awayET": 0.04148,
        "awayPen": 0.08917
      },
      "base": {
        "homeReg": 0.41335,
        "homeET": 0.11634,
        "homePen": 0.12483,
        "awayReg": 0.23269,
        "awayET": 0.04109,
        "awayPen": 0.07171
      },
      "delta": {
        "homeReg": -0.00059,
        "homeET": -0.00038,
        "homePen": -0.01741,
        "awayReg": 0.00051,
        "awayET": 0.00039,
        "awayPen": 0.01746
      }
    },
    {
      "stageCode": "LAST_32",
      "home": "United States",
      "away": "Bosnia and Herzegovina",
      "knockout": true,
      "odds": {
        "homeReg": 0.48867,
        "homeET": 0.13836,
        "homePen": 0.09301,
        "awayReg": 0.17821,
        "awayET": 0.02355,
        "awayPen": 0.0782
      },
      "base": {
        "homeReg": 0.49358,
        "homeET": 0.13914,
        "homePen": 0.12111,
        "awayReg": 0.17521,
        "awayET": 0.02305,
        "awayPen": 0.0479
      },
      "delta": {
        "homeReg": -0.00491,
        "homeET": -0.00078,
        "homePen": -0.0281,
        "awayReg": 0.003,
        "awayET": 0.0005,
        "awayPen": 0.0303
      }
    }
  ]
}