{
  "generated": "2026-07-04T10:37:03.965100Z",
  "sims": 1000000,
  "games": [
    {
      "stageCode": "LAST_16",
      "home": "Argentina",
      "away": "Egypt",
      "knockout": true,
      "odds": {
        "homeReg": 0.67086,
        "homeET": 0.14661,
        "homePen": 0.05198,
        "awayReg": 0.07106,
        "awayET": 0.01051,
        "awayPen": 0.04899
      },
      "base": {
        "homeReg": 0.68051,
        "homeET": 0.14577,
        "homePen": 0.04962,
        "awayReg": 0.06704,
        "awayET": 0.00991,
        "awayPen": 0.04715
      },
      "delta": {
        "homeReg": -0.00965,
        "homeET": 0.00084,
        "homePen": 0.00236,
        "awayReg": 0.00402,
        "awayET": 0.0006,
        "awayPen": 0.00184
      }
    },
    {
      "stageCode": "LAST_16",
      "home": "Brazil",
      "away": "Norway",
      "knockout": true,
      "odds": {
        "homeReg": 0.46747,
        "homeET": 0.13288,
        "homePen": 0.0927,
        "awayReg": 0.19322,
        "awayET": 0.02657,
        "awayPen": 0.08715
      },
      "base": {
        "homeReg": 0.47009,
        "homeET": 0.13383,
        "homePen": 0.09226,
        "awayReg": 0.19115,
        "awayET": 0.02563,
        "awayPen": 0.08704
      },
      "delta": {
        "homeReg": -0.00262,
        "homeET": -0.00095,
        "homePen": 0.00044,
        "awayReg": 0.00207,
        "awayET": 0.00094,
        "awayPen": 0.00011
      }
    },
    {
      "stageCode": "LAST_16",
      "home": "Canada",
      "away": "Morocco",
      "knockout": true,
      "odds": {
        "homeReg": 0.15107,
        "homeET": 0.02142,
        "homePen": 0.07591,
        "awayReg": 0.51653,
        "awayET": 0.14704,
        "awayPen": 0.08803
      },
      "base": {
        "homeReg": 0.16082,
        "homeET": 0.02249,
        "homePen": 0.07884,
        "awayReg": 0.50287,
        "awayET": 0.14403,
        "awayPen": 0.09095
      },
      "delta": {
        "homeReg": -0.00975,
        "homeET": -0.00107,
        "homePen": -0.00293,
        "awayReg": 0.01366,
        "awayET": 0.00301,
        "awayPen": -0.00292
      }
    },
    {
      "stageCode": "LAST_16",
      "home": "Mexico",
      "away": "England",
      "knockout": true,
      "odds": {
        "homeReg": 0.28038,
        "homeET": 0.06491,
        "homePen": 0.11261,
        "awayReg": 0.35018,
        "awayET": 0.08853,
        "awayPen": 0.1034
      },
      "base": {
        "homeReg": 0.28408,
        "homeET": 0.06629,
        "homePen": 0.11249,
        "awayReg": 0.34669,
        "awayET": 0.08682,
        "awayPen": 0.10364
      },
      "delta": {
        "homeReg": -0.0037,
        "homeET": -0.00138,
        "homePen": 0.00012,
        "awayReg": 0.00349,
        "awayET": 0.00171,
        "awayPen": -0.00024
      }
    },
    {
      "stageCode": "LAST_16",
      "home": "Paraguay",
      "away": "France",
      "knockout": true,
      "odds": {
        "homeReg": 0.03127,
        "homeET": 0.00593,
        "homePen": 0.02784,
        "awayReg": 0.77431,
        "awayET": 0.12689,
        "awayPen": 0.03376
      },
      "base": {
        "homeReg": 0.02814,
        "homeET": 0.00534,
        "homePen": 0.02635,
        "awayReg": 0.78538,
        "awayET": 0.12334,
        "awayPen": 0.03145
      },
      "delta": {
        "homeReg": 0.00313,
        "homeET": 0.00059,
        "homePen": 0.00149,
        "awayReg": -0.01107,
        "awayET": 0.00355,
        "awayPen": 0.00231
      }
    },
    {
      "stageCode": "LAST_16",
      "home": "Portugal",
      "away": "Spain",
      "knockout": true,
      "odds": {
        "homeReg": 0.25767,
        "homeET": 0.05296,
        "homePen": 0.10486,
        "awayReg": 0.37139,
        "awayET": 0.10146,
        "awayPen": 0.11164
      },
      "base": {
        "homeReg": 0.25432,
        "homeET": 0.0513,
        "homePen": 0.10502,
        "awayReg": 0.37498,
        "awayET": 0.10319,
        "awayPen": 0.1112
      },
      "delta": {
        "homeReg": 0.00335,
        "homeET": 0.00166,
        "homePen": -0.00016,
        "awayReg": -0.00359,
        "awayET": -0.00173,
        "awayPen": 0.00044
      }
    },
    {
      "stageCode": "LAST_16",
      "home": "Switzerland",
      "away": "Colombia",
      "knockout": true,
      "odds": {
        "homeReg": 0.24262,
        "homeET": 0.04073,
        "homePen": 0.10752,
        "awayReg": 0.38727,
        "awayET": 0.11597,
        "awayPen": 0.10589
      },
      "base": {
        "homeReg": 0.24616,
        "homeET": 0.04278,
        "homePen": 0.1077,
        "awayReg": 0.38274,
        "awayET": 0.11422,
        "awayPen": 0.1064
      },
      "delta": {
        "homeReg": -0.00354,
        "homeET": -0.00205,
        "homePen": -0.00018,
        "awayReg": 0.00453,
        "awayET": 0.00175,
        "awayPen": -0.00051
      }
    },
    {
      "stageCode": "LAST_16",
      "home": "United States",
      "away": "Belgium",
      "knockout": true,
      "odds": {
        "homeReg": 0.35916,
        "homeET": 0.10292,
        "homePen": 0.10527,
        "awayReg": 0.278,
        "awayET": 0.05248,
        "awayPen": 0.10217
      },
      "base": {
        "homeReg": 0.35901,
        "homeET": 0.10282,
        "homePen": 0.10535,
        "awayReg": 0.27813,
        "awayET": 0.05079,
        "awayPen": 0.10222
      },
      "delta": {
        "homeReg": 0.00015,
        "homeET": 0.0001,
        "homePen": -8e-05,
        "awayReg": -0.00013,
        "awayET": 0.00169,
        "awayPen": -5e-05
      }
    }
  ]
}