{
  "generated": "2026-07-05T19:55:08.815974Z",
  "sims": 1000000,
  "games": [
    {
      "stageCode": "LAST_16",
      "home": "Argentina",
      "away": "Egypt",
      "knockout": true,
      "odds": {
        "homeReg": 0.68878,
        "homeET": 0.1438,
        "homePen": 0.04891,
        "awayReg": 0.06318,
        "awayET": 0.00973,
        "awayPen": 0.0456
      },
      "base": {
        "homeReg": 0.67612,
        "homeET": 0.14569,
        "homePen": 0.05189,
        "awayReg": 0.0685,
        "awayET": 0.01014,
        "awayPen": 0.04766
      },
      "delta": {
        "homeReg": 0.01266,
        "homeET": -0.00189,
        "homePen": -0.00298,
        "awayReg": -0.00532,
        "awayET": -0.00041,
        "awayPen": -0.00206
      }
    },
    {
      "stageCode": "LAST_16",
      "home": "Brazil",
      "away": "Norway",
      "knockout": true,
      "odds": {
        "homeReg": 0.48101,
        "homeET": 0.13753,
        "homePen": 0.09072,
        "awayReg": 0.18214,
        "awayET": 0.02398,
        "awayPen": 0.08463
      },
      "base": {
        "homeReg": 0.47739,
        "homeET": 0.13722,
        "homePen": 0.09155,
        "awayReg": 0.18441,
        "awayET": 0.02436,
        "awayPen": 0.08509
      },
      "delta": {
        "homeReg": 0.00362,
        "homeET": 0.00031,
        "homePen": -0.00083,
        "awayReg": -0.00227,
        "awayET": -0.00038,
        "awayPen": -0.00046
      }
    },
    {
      "stageCode": "LAST_16",
      "home": "Mexico",
      "away": "England",
      "knockout": true,
      "odds": {
        "homeReg": 0.28659,
        "homeET": 0.06784,
        "homePen": 0.11305,
        "awayReg": 0.3451,
        "awayET": 0.0856,
        "awayPen": 0.10182
      },
      "base": {
        "homeReg": 0.28919,
        "homeET": 0.06915,
        "homePen": 0.11307,
        "awayReg": 0.34246,
        "awayET": 0.08431,
        "awayPen": 0.10149
      },
      "delta": {
        "homeReg": -0.0026,
        "homeET": -0.00131,
        "homePen": -2e-05,
        "awayReg": 0.00264,
        "awayET": 0.00129,
        "awayPen": 0.00033
      }
    },
    {
      "stageCode": "LAST_16",
      "home": "Portugal",
      "away": "Spain",
      "knockout": true,
      "odds": {
        "homeReg": 0.25144,
        "homeET": 0.05109,
        "homePen": 0.10425,
        "awayReg": 0.37982,
        "awayET": 0.10362,
        "awayPen": 0.10978
      },
      "base": {
        "homeReg": 0.25037,
        "homeET": 0.05049,
        "homePen": 0.10395,
        "awayReg": 0.38094,
        "awayET": 0.10442,
        "awayPen": 0.10984
      },
      "delta": {
        "homeReg": 0.00107,
        "homeET": 0.0006,
        "homePen": 0.0003,
        "awayReg": -0.00112,
        "awayET": -0.0008,
        "awayPen": -6e-05
      }
    },
    {
      "stageCode": "LAST_16",
      "home": "Switzerland",
      "away": "Colombia",
      "knockout": true,
      "odds": {
        "homeReg": 0.24492,
        "homeET": 0.04254,
        "homePen": 0.10719,
        "awayReg": 0.38406,
        "awayET": 0.11668,
        "awayPen": 0.10461
      },
      "base": {
        "homeReg": 0.23691,
        "homeET": 0.03814,
        "homePen": 0.10542,
        "awayReg": 0.39465,
        "awayET": 0.12108,
        "awayPen": 0.10381
      },
      "delta": {
        "homeReg": 0.00801,
        "homeET": 0.0044,
        "homePen": 0.00177,
        "awayReg": -0.01059,
        "awayET": -0.0044,
        "awayPen": 0.0008
      }
    },
    {
      "stageCode": "LAST_16",
      "home": "United States",
      "away": "Belgium",
      "knockout": true,
      "odds": {
        "homeReg": 0.3637,
        "homeET": 0.10416,
        "homePen": 0.10476,
        "awayReg": 0.27477,
        "awayET": 0.05112,
        "awayPen": 0.10149
      },
      "base": {
        "homeReg": 0.36133,
        "homeET": 0.10258,
        "homePen": 0.1049,
        "awayReg": 0.27713,
        "awayET": 0.05264,
        "awayPen": 0.10142
      },
      "delta": {
        "homeReg": 0.00237,
        "homeET": 0.00158,
        "homePen": -0.00014,
        "awayReg": -0.00236,
        "awayET": -0.00152,
        "awayPen": 7e-05
      }
    },
    {
      "stageCode": "QUARTER_FINALS",
      "home": "France",
      "away": "Morocco",
      "knockout": true,
      "odds": {
        "homeReg": 0.57251,
        "homeET": 0.15166,
        "homePen": 0.06918,
        "awayReg": 0.11935,
        "awayET": 0.0176,
        "awayPen": 0.0697
      },
      "base": {
        "homeReg": 0.57615,
        "homeET": 0.15184,
        "homePen": 0.06897,
        "awayReg": 0.11671,
        "awayET": 0.01741,
        "awayPen": 0.06891
      },
      "delta": {
        "homeReg": -0.00364,
        "homeET": -0.00018,
        "homePen": 0.00021,
        "awayReg": 0.00264,
        "awayET": 0.00019,
        "awayPen": 0.00079
      }
    }
  ]
}