{
  "generated": "2026-07-14T06:37:19.347615Z",
  "sims": 1000000,
  "games": [
    {
      "stageCode": "SEMI_FINALS",
      "home": "England",
      "away": "Argentina",
      "knockout": true,
      "odds": {
        "homeReg": 0.31496,
        "homeET": 0.08753,
        "homePen": 0.10003,
        "awayReg": 0.32443,
        "awayET": 0.06639,
        "awayPen": 0.10666
      },
      "base": {
        "homeReg": 0.31547,
        "homeET": 0.08793,
        "homePen": 0.09996,
        "awayReg": 0.32405,
        "awayET": 0.06602,
        "awayPen": 0.10657
      },
      "delta": {
        "homeReg": -0.00051,
        "homeET": -0.0004,
        "homePen": 7e-05,
        "awayReg": 0.00038,
        "awayET": 0.00037,
        "awayPen": 9e-05
      }
    },
    {
      "stageCode": "SEMI_FINALS",
      "home": "France",
      "away": "Spain",
      "knockout": true,
      "odds": {
        "homeReg": 0.36939,
        "homeET": 0.10526,
        "homePen": 0.11155,
        "awayReg": 0.26182,
        "awayET": 0.04988,
        "awayPen": 0.1021
      },
      "base": {
        "homeReg": 0.36882,
        "homeET": 0.10485,
        "homePen": 0.11145,
        "awayReg": 0.26249,
        "awayET": 0.05015,
        "awayPen": 0.10225
      },
      "delta": {
        "homeReg": 0.00057,
        "homeET": 0.00041,
        "homePen": 0.0001,
        "awayReg": -0.00067,
        "awayET": -0.00027,
        "awayPen": -0.00015
      }
    }
  ]
}