{
  "generated": "2026-07-05T15:51:39.138756Z",
  "sims": 1000000,
  "games": [
    {
      "stageCode": "LAST_16",
      "home": "Argentina",
      "away": "Egypt",
      "knockout": true,
      "odds": {
        "homeReg": 0.68995,
        "homeET": 0.14392,
        "homePen": 0.0486,
        "awayReg": 0.06259,
        "awayET": 0.00979,
        "awayPen": 0.04515
      },
      "base": {
        "homeReg": 0.69546,
        "homeET": 0.14325,
        "homePen": 0.04759,
        "awayReg": 0.05997,
        "awayET": 0.00964,
        "awayPen": 0.04408
      },
      "delta": {
        "homeReg": -0.00551,
        "homeET": 0.00067,
        "homePen": 0.00101,
        "awayReg": 0.00262,
        "awayET": 0.00015,
        "awayPen": 0.00107
      }
    },
    {
      "stageCode": "LAST_16",
      "home": "Brazil",
      "away": "Norway",
      "knockout": true,
      "odds": {
        "homeReg": 0.48296,
        "homeET": 0.13778,
        "homePen": 0.09027,
        "awayReg": 0.18089,
        "awayET": 0.0237,
        "awayPen": 0.0844
      },
      "base": {
        "homeReg": 0.48013,
        "homeET": 0.13738,
        "homePen": 0.09097,
        "awayReg": 0.18274,
        "awayET": 0.02422,
        "awayPen": 0.08457
      },
      "delta": {
        "homeReg": 0.00283,
        "homeET": 0.0004,
        "homePen": -0.0007,
        "awayReg": -0.00185,
        "awayET": -0.00052,
        "awayPen": -0.00017
      }
    },
    {
      "stageCode": "LAST_16",
      "home": "Mexico",
      "away": "England",
      "knockout": true,
      "odds": {
        "homeReg": 0.28147,
        "homeET": 0.0652,
        "homePen": 0.11315,
        "awayReg": 0.3503,
        "awayET": 0.0884,
        "awayPen": 0.10149
      },
      "base": {
        "homeReg": 0.28223,
        "homeET": 0.06576,
        "homePen": 0.11309,
        "awayReg": 0.34962,
        "awayET": 0.08795,
        "awayPen": 0.10136
      },
      "delta": {
        "homeReg": -0.00076,
        "homeET": -0.00056,
        "homePen": 6e-05,
        "awayReg": 0.00068,
        "awayET": 0.00045,
        "awayPen": 0.00013
      }
    },
    {
      "stageCode": "LAST_16",
      "home": "Portugal",
      "away": "Spain",
      "knockout": true,
      "odds": {
        "homeReg": 0.25004,
        "homeET": 0.05024,
        "homePen": 0.10397,
        "awayReg": 0.38135,
        "awayET": 0.10457,
        "awayPen": 0.10984
      },
      "base": {
        "homeReg": 0.24902,
        "homeET": 0.04971,
        "homePen": 0.10398,
        "awayReg": 0.38254,
        "awayET": 0.10496,
        "awayPen": 0.10978
      },
      "delta": {
        "homeReg": 0.00102,
        "homeET": 0.00053,
        "homePen": -1e-05,
        "awayReg": -0.00119,
        "awayET": -0.00039,
        "awayPen": 6e-05
      }
    },
    {
      "stageCode": "LAST_16",
      "home": "Switzerland",
      "away": "Colombia",
      "knockout": true,
      "odds": {
        "homeReg": 0.23743,
        "homeET": 0.03816,
        "homePen": 0.10539,
        "awayReg": 0.39433,
        "awayET": 0.12087,
        "awayPen": 0.10382
      },
      "base": {
        "homeReg": 0.24927,
        "homeET": 0.04503,
        "homePen": 0.10795,
        "awayReg": 0.37884,
        "awayET": 0.11325,
        "awayPen": 0.10565
      },
      "delta": {
        "homeReg": -0.01184,
        "homeET": -0.00687,
        "homePen": -0.00256,
        "awayReg": 0.01549,
        "awayET": 0.00762,
        "awayPen": -0.00183
      }
    },
    {
      "stageCode": "LAST_16",
      "home": "United States",
      "away": "Belgium",
      "knockout": true,
      "odds": {
        "homeReg": 0.36283,
        "homeET": 0.10363,
        "homePen": 0.10495,
        "awayReg": 0.27551,
        "awayET": 0.05165,
        "awayPen": 0.10143
      },
      "base": {
        "homeReg": 0.36484,
        "homeET": 0.10469,
        "homePen": 0.10468,
        "awayReg": 0.27369,
        "awayET": 0.05063,
        "awayPen": 0.10147
      },
      "delta": {
        "homeReg": -0.00201,
        "homeET": -0.00106,
        "homePen": 0.00027,
        "awayReg": 0.00182,
        "awayET": 0.00102,
        "awayPen": -4e-05
      }
    },
    {
      "stageCode": "QUARTER_FINALS",
      "home": "France",
      "away": "Morocco",
      "knockout": true,
      "odds": {
        "homeReg": 0.57763,
        "homeET": 0.15197,
        "homePen": 0.06857,
        "awayReg": 0.11573,
        "awayET": 0.01728,
        "awayPen": 0.06882
      },
      "base": {
        "homeReg": 0.56936,
        "homeET": 0.15152,
        "homePen": 0.06972,
        "awayReg": 0.12109,
        "awayET": 0.0178,
        "awayPen": 0.07051
      },
      "delta": {
        "homeReg": 0.00827,
        "homeET": 0.00045,
        "homePen": -0.00115,
        "awayReg": -0.00536,
        "awayET": -0.00052,
        "awayPen": -0.00169
      }
    }
  ]
}