{
  "generated": "2026-07-13T21:32:00.565821Z",
  "sims": 1000000,
  "games": [
    {
      "stageCode": "SEMI_FINALS",
      "home": "England",
      "away": "Argentina",
      "knockout": true,
      "odds": {
        "homeReg": 0.31601,
        "homeET": 0.088,
        "homePen": 0.09997,
        "awayReg": 0.32364,
        "awayET": 0.06581,
        "awayPen": 0.10655
      },
      "base": {
        "homeReg": 0.31083,
        "homeET": 0.08523,
        "homePen": 0.10014,
        "awayReg": 0.32926,
        "awayET": 0.06822,
        "awayPen": 0.10633
      },
      "delta": {
        "homeReg": 0.00518,
        "homeET": 0.00277,
        "homePen": -0.00017,
        "awayReg": -0.00562,
        "awayET": -0.00241,
        "awayPen": 0.00022
      }
    },
    {
      "stageCode": "SEMI_FINALS",
      "home": "France",
      "away": "Spain",
      "knockout": true,
      "odds": {
        "homeReg": 0.37311,
        "homeET": 0.10768,
        "homePen": 0.11101,
        "awayReg": 0.25878,
        "awayET": 0.04775,
        "awayPen": 0.10168
      },
      "base": {
        "homeReg": 0.37115,
        "homeET": 0.10647,
        "homePen": 0.11132,
        "awayReg": 0.26015,
        "awayET": 0.04898,
        "awayPen": 0.10193
      },
      "delta": {
        "homeReg": 0.00196,
        "homeET": 0.00121,
        "homePen": -0.00031,
        "awayReg": -0.00137,
        "awayET": -0.00123,
        "awayPen": -0.00025
      }
    }
  ]
}