{
  "generated": "2026-07-14T10:19:52.823732Z",
  "sims": 1000000,
  "games": [
    {
      "stageCode": "SEMI_FINALS",
      "home": "England",
      "away": "Argentina",
      "knockout": true,
      "odds": {
        "homeReg": 0.31668,
        "homeET": 0.0883,
        "homePen": 0.1,
        "awayReg": 0.32293,
        "awayET": 0.06555,
        "awayPen": 0.10654
      },
      "base": {
        "homeReg": 0.31496,
        "homeET": 0.08753,
        "homePen": 0.10003,
        "awayReg": 0.32443,
        "awayET": 0.06639,
        "awayPen": 0.10666
      },
      "delta": {
        "homeReg": 0.00172,
        "homeET": 0.00077,
        "homePen": -3e-05,
        "awayReg": -0.0015,
        "awayET": -0.00084,
        "awayPen": -0.00012
      }
    },
    {
      "stageCode": "SEMI_FINALS",
      "home": "France",
      "away": "Spain",
      "knockout": true,
      "odds": {
        "homeReg": 0.37277,
        "homeET": 0.10744,
        "homePen": 0.11121,
        "awayReg": 0.25899,
        "awayET": 0.04793,
        "awayPen": 0.10167
      },
      "base": {
        "homeReg": 0.36939,
        "homeET": 0.10526,
        "homePen": 0.11155,
        "awayReg": 0.26182,
        "awayET": 0.04988,
        "awayPen": 0.1021
      },
      "delta": {
        "homeReg": 0.00338,
        "homeET": 0.00218,
        "homePen": -0.00034,
        "awayReg": -0.00283,
        "awayET": -0.00195,
        "awayPen": -0.00043
      }
    }
  ]
}