{
  "generated": "2026-07-03T11:13:44.381438Z",
  "sims": 1000000,
  "games": [
    {
      "stageCode": "LAST_16",
      "home": "Brazil",
      "away": "Norway",
      "knockout": true,
      "odds": {
        "homeReg": 0.46479,
        "homeET": 0.13395,
        "homePen": 0.09371,
        "awayReg": 0.19265,
        "awayET": 0.02741,
        "awayPen": 0.08748
      },
      "base": {
        "homeReg": 0.46263,
        "homeET": 0.13287,
        "homePen": 0.09426,
        "awayReg": 0.1942,
        "awayET": 0.02819,
        "awayPen": 0.08784
      },
      "delta": {
        "homeReg": 0.00216,
        "homeET": 0.00108,
        "homePen": -0.00055,
        "awayReg": -0.00155,
        "awayET": -0.00078,
        "awayPen": -0.00036
      }
    },
    {
      "stageCode": "LAST_16",
      "home": "Canada",
      "away": "Morocco",
      "knockout": true,
      "odds": {
        "homeReg": 0.17488,
        "homeET": 0.02382,
        "homePen": 0.0821,
        "awayReg": 0.48276,
        "awayET": 0.14236,
        "awayPen": 0.09408
      },
      "base": {
        "homeReg": 0.16867,
        "homeET": 0.02299,
        "homePen": 0.08001,
        "awayReg": 0.49223,
        "awayET": 0.14421,
        "awayPen": 0.09189
      },
      "delta": {
        "homeReg": 0.00621,
        "homeET": 0.00083,
        "homePen": 0.00209,
        "awayReg": -0.00947,
        "awayET": -0.00185,
        "awayPen": 0.00219
      }
    },
    {
      "stageCode": "LAST_16",
      "home": "Mexico",
      "away": "England",
      "knockout": true,
      "odds": {
        "homeReg": 0.2782,
        "homeET": 0.06326,
        "homePen": 0.11299,
        "awayReg": 0.35169,
        "awayET": 0.09027,
        "awayPen": 0.10358
      },
      "base": {
        "homeReg": 0.27675,
        "homeET": 0.06284,
        "homePen": 0.11277,
        "awayReg": 0.35343,
        "awayET": 0.09083,
        "awayPen": 0.10338
      },
      "delta": {
        "homeReg": 0.00145,
        "homeET": 0.00042,
        "homePen": 0.00022,
        "awayReg": -0.00174,
        "awayET": -0.00056,
        "awayPen": 0.0002
      }
    },
    {
      "stageCode": "LAST_16",
      "home": "Paraguay",
      "away": "France",
      "knockout": true,
      "odds": {
        "homeReg": 0.0349,
        "homeET": 0.00618,
        "homePen": 0.02965,
        "awayReg": 0.76369,
        "awayET": 0.1294,
        "awayPen": 0.03619
      },
      "base": {
        "homeReg": 0.03773,
        "homeET": 0.00636,
        "homePen": 0.03085,
        "awayReg": 0.75637,
        "awayET": 0.13101,
        "awayPen": 0.03768
      },
      "delta": {
        "homeReg": -0.00283,
        "homeET": -0.00018,
        "homePen": -0.0012,
        "awayReg": 0.00732,
        "awayET": -0.00161,
        "awayPen": -0.00149
      }
    },
    {
      "stageCode": "LAST_16",
      "home": "Portugal",
      "away": "Spain",
      "knockout": true,
      "odds": {
        "homeReg": 0.26437,
        "homeET": 0.05847,
        "homePen": 0.10529,
        "awayReg": 0.36267,
        "awayET": 0.09584,
        "awayPen": 0.11338
      },
      "base": {
        "homeReg": 0.26652,
        "homeET": 0.0597,
        "homePen": 0.10556,
        "awayReg": 0.36043,
        "awayET": 0.09478,
        "awayPen": 0.11302
      },
      "delta": {
        "homeReg": -0.00215,
        "homeET": -0.00123,
        "homePen": -0.00027,
        "awayReg": 0.00224,
        "awayET": 0.00106,
        "awayPen": 0.00036
      }
    },
    {
      "stageCode": "LAST_16",
      "home": "United States",
      "away": "Belgium",
      "knockout": true,
      "odds": {
        "homeReg": 0.3627,
        "homeET": 0.10636,
        "homePen": 0.10598,
        "awayReg": 0.27357,
        "awayET": 0.05069,
        "awayPen": 0.10068
      },
      "base": {
        "homeReg": 0.36479,
        "homeET": 0.1071,
        "homePen": 0.10584,
        "awayReg": 0.27207,
        "awayET": 0.04972,
        "awayPen": 0.10048
      },
      "delta": {
        "homeReg": -0.00209,
        "homeET": -0.00074,
        "homePen": 0.00014,
        "awayReg": 0.0015,
        "awayET": 0.00097,
        "awayPen": 0.0002
      }
    },
    {
      "stageCode": "LAST_32",
      "home": "Argentina",
      "away": "Cabo Verde",
      "knockout": true,
      "odds": {
        "homeReg": 0.72441,
        "homeET": 0.13838,
        "homePen": 0.04725,
        "awayReg": 0.04707,
        "awayET": 0.00747,
        "awayPen": 0.03542
      },
      "base": {
        "homeReg": 0.71542,
        "homeET": 0.1406,
        "homePen": 0.04927,
        "awayReg": 0.04983,
        "awayET": 0.00783,
        "awayPen": 0.03704
      },
      "delta": {
        "homeReg": 0.00899,
        "homeET": -0.00222,
        "homePen": -0.00202,
        "awayReg": -0.00276,
        "awayET": -0.00036,
        "awayPen": -0.00162
      }
    },
    {
      "stageCode": "LAST_32",
      "home": "Australia",
      "away": "Egypt",
      "knockout": true,
      "odds": {
        "homeReg": 0.30425,
        "homeET": 0.07405,
        "homePen": 0.10758,
        "awayReg": 0.32,
        "awayET": 0.07763,
        "awayPen": 0.11648
      },
      "base": {
        "homeReg": 0.28277,
        "homeET": 0.06162,
        "homePen": 0.10741,
        "awayReg": 0.3419,
        "awayET": 0.09039,
        "awayPen": 0.1159
      },
      "delta": {
        "homeReg": 0.02148,
        "homeET": 0.01243,
        "homePen": 0.00017,
        "awayReg": -0.0219,
        "awayET": -0.01276,
        "awayPen": 0.00058
      }
    },
    {
      "stageCode": "LAST_32",
      "home": "Colombia",
      "away": "Ghana",
      "knockout": true,
      "odds": {
        "homeReg": 0.53522,
        "homeET": 0.15086,
        "homePen": 0.0869,
        "awayReg": 0.13064,
        "awayET": 0.01896,
        "awayPen": 0.07741
      },
      "base": {
        "homeReg": 0.51633,
        "homeET": 0.14825,
        "homePen": 0.09131,
        "awayReg": 0.14241,
        "awayET": 0.02039,
        "awayPen": 0.08131
      },
      "delta": {
        "homeReg": 0.01889,
        "homeET": 0.00261,
        "homePen": -0.00441,
        "awayReg": -0.01177,
        "awayET": -0.00143,
        "awayPen": -0.0039
      }
    }
  ]
}