{
  "generated": "2026-07-02T18:18:19.703355Z",
  "sims": 1000000,
  "games": [
    {
      "stageCode": "LAST_16",
      "home": "Brazil",
      "away": "Norway",
      "knockout": true,
      "odds": {
        "homeReg": 0.46178,
        "homeET": 0.13189,
        "homePen": 0.09435,
        "awayReg": 0.19581,
        "awayET": 0.02826,
        "awayPen": 0.08791
      },
      "base": {
        "homeReg": 0.45921,
        "homeET": 0.13057,
        "homePen": 0.09481,
        "awayReg": 0.19762,
        "awayET": 0.02927,
        "awayPen": 0.08851
      },
      "delta": {
        "homeReg": 0.00257,
        "homeET": 0.00132,
        "homePen": -0.00046,
        "awayReg": -0.00181,
        "awayET": -0.00101,
        "awayPen": -0.0006
      }
    },
    {
      "stageCode": "LAST_16",
      "home": "Canada",
      "away": "Morocco",
      "knockout": true,
      "odds": {
        "homeReg": 0.16645,
        "homeET": 0.02343,
        "homePen": 0.07898,
        "awayReg": 0.49539,
        "awayET": 0.14432,
        "awayPen": 0.09143
      },
      "base": {
        "homeReg": 0.16867,
        "homeET": 0.02372,
        "homePen": 0.07961,
        "awayReg": 0.49193,
        "awayET": 0.14378,
        "awayPen": 0.09229
      },
      "delta": {
        "homeReg": -0.00222,
        "homeET": -0.00029,
        "homePen": -0.00063,
        "awayReg": 0.00346,
        "awayET": 0.00054,
        "awayPen": -0.00086
      }
    },
    {
      "stageCode": "LAST_16",
      "home": "Mexico",
      "away": "England",
      "knockout": true,
      "odds": {
        "homeReg": 0.27558,
        "homeET": 0.0631,
        "homePen": 0.11225,
        "awayReg": 0.35465,
        "awayET": 0.0917,
        "awayPen": 0.10271
      },
      "base": {
        "homeReg": 0.27574,
        "homeET": 0.06331,
        "homePen": 0.11223,
        "awayReg": 0.35453,
        "awayET": 0.09152,
        "awayPen": 0.10267
      },
      "delta": {
        "homeReg": -0.00016,
        "homeET": -0.00021,
        "homePen": 2e-05,
        "awayReg": 0.00012,
        "awayET": 0.00018,
        "awayPen": 4e-05
      }
    },
    {
      "stageCode": "LAST_16",
      "home": "Paraguay",
      "away": "France",
      "knockout": true,
      "odds": {
        "homeReg": 0.03009,
        "homeET": 0.00562,
        "homePen": 0.02762,
        "awayReg": 0.77523,
        "awayET": 0.12748,
        "awayPen": 0.03397
      },
      "base": {
        "homeReg": 0.02877,
        "homeET": 0.00544,
        "homePen": 0.0266,
        "awayReg": 0.78066,
        "awayET": 0.12557,
        "awayPen": 0.03296
      },
      "delta": {
        "homeReg": 0.00132,
        "homeET": 0.00018,
        "homePen": 0.00102,
        "awayReg": -0.00543,
        "awayET": 0.00191,
        "awayPen": 0.00101
      }
    },
    {
      "stageCode": "LAST_16",
      "home": "United States",
      "away": "Belgium",
      "knockout": true,
      "odds": {
        "homeReg": 0.35408,
        "homeET": 0.10117,
        "homePen": 0.10595,
        "awayReg": 0.28234,
        "awayET": 0.05507,
        "awayPen": 0.1014
      },
      "base": {
        "homeReg": 0.36158,
        "homeET": 0.105,
        "homePen": 0.10557,
        "awayReg": 0.27582,
        "awayET": 0.05178,
        "awayPen": 0.10025
      },
      "delta": {
        "homeReg": -0.0075,
        "homeET": -0.00383,
        "homePen": 0.00038,
        "awayReg": 0.00652,
        "awayET": 0.00329,
        "awayPen": 0.00115
      }
    },
    {
      "stageCode": "LAST_32",
      "home": "Argentina",
      "away": "Cabo Verde",
      "knockout": true,
      "odds": {
        "homeReg": 0.72703,
        "homeET": 0.13931,
        "homePen": 0.04732,
        "awayReg": 0.04435,
        "awayET": 0.00743,
        "awayPen": 0.03456
      },
      "base": {
        "homeReg": 0.71249,
        "homeET": 0.14095,
        "homePen": 0.05085,
        "awayReg": 0.04999,
        "awayET": 0.00828,
        "awayPen": 0.03744
      },
      "delta": {
        "homeReg": 0.01454,
        "homeET": -0.00164,
        "homePen": -0.00353,
        "awayReg": -0.00564,
        "awayET": -0.00085,
        "awayPen": -0.00288
      }
    },
    {
      "stageCode": "LAST_32",
      "home": "Australia",
      "away": "Egypt",
      "knockout": true,
      "odds": {
        "homeReg": 0.30513,
        "homeET": 0.07571,
        "homePen": 0.10809,
        "awayReg": 0.31794,
        "awayET": 0.07796,
        "awayPen": 0.11517
      },
      "base": {
        "homeReg": 0.3105,
        "homeET": 0.07862,
        "homePen": 0.10849,
        "awayReg": 0.31246,
        "awayET": 0.07483,
        "awayPen": 0.1151
      },
      "delta": {
        "homeReg": -0.00537,
        "homeET": -0.00291,
        "homePen": -0.0004,
        "awayReg": 0.00548,
        "awayET": 0.00313,
        "awayPen": 7e-05
      }
    },
    {
      "stageCode": "LAST_32",
      "home": "Colombia",
      "away": "Ghana",
      "knockout": true,
      "odds": {
        "homeReg": 0.53654,
        "homeET": 0.15143,
        "homePen": 0.087,
        "awayReg": 0.12826,
        "awayET": 0.01964,
        "awayPen": 0.07712
      },
      "base": {
        "homeReg": 0.54348,
        "homeET": 0.15165,
        "homePen": 0.08568,
        "awayReg": 0.12462,
        "awayET": 0.01884,
        "awayPen": 0.07573
      },
      "delta": {
        "homeReg": -0.00694,
        "homeET": -0.00022,
        "homePen": 0.00132,
        "awayReg": 0.00364,
        "awayET": 0.0008,
        "awayPen": 0.00139
      }
    },
    {
      "stageCode": "LAST_32",
      "home": "Portugal",
      "away": "Croatia",
      "knockout": true,
      "odds": {
        "homeReg": 0.52195,
        "homeET": 0.14824,
        "homePen": 0.08217,
        "awayReg": 0.14772,
        "awayET": 0.02136,
        "awayPen": 0.07855
      },
      "base": {
        "homeReg": 0.53897,
        "homeET": 0.15,
        "homePen": 0.0787,
        "awayReg": 0.13688,
        "awayET": 0.02002,
        "awayPen": 0.07543
      },
      "delta": {
        "homeReg": -0.01702,
        "homeET": -0.00176,
        "homePen": 0.00347,
        "awayReg": 0.01084,
        "awayET": 0.00134,
        "awayPen": 0.00312
      }
    },
    {
      "stageCode": "LAST_32",
      "home": "Spain",
      "away": "Austria",
      "knockout": true,
      "odds": {
        "homeReg": 0.66249,
        "homeET": 0.14727,
        "homePen": 0.05773,
        "awayReg": 0.07201,
        "awayET": 0.01149,
        "awayPen": 0.04899
      },
      "base": {
        "homeReg": 0.66541,
        "homeET": 0.14763,
        "homePen": 0.0569,
        "awayReg": 0.07068,
        "awayET": 0.0112,
        "awayPen": 0.04819
      },
      "delta": {
        "homeReg": -0.00292,
        "homeET": -0.00036,
        "homePen": 0.00083,
        "awayReg": 0.00133,
        "awayET": 0.00029,
        "awayPen": 0.0008
      }
    },
    {
      "stageCode": "LAST_32",
      "home": "Switzerland",
      "away": "Algeria",
      "knockout": true,
      "odds": {
        "homeReg": 0.45453,
        "homeET": 0.13522,
        "homePen": 0.09953,
        "awayReg": 0.20101,
        "awayET": 0.02596,
        "awayPen": 0.08375
      },
      "base": {
        "homeReg": 0.4635,
        "homeET": 0.13687,
        "homePen": 0.0965,
        "awayReg": 0.19517,
        "awayET": 0.02545,
        "awayPen": 0.0825
      },
      "delta": {
        "homeReg": -0.00897,
        "homeET": -0.00165,
        "homePen": 0.00303,
        "awayReg": 0.00584,
        "awayET": 0.00051,
        "awayPen": 0.00125
      }
    }
  ]
}