{
  "generated": "2026-07-04T23:35:53.704681Z",
  "sims": 1000000,
  "games": [
    {
      "stageCode": "LAST_16",
      "home": "Argentina",
      "away": "Egypt",
      "knockout": true,
      "odds": {
        "homeReg": 0.67459,
        "homeET": 0.14574,
        "homePen": 0.0521,
        "awayReg": 0.06935,
        "awayET": 0.01017,
        "awayPen": 0.04806
      },
      "base": {
        "homeReg": 0.67631,
        "homeET": 0.14566,
        "homePen": 0.05187,
        "awayReg": 0.06849,
        "awayET": 0.01011,
        "awayPen": 0.04758
      },
      "delta": {
        "homeReg": -0.00172,
        "homeET": 8e-05,
        "homePen": 0.00023,
        "awayReg": 0.00086,
        "awayET": 6e-05,
        "awayPen": 0.00048
      }
    },
    {
      "stageCode": "LAST_16",
      "home": "Brazil",
      "away": "Norway",
      "knockout": true,
      "odds": {
        "homeReg": 0.46961,
        "homeET": 0.13487,
        "homePen": 0.09335,
        "awayReg": 0.19027,
        "awayET": 0.02564,
        "awayPen": 0.08625
      },
      "base": {
        "homeReg": 0.46301,
        "homeET": 0.13173,
        "homePen": 0.09416,
        "awayReg": 0.19499,
        "awayET": 0.0279,
        "awayPen": 0.08822
      },
      "delta": {
        "homeReg": 0.0066,
        "homeET": 0.00314,
        "homePen": -0.00081,
        "awayReg": -0.00472,
        "awayET": -0.00226,
        "awayPen": -0.00197
      }
    },
    {
      "stageCode": "LAST_16",
      "home": "Mexico",
      "away": "England",
      "knockout": true,
      "odds": {
        "homeReg": 0.2849,
        "homeET": 0.0672,
        "homePen": 0.1132,
        "awayReg": 0.34682,
        "awayET": 0.08636,
        "awayPen": 0.10153
      },
      "base": {
        "homeReg": 0.28569,
        "homeET": 0.06743,
        "homePen": 0.11311,
        "awayReg": 0.34618,
        "awayET": 0.08595,
        "awayPen": 0.10164
      },
      "delta": {
        "homeReg": -0.00079,
        "homeET": -0.00023,
        "homePen": 9e-05,
        "awayReg": 0.00064,
        "awayET": 0.00041,
        "awayPen": -0.00011
      }
    },
    {
      "stageCode": "LAST_16",
      "home": "Portugal",
      "away": "Spain",
      "knockout": true,
      "odds": {
        "homeReg": 0.25088,
        "homeET": 0.05083,
        "homePen": 0.10423,
        "awayReg": 0.38045,
        "awayET": 0.10385,
        "awayPen": 0.10976
      },
      "base": {
        "homeReg": 0.25424,
        "homeET": 0.05232,
        "homePen": 0.10461,
        "awayReg": 0.3767,
        "awayET": 0.10209,
        "awayPen": 0.11005
      },
      "delta": {
        "homeReg": -0.00336,
        "homeET": -0.00149,
        "homePen": -0.00038,
        "awayReg": 0.00375,
        "awayET": 0.00176,
        "awayPen": -0.00029
      }
    },
    {
      "stageCode": "LAST_16",
      "home": "Switzerland",
      "away": "Colombia",
      "knockout": true,
      "odds": {
        "homeReg": 0.24891,
        "homeET": 0.04467,
        "homePen": 0.1079,
        "awayReg": 0.37942,
        "awayET": 0.11361,
        "awayPen": 0.10548
      },
      "base": {
        "homeReg": 0.24416,
        "homeET": 0.04213,
        "homePen": 0.10712,
        "awayReg": 0.38486,
        "awayET": 0.117,
        "awayPen": 0.10472
      },
      "delta": {
        "homeReg": 0.00475,
        "homeET": 0.00254,
        "homePen": 0.00078,
        "awayReg": -0.00544,
        "awayET": -0.00339,
        "awayPen": 0.00076
      }
    },
    {
      "stageCode": "LAST_16",
      "home": "United States",
      "away": "Belgium",
      "knockout": true,
      "odds": {
        "homeReg": 0.37239,
        "homeET": 0.11006,
        "homePen": 0.10421,
        "awayReg": 0.26588,
        "awayET": 0.04722,
        "awayPen": 0.10025
      },
      "base": {
        "homeReg": 0.36996,
        "homeET": 0.10863,
        "homePen": 0.10437,
        "awayReg": 0.26841,
        "awayET": 0.04794,
        "awayPen": 0.1007
      },
      "delta": {
        "homeReg": 0.00243,
        "homeET": 0.00143,
        "homePen": -0.00016,
        "awayReg": -0.00253,
        "awayET": -0.00072,
        "awayPen": -0.00045
      }
    },
    {
      "stageCode": "QUARTER_FINALS",
      "home": "France",
      "away": "Morocco",
      "knockout": true,
      "odds": {
        "homeReg": 0.58025,
        "homeET": 0.15221,
        "homePen": 0.06774,
        "awayReg": 0.11431,
        "awayET": 0.01717,
        "awayPen": 0.06832
      },
      "base": {
        "homeReg": 0.5776,
        "homeET": 0.15219,
        "homePen": 0.06839,
        "awayReg": 0.11593,
        "awayET": 0.01733,
        "awayPen": 0.06857
      },
      "delta": {
        "homeReg": 0.00265,
        "homeET": 2e-05,
        "homePen": -0.00065,
        "awayReg": -0.00162,
        "awayET": -0.00016,
        "awayPen": -0.00025
      }
    }
  ]
}