{
  "generated": "2026-07-03T21:11:29.246112Z",
  "sims": 1000000,
  "games": [
    {
      "stageCode": "LAST_16",
      "home": "Brazil",
      "away": "Norway",
      "knockout": true,
      "odds": {
        "homeReg": 0.46192,
        "homeET": 0.13299,
        "homePen": 0.09452,
        "awayReg": 0.19462,
        "awayET": 0.02772,
        "awayPen": 0.08825
      },
      "base": {
        "homeReg": 0.46324,
        "homeET": 0.13329,
        "homePen": 0.09421,
        "awayReg": 0.1935,
        "awayET": 0.02743,
        "awayPen": 0.08834
      },
      "delta": {
        "homeReg": -0.00132,
        "homeET": -0.0003,
        "homePen": 0.00031,
        "awayReg": 0.00112,
        "awayET": 0.00029,
        "awayPen": -9e-05
      }
    },
    {
      "stageCode": "LAST_16",
      "home": "Canada",
      "away": "Morocco",
      "knockout": true,
      "odds": {
        "homeReg": 0.16473,
        "homeET": 0.02262,
        "homePen": 0.07879,
        "awayReg": 0.49899,
        "awayET": 0.14386,
        "awayPen": 0.09101
      },
      "base": {
        "homeReg": 0.175,
        "homeET": 0.02343,
        "homePen": 0.08155,
        "awayReg": 0.48412,
        "awayET": 0.14079,
        "awayPen": 0.09512
      },
      "delta": {
        "homeReg": -0.01027,
        "homeET": -0.00081,
        "homePen": -0.00276,
        "awayReg": 0.01487,
        "awayET": 0.00307,
        "awayPen": -0.00411
      }
    },
    {
      "stageCode": "LAST_16",
      "home": "Mexico",
      "away": "England",
      "knockout": true,
      "odds": {
        "homeReg": 0.28317,
        "homeET": 0.06625,
        "homePen": 0.11253,
        "awayReg": 0.34586,
        "awayET": 0.08936,
        "awayPen": 0.10284
      },
      "base": {
        "homeReg": 0.28061,
        "homeET": 0.065,
        "homePen": 0.11242,
        "awayReg": 0.34821,
        "awayET": 0.09104,
        "awayPen": 0.10272
      },
      "delta": {
        "homeReg": 0.00256,
        "homeET": 0.00125,
        "homePen": 0.00011,
        "awayReg": -0.00235,
        "awayET": -0.00168,
        "awayPen": 0.00012
      }
    },
    {
      "stageCode": "LAST_16",
      "home": "Paraguay",
      "away": "France",
      "knockout": true,
      "odds": {
        "homeReg": 0.03092,
        "homeET": 0.00573,
        "homePen": 0.02695,
        "awayReg": 0.77679,
        "awayET": 0.12521,
        "awayPen": 0.03439
      },
      "base": {
        "homeReg": 0.03565,
        "homeET": 0.00626,
        "homePen": 0.02966,
        "awayReg": 0.76157,
        "awayET": 0.12948,
        "awayPen": 0.0374
      },
      "delta": {
        "homeReg": -0.00473,
        "homeET": -0.00053,
        "homePen": -0.00271,
        "awayReg": 0.01522,
        "awayET": -0.00427,
        "awayPen": -0.00301
      }
    },
    {
      "stageCode": "LAST_16",
      "home": "Portugal",
      "away": "Spain",
      "knockout": true,
      "odds": {
        "homeReg": 0.25071,
        "homeET": 0.05044,
        "homePen": 0.10501,
        "awayReg": 0.37869,
        "awayET": 0.10416,
        "awayPen": 0.11099
      },
      "base": {
        "homeReg": 0.25318,
        "homeET": 0.05199,
        "homePen": 0.10548,
        "awayReg": 0.37571,
        "awayET": 0.10239,
        "awayPen": 0.11124
      },
      "delta": {
        "homeReg": -0.00247,
        "homeET": -0.00155,
        "homePen": -0.00047,
        "awayReg": 0.00298,
        "awayET": 0.00177,
        "awayPen": -0.00025
      }
    },
    {
      "stageCode": "LAST_16",
      "home": "United States",
      "away": "Belgium",
      "knockout": true,
      "odds": {
        "homeReg": 0.37052,
        "homeET": 0.10957,
        "homePen": 0.10412,
        "awayReg": 0.26715,
        "awayET": 0.04712,
        "awayPen": 0.10151
      },
      "base": {
        "homeReg": 0.36151,
        "homeET": 0.10489,
        "homePen": 0.10472,
        "awayReg": 0.2752,
        "awayET": 0.05119,
        "awayPen": 0.10247
      },
      "delta": {
        "homeReg": 0.00901,
        "homeET": 0.00468,
        "homePen": -0.0006,
        "awayReg": -0.00805,
        "awayET": -0.00407,
        "awayPen": -0.00096
      }
    },
    {
      "stageCode": "LAST_32",
      "home": "Argentina",
      "away": "Cabo Verde",
      "knockout": true,
      "odds": {
        "homeReg": 0.72459,
        "homeET": 0.1388,
        "homePen": 0.04779,
        "awayReg": 0.04587,
        "awayET": 0.00734,
        "awayPen": 0.03561
      },
      "base": {
        "homeReg": 0.7706,
        "homeET": 0.12837,
        "homePen": 0.03737,
        "awayReg": 0.03019,
        "awayET": 0.00537,
        "awayPen": 0.02811
      },
      "delta": {
        "homeReg": -0.04601,
        "homeET": 0.01043,
        "homePen": 0.01042,
        "awayReg": 0.01568,
        "awayET": 0.00197,
        "awayPen": 0.0075
      }
    },
    {
      "stageCode": "LAST_32",
      "home": "Colombia",
      "away": "Ghana",
      "knockout": true,
      "odds": {
        "homeReg": 0.52401,
        "homeET": 0.14792,
        "homePen": 0.09119,
        "awayReg": 0.13804,
        "awayET": 0.0205,
        "awayPen": 0.07834
      },
      "base": {
        "homeReg": 0.52704,
        "homeET": 0.14783,
        "homePen": 0.09059,
        "awayReg": 0.1365,
        "awayET": 0.0203,
        "awayPen": 0.07774
      },
      "delta": {
        "homeReg": -0.00303,
        "homeET": 9e-05,
        "homePen": 0.0006,
        "awayReg": 0.00154,
        "awayET": 0.0002,
        "awayPen": 0.0006
      }
    }
  ]
}