{
  "generated": "2026-06-28T20:02:56.069356Z",
  "sims": 1000000,
  "games": [
    {
      "stageCode": "LAST_32",
      "home": "Belgium",
      "away": "Senegal",
      "knockout": true,
      "odds": {
        "homeReg": 0.38549,
        "homeET": 0.10628,
        "homePen": 0.12322,
        "awayReg": 0.25419,
        "awayET": 0.04984,
        "awayPen": 0.08098
      },
      "base": {
        "homeReg": 0.38506,
        "homeET": 0.10703,
        "homePen": 0.12416,
        "awayReg": 0.25429,
        "awayET": 0.04942,
        "awayPen": 0.08002
      },
      "delta": {
        "homeReg": 0.00043,
        "homeET": -0.00075,
        "homePen": -0.00094,
        "awayReg": -0.0001,
        "awayET": 0.00042,
        "awayPen": 0.00096
      }
    },
    {
      "stageCode": "LAST_32",
      "home": "Brazil",
      "away": "Japan",
      "knockout": true,
      "odds": {
        "homeReg": 0.46065,
        "homeET": 0.1361,
        "homePen": 0.13245,
        "awayReg": 0.1926,
        "awayET": 0.02561,
        "awayPen": 0.05259
      },
      "base": {
        "homeReg": 0.45249,
        "homeET": 0.13487,
        "homePen": 0.13183,
        "awayReg": 0.19883,
        "awayET": 0.02652,
        "awayPen": 0.05547
      },
      "delta": {
        "homeReg": 0.00816,
        "homeET": 0.00123,
        "homePen": 0.00062,
        "awayReg": -0.00623,
        "awayET": -0.00091,
        "awayPen": -0.00288
      }
    },
    {
      "stageCode": "LAST_32",
      "home": "Côte d'Ivoire",
      "away": "Norway",
      "knockout": true,
      "odds": {
        "homeReg": 0.22189,
        "homeET": 0.02908,
        "homePen": 0.05946,
        "awayReg": 0.42338,
        "awayET": 0.13197,
        "awayPen": 0.13422
      },
      "base": {
        "homeReg": 0.2191,
        "homeET": 0.02856,
        "homePen": 0.05747,
        "awayReg": 0.42633,
        "awayET": 0.13148,
        "awayPen": 0.13707
      },
      "delta": {
        "homeReg": 0.00279,
        "homeET": 0.00052,
        "homePen": 0.00199,
        "awayReg": -0.00295,
        "awayET": 0.00049,
        "awayPen": -0.00285
      }
    },
    {
      "stageCode": "LAST_32",
      "home": "England",
      "away": "DR Congo",
      "knockout": true,
      "odds": {
        "homeReg": 0.55735,
        "homeET": 0.14764,
        "homePen": 0.12083,
        "awayReg": 0.12741,
        "awayET": 0.01776,
        "awayPen": 0.029
      },
      "base": {
        "homeReg": 0.565,
        "homeET": 0.15022,
        "homePen": 0.11992,
        "awayReg": 0.12107,
        "awayET": 0.0176,
        "awayPen": 0.02618
      },
      "delta": {
        "homeReg": -0.00765,
        "homeET": -0.00258,
        "homePen": 0.00091,
        "awayReg": 0.00634,
        "awayET": 0.00016,
        "awayPen": 0.00282
      }
    },
    {
      "stageCode": "LAST_32",
      "home": "France",
      "away": "Sweden",
      "knockout": true,
      "odds": {
        "homeReg": 0.73493,
        "homeET": 0.1355,
        "homePen": 0.06906,
        "awayReg": 0.04784,
        "awayET": 0.00734,
        "awayPen": 0.00536
      },
      "base": {
        "homeReg": 0.74288,
        "homeET": 0.13243,
        "homePen": 0.06663,
        "awayReg": 0.04597,
        "awayET": 0.00718,
        "awayPen": 0.0049
      },
      "delta": {
        "homeReg": -0.00795,
        "homeET": 0.00307,
        "homePen": 0.00243,
        "awayReg": 0.00187,
        "awayET": 0.00016,
        "awayPen": 0.00046
      }
    },
    {
      "stageCode": "LAST_32",
      "home": "Germany",
      "away": "Paraguay",
      "knockout": true,
      "odds": {
        "homeReg": 0.59496,
        "homeET": 0.14992,
        "homePen": 0.11088,
        "awayReg": 0.10913,
        "awayET": 0.01548,
        "awayPen": 0.01962
      },
      "base": {
        "homeReg": 0.58678,
        "homeET": 0.15126,
        "homePen": 0.11289,
        "awayReg": 0.11144,
        "awayET": 0.0164,
        "awayPen": 0.02124
      },
      "delta": {
        "homeReg": 0.00818,
        "homeET": -0.00134,
        "homePen": -0.00201,
        "awayReg": -0.00231,
        "awayET": -0.00092,
        "awayPen": -0.00162
      }
    },
    {
      "stageCode": "LAST_32",
      "home": "Mexico",
      "away": "Ecuador",
      "knockout": true,
      "odds": {
        "homeReg": 0.45259,
        "homeET": 0.13678,
        "homePen": 0.13862,
        "awayReg": 0.18749,
        "awayET": 0.02581,
        "awayPen": 0.05871
      },
      "base": {
        "homeReg": 0.4586,
        "homeET": 0.13642,
        "homePen": 0.13738,
        "awayReg": 0.18477,
        "awayET": 0.02591,
        "awayPen": 0.05692
      },
      "delta": {
        "homeReg": -0.00601,
        "homeET": 0.00036,
        "homePen": 0.00124,
        "awayReg": 0.00272,
        "awayET": -0.0001,
        "awayPen": 0.00179
      }
    },
    {
      "stageCode": "LAST_32",
      "home": "Netherlands",
      "away": "Morocco",
      "knockout": true,
      "odds": {
        "homeReg": 0.43711,
        "homeET": 0.13223,
        "homePen": 0.13084,
        "awayReg": 0.21544,
        "awayET": 0.02755,
        "awayPen": 0.05684
      },
      "base": {
        "homeReg": 0.43151,
        "homeET": 0.12957,
        "homePen": 0.12986,
        "awayReg": 0.21977,
        "awayET": 0.0307,
        "awayPen": 0.05858
      },
      "delta": {
        "homeReg": 0.0056,
        "homeET": 0.00266,
        "homePen": 0.00098,
        "awayReg": -0.00433,
        "awayET": -0.00315,
        "awayPen": -0.00174
      }
    },
    {
      "stageCode": "LAST_32",
      "home": "Spain",
      "away": "Austria",
      "knockout": true,
      "odds": {
        "homeReg": 0.62756,
        "homeET": 0.14974,
        "homePen": 0.10564,
        "awayReg": 0.08898,
        "awayET": 0.01302,
        "awayPen": 0.01506
      },
      "base": {
        "homeReg": 0.62756,
        "homeET": 0.14974,
        "homePen": 0.10564,
        "awayReg": 0.08898,
        "awayET": 0.01302,
        "awayPen": 0.01506
      },
      "delta": {
        "homeReg": null,
        "homeET": null,
        "homePen": null,
        "awayReg": null,
        "awayET": null,
        "awayPen": null
      }
    },
    {
      "stageCode": "LAST_32",
      "home": "United States",
      "away": "Bosnia and Herzegovina",
      "knockout": true,
      "odds": {
        "homeReg": 0.48336,
        "homeET": 0.13725,
        "homePen": 0.12087,
        "awayReg": 0.18296,
        "awayET": 0.02397,
        "awayPen": 0.0516
      },
      "base": {
        "homeReg": 0.48522,
        "homeET": 0.13768,
        "homePen": 0.12201,
        "awayReg": 0.18102,
        "awayET": 0.02363,
        "awayPen": 0.05044
      },
      "delta": {
        "homeReg": -0.00186,
        "homeET": -0.00043,
        "homePen": -0.00114,
        "awayReg": 0.00194,
        "awayET": 0.00034,
        "awayPen": 0.00116
      }
    }
  ]
}