{
  "generated": "2026-07-13T18:19:21.378857Z",
  "sims": 1000000,
  "games": [
    {
      "stageCode": "SEMI_FINALS",
      "home": "England",
      "away": "Argentina",
      "knockout": true,
      "odds": {
        "homeReg": 0.31083,
        "homeET": 0.08523,
        "homePen": 0.10014,
        "awayReg": 0.32926,
        "awayET": 0.06822,
        "awayPen": 0.10633
      },
      "base": {
        "homeReg": 0.3118,
        "homeET": 0.08556,
        "homePen": 0.10018,
        "awayReg": 0.3281,
        "awayET": 0.06785,
        "awayPen": 0.10651
      },
      "delta": {
        "homeReg": -0.00097,
        "homeET": -0.00033,
        "homePen": -4e-05,
        "awayReg": 0.00116,
        "awayET": 0.00037,
        "awayPen": -0.00018
      }
    },
    {
      "stageCode": "SEMI_FINALS",
      "home": "France",
      "away": "Spain",
      "knockout": true,
      "odds": {
        "homeReg": 0.37115,
        "homeET": 0.10647,
        "homePen": 0.11132,
        "awayReg": 0.26015,
        "awayET": 0.04898,
        "awayPen": 0.10193
      },
      "base": {
        "homeReg": 0.37067,
        "homeET": 0.1063,
        "homePen": 0.11152,
        "awayReg": 0.26033,
        "awayET": 0.04933,
        "awayPen": 0.10186
      },
      "delta": {
        "homeReg": 0.00048,
        "homeET": 0.00017,
        "homePen": -0.0002,
        "awayReg": -0.00018,
        "awayET": -0.00035,
        "awayPen": 7e-05
      }
    }
  ]
}