{
  "generated": "2026-07-19T04:06:39.349963Z",
  "sims": 1000000,
  "games": [
    {
      "stageCode": "FINAL",
      "home": "Spain",
      "away": "Argentina",
      "knockout": true,
      "odds": {
        "homeReg": 0.38971,
        "homeET": 0.12083,
        "homePen": 0.10317,
        "awayReg": 0.24472,
        "awayET": 0.03764,
        "awayPen": 0.10393
      },
      "base": {
        "homeReg": 0.384,
        "homeET": 0.11787,
        "homePen": 0.10409,
        "awayReg": 0.24976,
        "awayET": 0.03991,
        "awayPen": 0.10436
      },
      "delta": {
        "homeReg": 0.00571,
        "homeET": 0.00296,
        "homePen": -0.00092,
        "awayReg": -0.00504,
        "awayET": -0.00227,
        "awayPen": -0.00043
      }
    }
  ]
}