{
  "generated": "2026-07-19T19:43:38.628269Z",
  "sims": 1000000,
  "games": [
    {
      "stageCode": "FINAL",
      "home": "Spain",
      "away": "Argentina",
      "knockout": true,
      "odds": {
        "homeReg": 0.3782,
        "homeET": 0.11406,
        "homePen": 0.10493,
        "awayReg": 0.25515,
        "awayET": 0.04276,
        "awayPen": 0.10491
      },
      "base": {
        "homeReg": 0.38199,
        "homeET": 0.1166,
        "homePen": 0.10421,
        "awayReg": 0.25157,
        "awayET": 0.04081,
        "awayPen": 0.10483
      },
      "delta": {
        "homeReg": -0.00379,
        "homeET": -0.00254,
        "homePen": 0.00072,
        "awayReg": 0.00358,
        "awayET": 0.00195,
        "awayPen": 8e-05
      }
    }
  ]
}