{
  "generated": "2026-07-15T19:47:50.854299Z",
  "sims": 1000000,
  "games": [
    {
      "stageCode": "SEMI_FINALS",
      "home": "England",
      "away": "Argentina",
      "knockout": true,
      "odds": {
        "homeReg": 0.31317,
        "homeET": 0.08421,
        "homePen": 0.10094,
        "awayReg": 0.32771,
        "awayET": 0.06617,
        "awayPen": 0.1078
      },
      "base": {
        "homeReg": 0.3103,
        "homeET": 0.08271,
        "homePen": 0.10096,
        "awayReg": 0.33037,
        "awayET": 0.06812,
        "awayPen": 0.10754
      },
      "delta": {
        "homeReg": 0.00287,
        "homeET": 0.0015,
        "homePen": -2e-05,
        "awayReg": -0.00266,
        "awayET": -0.00195,
        "awayPen": 0.00026
      }
    }
  ]
}