{
  "generated": "2026-06-28T20:12:33.909713Z",
  "sims": 1000000,
  "games": [
    {
      "stageCode": "LAST_32",
      "home": "Belgium",
      "away": "Senegal",
      "knockout": true,
      "odds": {
        "homeReg": 0.38172,
        "homeET": 0.10427,
        "homePen": 0.12197,
        "awayReg": 0.25773,
        "awayET": 0.05156,
        "awayPen": 0.08274
      },
      "base": {
        "homeReg": 0.38549,
        "homeET": 0.10628,
        "homePen": 0.12322,
        "awayReg": 0.25419,
        "awayET": 0.04984,
        "awayPen": 0.08098
      },
      "delta": {
        "homeReg": -0.00377,
        "homeET": -0.00201,
        "homePen": -0.00125,
        "awayReg": 0.00354,
        "awayET": 0.00172,
        "awayPen": 0.00176
      }
    },
    {
      "stageCode": "LAST_32",
      "home": "Brazil",
      "away": "Japan",
      "knockout": true,
      "odds": {
        "homeReg": 0.45686,
        "homeET": 0.13503,
        "homePen": 0.13189,
        "awayReg": 0.19528,
        "awayET": 0.02625,
        "awayPen": 0.0547
      },
      "base": {
        "homeReg": 0.46065,
        "homeET": 0.1361,
        "homePen": 0.13245,
        "awayReg": 0.1926,
        "awayET": 0.02561,
        "awayPen": 0.05259
      },
      "delta": {
        "homeReg": -0.00379,
        "homeET": -0.00107,
        "homePen": -0.00056,
        "awayReg": 0.00268,
        "awayET": 0.00064,
        "awayPen": 0.00211
      }
    },
    {
      "stageCode": "LAST_32",
      "home": "Côte d'Ivoire",
      "away": "Norway",
      "knockout": true,
      "odds": {
        "homeReg": 0.21294,
        "homeET": 0.02802,
        "homePen": 0.05437,
        "awayReg": 0.4351,
        "awayET": 0.13529,
        "awayPen": 0.13428
      },
      "base": {
        "homeReg": 0.22189,
        "homeET": 0.02908,
        "homePen": 0.05946,
        "awayReg": 0.42338,
        "awayET": 0.13197,
        "awayPen": 0.13422
      },
      "delta": {
        "homeReg": -0.00895,
        "homeET": -0.00106,
        "homePen": -0.00509,
        "awayReg": 0.01172,
        "awayET": 0.00332,
        "awayPen": 6e-05
      }
    },
    {
      "stageCode": "LAST_32",
      "home": "England",
      "away": "DR Congo",
      "knockout": true,
      "odds": {
        "homeReg": 0.57046,
        "homeET": 0.14897,
        "homePen": 0.11801,
        "awayReg": 0.11985,
        "awayET": 0.01708,
        "awayPen": 0.02562
      },
      "base": {
        "homeReg": 0.55735,
        "homeET": 0.14764,
        "homePen": 0.12083,
        "awayReg": 0.12741,
        "awayET": 0.01776,
        "awayPen": 0.029
      },
      "delta": {
        "homeReg": 0.01311,
        "homeET": 0.00133,
        "homePen": -0.00282,
        "awayReg": -0.00756,
        "awayET": -0.00068,
        "awayPen": -0.00338
      }
    },
    {
      "stageCode": "LAST_32",
      "home": "France",
      "away": "Sweden",
      "knockout": true,
      "odds": {
        "homeReg": 0.74328,
        "homeET": 0.13414,
        "homePen": 0.0662,
        "awayReg": 0.04457,
        "awayET": 0.00708,
        "awayPen": 0.00473
      },
      "base": {
        "homeReg": 0.73493,
        "homeET": 0.1355,
        "homePen": 0.06906,
        "awayReg": 0.04784,
        "awayET": 0.00734,
        "awayPen": 0.00536
      },
      "delta": {
        "homeReg": 0.00835,
        "homeET": -0.00136,
        "homePen": -0.00286,
        "awayReg": -0.00327,
        "awayET": -0.00026,
        "awayPen": -0.00063
      }
    },
    {
      "stageCode": "LAST_32",
      "home": "Germany",
      "away": "Paraguay",
      "knockout": true,
      "odds": {
        "homeReg": 0.60082,
        "homeET": 0.14985,
        "homePen": 0.10977,
        "awayReg": 0.10544,
        "awayET": 0.0153,
        "awayPen": 0.01882
      },
      "base": {
        "homeReg": 0.59496,
        "homeET": 0.14992,
        "homePen": 0.11088,
        "awayReg": 0.10913,
        "awayET": 0.01548,
        "awayPen": 0.01962
      },
      "delta": {
        "homeReg": 0.00586,
        "homeET": -7e-05,
        "homePen": -0.00111,
        "awayReg": -0.00369,
        "awayET": -0.00018,
        "awayPen": -0.0008
      }
    },
    {
      "stageCode": "LAST_32",
      "home": "Mexico",
      "away": "Ecuador",
      "knockout": true,
      "odds": {
        "homeReg": 0.45995,
        "homeET": 0.13812,
        "homePen": 0.1388,
        "awayReg": 0.1818,
        "awayET": 0.0254,
        "awayPen": 0.05595
      },
      "base": {
        "homeReg": 0.45259,
        "homeET": 0.13678,
        "homePen": 0.13862,
        "awayReg": 0.18749,
        "awayET": 0.02581,
        "awayPen": 0.05871
      },
      "delta": {
        "homeReg": 0.00736,
        "homeET": 0.00134,
        "homePen": 0.00018,
        "awayReg": -0.00569,
        "awayET": -0.00041,
        "awayPen": -0.00276
      }
    },
    {
      "stageCode": "LAST_32",
      "home": "Netherlands",
      "away": "Morocco",
      "knockout": true,
      "odds": {
        "homeReg": 0.43665,
        "homeET": 0.13184,
        "homePen": 0.13073,
        "awayReg": 0.21597,
        "awayET": 0.0278,
        "awayPen": 0.05701
      },
      "base": {
        "homeReg": 0.43711,
        "homeET": 0.13223,
        "homePen": 0.13084,
        "awayReg": 0.21544,
        "awayET": 0.02755,
        "awayPen": 0.05684
      },
      "delta": {
        "homeReg": -0.00046,
        "homeET": -0.00039,
        "homePen": -0.00011,
        "awayReg": 0.00053,
        "awayET": 0.00025,
        "awayPen": 0.00017
      }
    },
    {
      "stageCode": "LAST_32",
      "home": "Spain",
      "away": "Austria",
      "knockout": true,
      "odds": {
        "homeReg": 0.63165,
        "homeET": 0.15008,
        "homePen": 0.10443,
        "awayReg": 0.08654,
        "awayET": 0.01282,
        "awayPen": 0.01448
      },
      "base": {
        "homeReg": 0.62756,
        "homeET": 0.14974,
        "homePen": 0.10564,
        "awayReg": 0.08898,
        "awayET": 0.01302,
        "awayPen": 0.01506
      },
      "delta": {
        "homeReg": 0.00409,
        "homeET": 0.00034,
        "homePen": -0.00121,
        "awayReg": -0.00244,
        "awayET": -0.0002,
        "awayPen": -0.00058
      }
    },
    {
      "stageCode": "LAST_32",
      "home": "United States",
      "away": "Bosnia and Herzegovina",
      "knockout": true,
      "odds": {
        "homeReg": 0.48696,
        "homeET": 0.13783,
        "homePen": 0.12076,
        "awayReg": 0.18069,
        "awayET": 0.02353,
        "awayPen": 0.05023
      },
      "base": {
        "homeReg": 0.48336,
        "homeET": 0.13725,
        "homePen": 0.12087,
        "awayReg": 0.18296,
        "awayET": 0.02397,
        "awayPen": 0.0516
      },
      "delta": {
        "homeReg": 0.0036,
        "homeET": 0.00058,
        "homePen": -0.00011,
        "awayReg": -0.00227,
        "awayET": -0.00044,
        "awayPen": -0.00137
      }
    }
  ]
}