{
  "generated": "2026-07-03T14:46:30.847054Z",
  "sims": 1000000,
  "games": [
    {
      "stageCode": "LAST_16",
      "home": "Brazil",
      "away": "Norway",
      "knockout": true,
      "odds": {
        "homeReg": 0.46452,
        "homeET": 0.13373,
        "homePen": 0.09376,
        "awayReg": 0.19294,
        "awayET": 0.02752,
        "awayPen": 0.08754
      },
      "base": {
        "homeReg": 0.46479,
        "homeET": 0.13395,
        "homePen": 0.09371,
        "awayReg": 0.19265,
        "awayET": 0.02741,
        "awayPen": 0.08748
      },
      "delta": {
        "homeReg": -0.00027,
        "homeET": -0.00022,
        "homePen": 5e-05,
        "awayReg": 0.00029,
        "awayET": 0.00011,
        "awayPen": 6e-05
      }
    },
    {
      "stageCode": "LAST_16",
      "home": "Canada",
      "away": "Morocco",
      "knockout": true,
      "odds": {
        "homeReg": 0.16358,
        "homeET": 0.02265,
        "homePen": 0.07859,
        "awayReg": 0.49984,
        "awayET": 0.14494,
        "awayPen": 0.0904
      },
      "base": {
        "homeReg": 0.17488,
        "homeET": 0.02382,
        "homePen": 0.0821,
        "awayReg": 0.48276,
        "awayET": 0.14236,
        "awayPen": 0.09408
      },
      "delta": {
        "homeReg": -0.0113,
        "homeET": -0.00117,
        "homePen": -0.00351,
        "awayReg": 0.01708,
        "awayET": 0.00258,
        "awayPen": -0.00368
      }
    },
    {
      "stageCode": "LAST_16",
      "home": "Mexico",
      "away": "England",
      "knockout": true,
      "odds": {
        "homeReg": 0.27979,
        "homeET": 0.06402,
        "homePen": 0.11282,
        "awayReg": 0.34963,
        "awayET": 0.08944,
        "awayPen": 0.1043
      },
      "base": {
        "homeReg": 0.2782,
        "homeET": 0.06326,
        "homePen": 0.11299,
        "awayReg": 0.35169,
        "awayET": 0.09027,
        "awayPen": 0.10358
      },
      "delta": {
        "homeReg": 0.00159,
        "homeET": 0.00076,
        "homePen": -0.00017,
        "awayReg": -0.00206,
        "awayET": -0.00083,
        "awayPen": 0.00072
      }
    },
    {
      "stageCode": "LAST_16",
      "home": "Paraguay",
      "away": "France",
      "knockout": true,
      "odds": {
        "homeReg": 0.03479,
        "homeET": 0.00617,
        "homePen": 0.0297,
        "awayReg": 0.76385,
        "awayET": 0.12928,
        "awayPen": 0.03621
      },
      "base": {
        "homeReg": 0.0349,
        "homeET": 0.00618,
        "homePen": 0.02965,
        "awayReg": 0.76369,
        "awayET": 0.1294,
        "awayPen": 0.03619
      },
      "delta": {
        "homeReg": -0.00011,
        "homeET": -1e-05,
        "homePen": 5e-05,
        "awayReg": 0.00016,
        "awayET": -0.00012,
        "awayPen": 2e-05
      }
    },
    {
      "stageCode": "LAST_16",
      "home": "Portugal",
      "away": "Spain",
      "knockout": true,
      "odds": {
        "homeReg": 0.25501,
        "homeET": 0.05283,
        "homePen": 0.10401,
        "awayReg": 0.37371,
        "awayET": 0.1024,
        "awayPen": 0.11204
      },
      "base": {
        "homeReg": 0.26437,
        "homeET": 0.05847,
        "homePen": 0.10529,
        "awayReg": 0.36267,
        "awayET": 0.09584,
        "awayPen": 0.11338
      },
      "delta": {
        "homeReg": -0.00936,
        "homeET": -0.00564,
        "homePen": -0.00128,
        "awayReg": 0.01104,
        "awayET": 0.00656,
        "awayPen": -0.00134
      }
    },
    {
      "stageCode": "LAST_16",
      "home": "United States",
      "away": "Belgium",
      "knockout": true,
      "odds": {
        "homeReg": 0.36758,
        "homeET": 0.10892,
        "homePen": 0.10565,
        "awayReg": 0.26923,
        "awayET": 0.04843,
        "awayPen": 0.10018
      },
      "base": {
        "homeReg": 0.3627,
        "homeET": 0.10636,
        "homePen": 0.10598,
        "awayReg": 0.27357,
        "awayET": 0.05069,
        "awayPen": 0.10068
      },
      "delta": {
        "homeReg": 0.00488,
        "homeET": 0.00256,
        "homePen": -0.00033,
        "awayReg": -0.00434,
        "awayET": -0.00226,
        "awayPen": -0.0005
      }
    },
    {
      "stageCode": "LAST_32",
      "home": "Argentina",
      "away": "Cabo Verde",
      "knockout": true,
      "odds": {
        "homeReg": 0.72773,
        "homeET": 0.1372,
        "homePen": 0.04689,
        "awayReg": 0.04577,
        "awayET": 0.00734,
        "awayPen": 0.03507
      },
      "base": {
        "homeReg": 0.72441,
        "homeET": 0.13838,
        "homePen": 0.04725,
        "awayReg": 0.04707,
        "awayET": 0.00747,
        "awayPen": 0.03542
      },
      "delta": {
        "homeReg": 0.00332,
        "homeET": -0.00118,
        "homePen": -0.00036,
        "awayReg": -0.0013,
        "awayET": -0.00013,
        "awayPen": -0.00035
      }
    },
    {
      "stageCode": "LAST_32",
      "home": "Australia",
      "away": "Egypt",
      "knockout": true,
      "odds": {
        "homeReg": 0.27528,
        "homeET": 0.05815,
        "homePen": 0.10661,
        "awayReg": 0.3503,
        "awayET": 0.09413,
        "awayPen": 0.11553
      },
      "base": {
        "homeReg": 0.30425,
        "homeET": 0.07405,
        "homePen": 0.10758,
        "awayReg": 0.32,
        "awayET": 0.07763,
        "awayPen": 0.11648
      },
      "delta": {
        "homeReg": -0.02897,
        "homeET": -0.0159,
        "homePen": -0.00097,
        "awayReg": 0.0303,
        "awayET": 0.0165,
        "awayPen": -0.00095
      }
    },
    {
      "stageCode": "LAST_32",
      "home": "Colombia",
      "away": "Ghana",
      "knockout": true,
      "odds": {
        "homeReg": 0.534,
        "homeET": 0.15065,
        "homePen": 0.08725,
        "awayReg": 0.13131,
        "awayET": 0.01905,
        "awayPen": 0.07774
      },
      "base": {
        "homeReg": 0.53522,
        "homeET": 0.15086,
        "homePen": 0.0869,
        "awayReg": 0.13064,
        "awayET": 0.01896,
        "awayPen": 0.07741
      },
      "delta": {
        "homeReg": -0.00122,
        "homeET": -0.00021,
        "homePen": 0.00035,
        "awayReg": 0.00067,
        "awayET": 9e-05,
        "awayPen": 0.00033
      }
    }
  ]
}