{
  "generated": "2026-07-14T23:28:20.403538Z",
  "sims": 1000000,
  "games": [
    {
      "stageCode": "SEMI_FINALS",
      "home": "England",
      "away": "Argentina",
      "knockout": true,
      "odds": {
        "homeReg": 0.31551,
        "homeET": 0.08495,
        "homePen": 0.10092,
        "awayReg": 0.32584,
        "awayET": 0.06516,
        "awayPen": 0.10762
      },
      "base": {
        "homeReg": 0.31404,
        "homeET": 0.08435,
        "homePen": 0.10096,
        "awayReg": 0.32697,
        "awayET": 0.06581,
        "awayPen": 0.10788
      },
      "delta": {
        "homeReg": 0.00147,
        "homeET": 0.0006,
        "homePen": -4e-05,
        "awayReg": -0.00113,
        "awayET": -0.00065,
        "awayPen": -0.00026
      }
    }
  ]
}