{
  "generated": "2026-07-04T19:19:10.467240Z",
  "sims": 1000000,
  "games": [
    {
      "stageCode": "LAST_16",
      "home": "Argentina",
      "away": "Egypt",
      "knockout": true,
      "odds": {
        "homeReg": 0.68324,
        "homeET": 0.14338,
        "homePen": 0.05015,
        "awayReg": 0.0662,
        "awayET": 0.00989,
        "awayPen": 0.04715
      },
      "base": {
        "homeReg": 0.68917,
        "homeET": 0.1432,
        "homePen": 0.04886,
        "awayReg": 0.06358,
        "awayET": 0.00954,
        "awayPen": 0.04566
      },
      "delta": {
        "homeReg": -0.00593,
        "homeET": 0.00018,
        "homePen": 0.00129,
        "awayReg": 0.00262,
        "awayET": 0.00035,
        "awayPen": 0.00149
      }
    },
    {
      "stageCode": "LAST_16",
      "home": "Brazil",
      "away": "Norway",
      "knockout": true,
      "odds": {
        "homeReg": 0.46507,
        "homeET": 0.13193,
        "homePen": 0.09405,
        "awayReg": 0.19521,
        "awayET": 0.02722,
        "awayPen": 0.0865
      },
      "base": {
        "homeReg": 0.46993,
        "homeET": 0.13432,
        "homePen": 0.09327,
        "awayReg": 0.1909,
        "awayET": 0.02548,
        "awayPen": 0.08608
      },
      "delta": {
        "homeReg": -0.00486,
        "homeET": -0.00239,
        "homePen": 0.00078,
        "awayReg": 0.00431,
        "awayET": 0.00174,
        "awayPen": 0.00042
      }
    },
    {
      "stageCode": "LAST_16",
      "home": "Mexico",
      "away": "England",
      "knockout": true,
      "odds": {
        "homeReg": 0.28732,
        "homeET": 0.06827,
        "homePen": 0.11262,
        "awayReg": 0.34486,
        "awayET": 0.08527,
        "awayPen": 0.10167
      },
      "base": {
        "homeReg": 0.28515,
        "homeET": 0.06709,
        "homePen": 0.11224,
        "awayReg": 0.34728,
        "awayET": 0.08671,
        "awayPen": 0.10154
      },
      "delta": {
        "homeReg": 0.00217,
        "homeET": 0.00118,
        "homePen": 0.00038,
        "awayReg": -0.00242,
        "awayET": -0.00144,
        "awayPen": 0.00013
      }
    },
    {
      "stageCode": "LAST_16",
      "home": "Paraguay",
      "away": "France",
      "knockout": true,
      "odds": {
        "homeReg": 0.03698,
        "homeET": 0.00632,
        "homePen": 0.0303,
        "awayReg": 0.75623,
        "awayET": 0.13271,
        "awayPen": 0.03746
      },
      "base": {
        "homeReg": 0.03415,
        "homeET": 0.00615,
        "homePen": 0.02911,
        "awayReg": 0.76326,
        "awayET": 0.13149,
        "awayPen": 0.03583
      },
      "delta": {
        "homeReg": 0.00283,
        "homeET": 0.00017,
        "homePen": 0.00119,
        "awayReg": -0.00703,
        "awayET": 0.00122,
        "awayPen": 0.00163
      }
    },
    {
      "stageCode": "LAST_16",
      "home": "Portugal",
      "away": "Spain",
      "knockout": true,
      "odds": {
        "homeReg": 0.25527,
        "homeET": 0.0521,
        "homePen": 0.10459,
        "awayReg": 0.37412,
        "awayET": 0.1026,
        "awayPen": 0.11131
      },
      "base": {
        "homeReg": 0.25938,
        "homeET": 0.05473,
        "homePen": 0.1056,
        "awayReg": 0.36902,
        "awayET": 0.09997,
        "awayPen": 0.11123
      },
      "delta": {
        "homeReg": -0.00411,
        "homeET": -0.00263,
        "homePen": -0.00101,
        "awayReg": 0.0051,
        "awayET": 0.00263,
        "awayPen": 8e-05
      }
    },
    {
      "stageCode": "LAST_16",
      "home": "Switzerland",
      "away": "Colombia",
      "knockout": true,
      "odds": {
        "homeReg": 0.24836,
        "homeET": 0.04414,
        "homePen": 0.10755,
        "awayReg": 0.38117,
        "awayET": 0.11248,
        "awayPen": 0.1063
      },
      "base": {
        "homeReg": 0.2484,
        "homeET": 0.04412,
        "homePen": 0.1076,
        "awayReg": 0.38115,
        "awayET": 0.11254,
        "awayPen": 0.10619
      },
      "delta": {
        "homeReg": -4e-05,
        "homeET": 2e-05,
        "homePen": -5e-05,
        "awayReg": 2e-05,
        "awayET": -6e-05,
        "awayPen": 0.00011
      }
    },
    {
      "stageCode": "LAST_16",
      "home": "United States",
      "away": "Belgium",
      "knockout": true,
      "odds": {
        "homeReg": 0.3638,
        "homeET": 0.10647,
        "homePen": 0.10558,
        "awayReg": 0.27292,
        "awayET": 0.04933,
        "awayPen": 0.1019
      },
      "base": {
        "homeReg": 0.35676,
        "homeET": 0.10301,
        "homePen": 0.10629,
        "awayReg": 0.2788,
        "awayET": 0.0526,
        "awayPen": 0.10253
      },
      "delta": {
        "homeReg": 0.00704,
        "homeET": 0.00346,
        "homePen": -0.00071,
        "awayReg": -0.00588,
        "awayET": -0.00327,
        "awayPen": -0.00063
      }
    }
  ]
}