{
  "generated": "2026-07-03T04:29:53.618193Z",
  "sims": 1000000,
  "games": [
    {
      "stageCode": "LAST_16",
      "home": "Brazil",
      "away": "Norway",
      "knockout": true,
      "odds": {
        "homeReg": 0.45857,
        "homeET": 0.13056,
        "homePen": 0.09487,
        "awayReg": 0.19789,
        "awayET": 0.02961,
        "awayPen": 0.0885
      },
      "base": {
        "homeReg": 0.46608,
        "homeET": 0.13175,
        "homePen": 0.09263,
        "awayReg": 0.19423,
        "awayET": 0.02759,
        "awayPen": 0.08772
      },
      "delta": {
        "homeReg": -0.00751,
        "homeET": -0.00119,
        "homePen": 0.00224,
        "awayReg": 0.00366,
        "awayET": 0.00202,
        "awayPen": 0.00078
      }
    },
    {
      "stageCode": "LAST_16",
      "home": "Canada",
      "away": "Morocco",
      "knockout": true,
      "odds": {
        "homeReg": 0.16557,
        "homeET": 0.02271,
        "homePen": 0.07933,
        "awayReg": 0.49677,
        "awayET": 0.14474,
        "awayPen": 0.09089
      },
      "base": {
        "homeReg": 0.17101,
        "homeET": 0.02351,
        "homePen": 0.08098,
        "awayReg": 0.48552,
        "awayET": 0.14342,
        "awayPen": 0.09556
      },
      "delta": {
        "homeReg": -0.00544,
        "homeET": -0.0008,
        "homePen": -0.00165,
        "awayReg": 0.01125,
        "awayET": 0.00132,
        "awayPen": -0.00467
      }
    },
    {
      "stageCode": "LAST_16",
      "home": "Mexico",
      "away": "England",
      "knockout": true,
      "odds": {
        "homeReg": 0.28186,
        "homeET": 0.0652,
        "homePen": 0.11303,
        "awayReg": 0.34779,
        "awayET": 0.08802,
        "awayPen": 0.10411
      },
      "base": {
        "homeReg": 0.27773,
        "homeET": 0.06361,
        "homePen": 0.11228,
        "awayReg": 0.352,
        "awayET": 0.09087,
        "awayPen": 0.10352
      },
      "delta": {
        "homeReg": 0.00413,
        "homeET": 0.00159,
        "homePen": 0.00075,
        "awayReg": -0.00421,
        "awayET": -0.00285,
        "awayPen": 0.00059
      }
    },
    {
      "stageCode": "LAST_16",
      "home": "Paraguay",
      "away": "France",
      "knockout": true,
      "odds": {
        "homeReg": 0.03102,
        "homeET": 0.0057,
        "homePen": 0.02775,
        "awayReg": 0.77494,
        "awayET": 0.12674,
        "awayPen": 0.03384
      },
      "base": {
        "homeReg": 0.03125,
        "homeET": 0.00564,
        "homePen": 0.0284,
        "awayReg": 0.77444,
        "awayET": 0.1261,
        "awayPen": 0.03417
      },
      "delta": {
        "homeReg": -0.00023,
        "homeET": 6e-05,
        "homePen": -0.00065,
        "awayReg": 0.0005,
        "awayET": 0.00064,
        "awayPen": -0.00033
      }
    },
    {
      "stageCode": "LAST_16",
      "home": "Portugal",
      "away": "Spain",
      "knockout": true,
      "odds": {
        "homeReg": 0.27092,
        "homeET": 0.06207,
        "homePen": 0.10624,
        "awayReg": 0.35502,
        "awayET": 0.0924,
        "awayPen": 0.11336
      },
      "base": {
        "homeReg": 0.26625,
        "homeET": 0.0599,
        "homePen": 0.10625,
        "awayReg": 0.36015,
        "awayET": 0.09536,
        "awayPen": 0.1121
      },
      "delta": {
        "homeReg": 0.00467,
        "homeET": 0.00217,
        "homePen": -1e-05,
        "awayReg": -0.00513,
        "awayET": -0.00296,
        "awayPen": 0.00126
      }
    },
    {
      "stageCode": "LAST_16",
      "home": "United States",
      "away": "Belgium",
      "knockout": true,
      "odds": {
        "homeReg": 0.3449,
        "homeET": 0.09629,
        "homePen": 0.10691,
        "awayReg": 0.29137,
        "awayET": 0.05858,
        "awayPen": 0.10195
      },
      "base": {
        "homeReg": 0.34731,
        "homeET": 0.09811,
        "homePen": 0.10684,
        "awayReg": 0.28752,
        "awayET": 0.05715,
        "awayPen": 0.10307
      },
      "delta": {
        "homeReg": -0.00241,
        "homeET": -0.00182,
        "homePen": 7e-05,
        "awayReg": 0.00385,
        "awayET": 0.00143,
        "awayPen": -0.00112
      }
    },
    {
      "stageCode": "LAST_32",
      "home": "Argentina",
      "away": "Cabo Verde",
      "knockout": true,
      "odds": {
        "homeReg": 0.7142,
        "homeET": 0.14081,
        "homePen": 0.04972,
        "awayReg": 0.05024,
        "awayET": 0.00784,
        "awayPen": 0.03719
      },
      "base": {
        "homeReg": 0.70354,
        "homeET": 0.14322,
        "homePen": 0.05186,
        "awayReg": 0.05341,
        "awayET": 0.00865,
        "awayPen": 0.03933
      },
      "delta": {
        "homeReg": 0.01066,
        "homeET": -0.00241,
        "homePen": -0.00214,
        "awayReg": -0.00317,
        "awayET": -0.00081,
        "awayPen": -0.00214
      }
    },
    {
      "stageCode": "LAST_32",
      "home": "Australia",
      "away": "Egypt",
      "knockout": true,
      "odds": {
        "homeReg": 0.25913,
        "homeET": 0.05006,
        "homePen": 0.10569,
        "awayReg": 0.36744,
        "awayET": 0.10351,
        "awayPen": 0.11417
      },
      "base": {
        "homeReg": 0.31105,
        "homeET": 0.07881,
        "homePen": 0.10679,
        "awayReg": 0.31298,
        "awayET": 0.07515,
        "awayPen": 0.11523
      },
      "delta": {
        "homeReg": -0.05192,
        "homeET": -0.02875,
        "homePen": -0.0011,
        "awayReg": 0.05446,
        "awayET": 0.02836,
        "awayPen": -0.00106
      }
    },
    {
      "stageCode": "LAST_32",
      "home": "Colombia",
      "away": "Ghana",
      "knockout": true,
      "odds": {
        "homeReg": 0.53693,
        "homeET": 0.15113,
        "homePen": 0.08647,
        "awayReg": 0.12946,
        "awayET": 0.01889,
        "awayPen": 0.07712
      },
      "base": {
        "homeReg": 0.50058,
        "homeET": 0.14421,
        "homePen": 0.09722,
        "awayReg": 0.15159,
        "awayET": 0.02241,
        "awayPen": 0.084
      },
      "delta": {
        "homeReg": 0.03635,
        "homeET": 0.00692,
        "homePen": -0.01075,
        "awayReg": -0.02213,
        "awayET": -0.00352,
        "awayPen": -0.00688
      }
    },
    {
      "stageCode": "LAST_32",
      "home": "Switzerland",
      "away": "Algeria",
      "knockout": true,
      "odds": {
        "homeReg": 0.4969,
        "homeET": 0.144,
        "homePen": 0.09087,
        "awayReg": 0.16922,
        "awayET": 0.02288,
        "awayPen": 0.07612
      },
      "base": {
        "homeReg": 0.4368,
        "homeET": 0.12645,
        "homePen": 0.10396,
        "awayReg": 0.2138,
        "awayET": 0.03166,
        "awayPen": 0.08733
      },
      "delta": {
        "homeReg": 0.0601,
        "homeET": 0.01755,
        "homePen": -0.01309,
        "awayReg": -0.04458,
        "awayET": -0.00878,
        "awayPen": -0.01121
      }
    }
  ]
}