{
  "generated": "2026-07-14T19:54:01.242648Z",
  "sims": 1000000,
  "games": [
    {
      "stageCode": "SEMI_FINALS",
      "home": "England",
      "away": "Argentina",
      "knockout": true,
      "odds": {
        "homeReg": 0.30746,
        "homeET": 0.08135,
        "homePen": 0.10107,
        "awayReg": 0.33265,
        "awayET": 0.06979,
        "awayPen": 0.10768
      },
      "base": {
        "homeReg": 0.31329,
        "homeET": 0.08601,
        "homePen": 0.10022,
        "awayReg": 0.32652,
        "awayET": 0.06734,
        "awayPen": 0.10662
      },
      "delta": {
        "homeReg": -0.00583,
        "homeET": -0.00466,
        "homePen": 0.00085,
        "awayReg": 0.00613,
        "awayET": 0.00245,
        "awayPen": 0.00106
      }
    }
  ]
}