{
  "generated": "2026-06-28T17:02:59.251513Z",
  "sims": 1000000,
  "games": [
    {
      "stageCode": "LAST_32",
      "home": "Belgium",
      "away": "Senegal",
      "knockout": true,
      "odds": {
        "homeReg": 0.38996,
        "homeET": 0.10982,
        "homePen": 0.12439,
        "awayReg": 0.25015,
        "awayET": 0.04724,
        "awayPen": 0.07844
      },
      "base": {
        "homeReg": 0.40048,
        "homeET": 0.11446,
        "homePen": 0.12624,
        "awayReg": 0.24221,
        "awayET": 0.04251,
        "awayPen": 0.0741
      },
      "delta": {
        "homeReg": -0.01052,
        "homeET": -0.00464,
        "homePen": -0.00185,
        "awayReg": 0.00794,
        "awayET": 0.00473,
        "awayPen": 0.00434
      }
    },
    {
      "stageCode": "LAST_32",
      "home": "Brazil",
      "away": "Japan",
      "knockout": true,
      "odds": {
        "homeReg": 0.45854,
        "homeET": 0.13601,
        "homePen": 0.13174,
        "awayReg": 0.19435,
        "awayET": 0.02608,
        "awayPen": 0.05327
      },
      "base": {
        "homeReg": 0.45964,
        "homeET": 0.13637,
        "homePen": 0.13192,
        "awayReg": 0.19339,
        "awayET": 0.02605,
        "awayPen": 0.05264
      },
      "delta": {
        "homeReg": -0.0011,
        "homeET": -0.00036,
        "homePen": -0.00018,
        "awayReg": 0.00096,
        "awayET": 3e-05,
        "awayPen": 0.00063
      }
    },
    {
      "stageCode": "LAST_32",
      "home": "Côte d'Ivoire",
      "away": "Norway",
      "knockout": true,
      "odds": {
        "homeReg": 0.22888,
        "homeET": 0.03212,
        "homePen": 0.06264,
        "awayReg": 0.41474,
        "awayET": 0.12677,
        "awayPen": 0.13486
      },
      "base": {
        "homeReg": 0.22479,
        "homeET": 0.02993,
        "homePen": 0.0604,
        "awayReg": 0.41975,
        "awayET": 0.12898,
        "awayPen": 0.13615
      },
      "delta": {
        "homeReg": 0.00409,
        "homeET": 0.00219,
        "homePen": 0.00224,
        "awayReg": -0.00501,
        "awayET": -0.00221,
        "awayPen": -0.00129
      }
    },
    {
      "stageCode": "LAST_32",
      "home": "England",
      "away": "DR Congo",
      "knockout": true,
      "odds": {
        "homeReg": 0.55796,
        "homeET": 0.14996,
        "homePen": 0.12045,
        "awayReg": 0.12548,
        "awayET": 0.01804,
        "awayPen": 0.02812
      },
      "base": {
        "homeReg": 0.56371,
        "homeET": 0.15032,
        "homePen": 0.12011,
        "awayReg": 0.12199,
        "awayET": 0.01756,
        "awayPen": 0.0263
      },
      "delta": {
        "homeReg": -0.00575,
        "homeET": -0.00036,
        "homePen": 0.00034,
        "awayReg": 0.00349,
        "awayET": 0.00048,
        "awayPen": 0.00182
      }
    },
    {
      "stageCode": "LAST_32",
      "home": "France",
      "away": "Sweden",
      "knockout": true,
      "odds": {
        "homeReg": 0.73955,
        "homeET": 0.13279,
        "homePen": 0.06753,
        "awayReg": 0.04757,
        "awayET": 0.00741,
        "awayPen": 0.00515
      },
      "base": {
        "homeReg": 0.73306,
        "homeET": 0.13436,
        "homePen": 0.06914,
        "awayReg": 0.05007,
        "awayET": 0.00769,
        "awayPen": 0.00568
      },
      "delta": {
        "homeReg": 0.00649,
        "homeET": -0.00157,
        "homePen": -0.00161,
        "awayReg": -0.0025,
        "awayET": -0.00028,
        "awayPen": -0.00053
      }
    },
    {
      "stageCode": "LAST_32",
      "home": "Germany",
      "away": "Paraguay",
      "knockout": true,
      "odds": {
        "homeReg": 0.60206,
        "homeET": 0.15132,
        "homePen": 0.11019,
        "awayReg": 0.10311,
        "awayET": 0.01516,
        "awayPen": 0.01817
      },
      "base": {
        "homeReg": 0.58178,
        "homeET": 0.15105,
        "homePen": 0.11375,
        "awayReg": 0.11431,
        "awayET": 0.01666,
        "awayPen": 0.02244
      },
      "delta": {
        "homeReg": 0.02028,
        "homeET": 0.00027,
        "homePen": -0.00356,
        "awayReg": -0.0112,
        "awayET": -0.0015,
        "awayPen": -0.00427
      }
    },
    {
      "stageCode": "LAST_32",
      "home": "Mexico",
      "away": "Ecuador",
      "knockout": true,
      "odds": {
        "homeReg": 0.45291,
        "homeET": 0.13573,
        "homePen": 0.13753,
        "awayReg": 0.18823,
        "awayET": 0.0261,
        "awayPen": 0.05952
      },
      "base": {
        "homeReg": 0.45244,
        "homeET": 0.13571,
        "homePen": 0.13761,
        "awayReg": 0.18848,
        "awayET": 0.02608,
        "awayPen": 0.05968
      },
      "delta": {
        "homeReg": 0.00047,
        "homeET": 2e-05,
        "homePen": -8e-05,
        "awayReg": -0.00025,
        "awayET": 2e-05,
        "awayPen": -0.00016
      }
    },
    {
      "stageCode": "LAST_32",
      "home": "Netherlands",
      "away": "Morocco",
      "knockout": true,
      "odds": {
        "homeReg": 0.41859,
        "homeET": 0.12367,
        "homePen": 0.12874,
        "awayReg": 0.22976,
        "awayET": 0.0354,
        "awayPen": 0.06384
      },
      "base": {
        "homeReg": 0.41757,
        "homeET": 0.12305,
        "homePen": 0.12871,
        "awayReg": 0.2305,
        "awayET": 0.03578,
        "awayPen": 0.06441
      },
      "delta": {
        "homeReg": 0.00102,
        "homeET": 0.00062,
        "homePen": 3e-05,
        "awayReg": -0.00074,
        "awayET": -0.00038,
        "awayPen": -0.00057
      }
    },
    {
      "stageCode": "LAST_32",
      "home": "South Africa",
      "away": "Canada",
      "knockout": true,
      "odds": {
        "homeReg": 0.24851,
        "homeET": 0.05126,
        "homePen": 0.08922,
        "awayReg": 0.38678,
        "awayET": 0.10129,
        "awayPen": 0.12295
      },
      "base": {
        "homeReg": 0.27097,
        "homeET": 0.06212,
        "homePen": 0.10299,
        "awayReg": 0.36208,
        "awayET": 0.08842,
        "awayPen": 0.11342
      },
      "delta": {
        "homeReg": -0.02246,
        "homeET": -0.01086,
        "homePen": -0.01377,
        "awayReg": 0.0247,
        "awayET": 0.01287,
        "awayPen": 0.00953
      }
    },
    {
      "stageCode": "LAST_32",
      "home": "United States",
      "away": "Bosnia and Herzegovina",
      "knockout": true,
      "odds": {
        "homeReg": 0.48439,
        "homeET": 0.13731,
        "homePen": 0.1218,
        "awayReg": 0.18185,
        "awayET": 0.02377,
        "awayPen": 0.05088
      },
      "base": {
        "homeReg": 0.48235,
        "homeET": 0.13668,
        "homePen": 0.12144,
        "awayReg": 0.18377,
        "awayET": 0.02363,
        "awayPen": 0.05214
      },
      "delta": {
        "homeReg": 0.00204,
        "homeET": 0.00063,
        "homePen": 0.00036,
        "awayReg": -0.00192,
        "awayET": 0.00014,
        "awayPen": -0.00126
      }
    }
  ]
}