{
  "generated": "2026-07-11T17:33:10.045980Z",
  "sims": 1000000,
  "games": [
    {
      "stageCode": "QUARTER_FINALS",
      "home": "Argentina",
      "away": "Switzerland",
      "knockout": true,
      "odds": {
        "homeReg": 0.57564,
        "homeET": 0.14749,
        "homePen": 0.06888,
        "awayReg": 0.12054,
        "awayET": 0.01651,
        "awayPen": 0.07095
      },
      "base": {
        "homeReg": 0.5728,
        "homeET": 0.14742,
        "homePen": 0.06978,
        "awayReg": 0.12182,
        "awayET": 0.01681,
        "awayPen": 0.07131
      },
      "delta": {
        "homeReg": 0.00284,
        "homeET": 7e-05,
        "homePen": -0.0009,
        "awayReg": -0.00128,
        "awayET": -0.0003,
        "awayPen": -0.00036
      }
    },
    {
      "stageCode": "QUARTER_FINALS",
      "home": "Norway",
      "away": "England",
      "knockout": true,
      "odds": {
        "homeReg": 0.21924,
        "homeET": 0.03988,
        "homePen": 0.09448,
        "awayReg": 0.43444,
        "awayET": 0.11496,
        "awayPen": 0.097
      },
      "base": {
        "homeReg": 0.2183,
        "homeET": 0.03952,
        "homePen": 0.09427,
        "awayReg": 0.43554,
        "awayET": 0.11556,
        "awayPen": 0.09681
      },
      "delta": {
        "homeReg": 0.00094,
        "homeET": 0.00036,
        "homePen": 0.00021,
        "awayReg": -0.0011,
        "awayET": -0.0006,
        "awayPen": 0.00019
      }
    },
    {
      "stageCode": "SEMI_FINALS",
      "home": "France",
      "away": "Spain",
      "knockout": true,
      "odds": {
        "homeReg": 0.36685,
        "homeET": 0.10638,
        "homePen": 0.11,
        "awayReg": 0.26413,
        "awayET": 0.04922,
        "awayPen": 0.10341
      },
      "base": {
        "homeReg": 0.37093,
        "homeET": 0.10817,
        "homePen": 0.10981,
        "awayReg": 0.26054,
        "awayET": 0.04766,
        "awayPen": 0.1029
      },
      "delta": {
        "homeReg": -0.00408,
        "homeET": -0.00179,
        "homePen": 0.00019,
        "awayReg": 0.00359,
        "awayET": 0.00156,
        "awayPen": 0.00051
      }
    }
  ]
}