{
  "generated": "2026-07-10T21:38:30.157751Z",
  "sims": 1000000,
  "games": [
    {
      "stageCode": "QUARTER_FINALS",
      "home": "Argentina",
      "away": "Switzerland",
      "knockout": true,
      "odds": {
        "homeReg": 0.57128,
        "homeET": 0.14752,
        "homePen": 0.07021,
        "awayReg": 0.12263,
        "awayET": 0.01676,
        "awayPen": 0.07161
      },
      "base": {
        "homeReg": 0.5696,
        "homeET": 0.14788,
        "homePen": 0.07047,
        "awayReg": 0.12337,
        "awayET": 0.01686,
        "awayPen": 0.07182
      },
      "delta": {
        "homeReg": 0.00168,
        "homeET": -0.00036,
        "homePen": -0.00026,
        "awayReg": -0.00074,
        "awayET": -0.0001,
        "awayPen": -0.00021
      }
    },
    {
      "stageCode": "QUARTER_FINALS",
      "home": "Norway",
      "away": "England",
      "knockout": true,
      "odds": {
        "homeReg": 0.21661,
        "homeET": 0.03863,
        "homePen": 0.09399,
        "awayReg": 0.4378,
        "awayET": 0.11686,
        "awayPen": 0.0961
      },
      "base": {
        "homeReg": 0.21455,
        "homeET": 0.03766,
        "homePen": 0.09365,
        "awayReg": 0.44039,
        "awayET": 0.11829,
        "awayPen": 0.09545
      },
      "delta": {
        "homeReg": 0.00206,
        "homeET": 0.00097,
        "homePen": 0.00034,
        "awayReg": -0.00259,
        "awayET": -0.00143,
        "awayPen": 0.00065
      }
    },
    {
      "stageCode": "SEMI_FINALS",
      "home": "France",
      "away": "Spain",
      "knockout": true,
      "odds": {
        "homeReg": 0.3716,
        "homeET": 0.10847,
        "homePen": 0.10977,
        "awayReg": 0.25988,
        "awayET": 0.04746,
        "awayPen": 0.10283
      },
      "base": {
        "homeReg": 0.37521,
        "homeET": 0.1098,
        "homePen": 0.10976,
        "awayReg": 0.25643,
        "awayET": 0.04616,
        "awayPen": 0.10264
      },
      "delta": {
        "homeReg": -0.00361,
        "homeET": -0.00133,
        "homePen": 1e-05,
        "awayReg": 0.00345,
        "awayET": 0.0013,
        "awayPen": 0.00019
      }
    }
  ]
}