{
  "generated": "2026-06-30T20:33:01.451296Z",
  "sims": 1000000,
  "games": [
    {
      "stageCode": "LAST_32",
      "home": "Argentina",
      "away": "Cabo Verde",
      "knockout": true,
      "odds": {
        "homeReg": 0.73372,
        "homeET": 0.13847,
        "homePen": 0.07372,
        "awayReg": 0.04167,
        "awayET": 0.0068,
        "awayPen": 0.00562
      },
      "base": {
        "homeReg": 0.72291,
        "homeET": 0.141,
        "homePen": 0.07688,
        "awayReg": 0.04556,
        "awayET": 0.00732,
        "awayPen": 0.00632
      },
      "delta": {
        "homeReg": 0.01081,
        "homeET": -0.00253,
        "homePen": -0.00316,
        "awayReg": -0.00389,
        "awayET": -0.00052,
        "awayPen": -0.0007
      }
    },
    {
      "stageCode": "LAST_32",
      "home": "Australia",
      "away": "Egypt",
      "knockout": true,
      "odds": {
        "homeReg": 0.30358,
        "homeET": 0.07536,
        "homePen": 0.11182,
        "awayReg": 0.31759,
        "awayET": 0.07909,
        "awayPen": 0.11256
      },
      "base": {
        "homeReg": 0.30508,
        "homeET": 0.07672,
        "homePen": 0.11244,
        "awayReg": 0.31649,
        "awayET": 0.0778,
        "awayPen": 0.11147
      },
      "delta": {
        "homeReg": -0.0015,
        "homeET": -0.00136,
        "homePen": -0.00062,
        "awayReg": 0.0011,
        "awayET": 0.00129,
        "awayPen": 0.00109
      }
    },
    {
      "stageCode": "LAST_32",
      "home": "Belgium",
      "away": "Senegal",
      "knockout": true,
      "odds": {
        "homeReg": 0.39527,
        "homeET": 0.1117,
        "homePen": 0.12468,
        "awayReg": 0.24718,
        "awayET": 0.04564,
        "awayPen": 0.07553
      },
      "base": {
        "homeReg": 0.40127,
        "homeET": 0.11535,
        "homePen": 0.12622,
        "awayReg": 0.24139,
        "awayET": 0.04269,
        "awayPen": 0.07308
      },
      "delta": {
        "homeReg": -0.006,
        "homeET": -0.00365,
        "homePen": -0.00154,
        "awayReg": 0.00579,
        "awayET": 0.00295,
        "awayPen": 0.00245
      }
    },
    {
      "stageCode": "LAST_32",
      "home": "England",
      "away": "DR Congo",
      "knockout": true,
      "odds": {
        "homeReg": 0.55986,
        "homeET": 0.14945,
        "homePen": 0.1192,
        "awayReg": 0.12542,
        "awayET": 0.01766,
        "awayPen": 0.02841
      },
      "base": {
        "homeReg": 0.56208,
        "homeET": 0.14972,
        "homePen": 0.11857,
        "awayReg": 0.12405,
        "awayET": 0.01767,
        "awayPen": 0.02789
      },
      "delta": {
        "homeReg": -0.00222,
        "homeET": -0.00027,
        "homePen": 0.00063,
        "awayReg": 0.00137,
        "awayET": -1e-05,
        "awayPen": 0.00052
      }
    },
    {
      "stageCode": "LAST_32",
      "home": "France",
      "away": "Sweden",
      "knockout": true,
      "odds": {
        "homeReg": 0.73216,
        "homeET": 0.1362,
        "homePen": 0.06939,
        "awayReg": 0.04922,
        "awayET": 0.0076,
        "awayPen": 0.00545
      },
      "base": {
        "homeReg": 0.74011,
        "homeET": 0.13447,
        "homePen": 0.06724,
        "awayReg": 0.04595,
        "awayET": 0.00719,
        "awayPen": 0.00505
      },
      "delta": {
        "homeReg": -0.00795,
        "homeET": 0.00173,
        "homePen": 0.00215,
        "awayReg": 0.00327,
        "awayET": 0.00041,
        "awayPen": 0.0004
      }
    },
    {
      "stageCode": "LAST_32",
      "home": "Mexico",
      "away": "Ecuador",
      "knockout": true,
      "odds": {
        "homeReg": 0.45476,
        "homeET": 0.13461,
        "homePen": 0.13895,
        "awayReg": 0.18865,
        "awayET": 0.02615,
        "awayPen": 0.05688
      },
      "base": {
        "homeReg": 0.4598,
        "homeET": 0.13592,
        "homePen": 0.13844,
        "awayReg": 0.18524,
        "awayET": 0.02571,
        "awayPen": 0.05489
      },
      "delta": {
        "homeReg": -0.00504,
        "homeET": -0.00131,
        "homePen": 0.00051,
        "awayReg": 0.00341,
        "awayET": 0.00044,
        "awayPen": 0.00199
      }
    },
    {
      "stageCode": "LAST_32",
      "home": "Portugal",
      "away": "Croatia",
      "knockout": true,
      "odds": {
        "homeReg": 0.50997,
        "homeET": 0.14683,
        "homePen": 0.13152,
        "awayReg": 0.15535,
        "awayET": 0.02198,
        "awayPen": 0.03434
      },
      "base": {
        "homeReg": 0.51194,
        "homeET": 0.14696,
        "homePen": 0.13129,
        "awayReg": 0.15412,
        "awayET": 0.02187,
        "awayPen": 0.03381
      },
      "delta": {
        "homeReg": -0.00197,
        "homeET": -0.00013,
        "homePen": 0.00023,
        "awayReg": 0.00123,
        "awayET": 0.00011,
        "awayPen": 0.00053
      }
    },
    {
      "stageCode": "LAST_32",
      "home": "Spain",
      "away": "Austria",
      "knockout": true,
      "odds": {
        "homeReg": 0.62148,
        "homeET": 0.15049,
        "homePen": 0.10626,
        "awayReg": 0.09211,
        "awayET": 0.01354,
        "awayPen": 0.01611
      },
      "base": {
        "homeReg": 0.61941,
        "homeET": 0.15063,
        "homePen": 0.10686,
        "awayReg": 0.09304,
        "awayET": 0.01353,
        "awayPen": 0.01654
      },
      "delta": {
        "homeReg": 0.00207,
        "homeET": -0.00014,
        "homePen": -0.0006,
        "awayReg": -0.00093,
        "awayET": 1e-05,
        "awayPen": -0.00043
      }
    },
    {
      "stageCode": "LAST_32",
      "home": "Switzerland",
      "away": "Algeria",
      "knockout": true,
      "odds": {
        "homeReg": 0.42934,
        "homeET": 0.12266,
        "homePen": 0.128,
        "awayReg": 0.2193,
        "awayET": 0.03499,
        "awayPen": 0.06572
      },
      "base": {
        "homeReg": 0.42723,
        "homeET": 0.12158,
        "homePen": 0.12723,
        "awayReg": 0.22116,
        "awayET": 0.03595,
        "awayPen": 0.06684
      },
      "delta": {
        "homeReg": 0.00211,
        "homeET": 0.00108,
        "homePen": 0.00077,
        "awayReg": -0.00186,
        "awayET": -0.00096,
        "awayPen": -0.00112
      }
    },
    {
      "stageCode": "LAST_32",
      "home": "United States",
      "away": "Bosnia and Herzegovina",
      "knockout": true,
      "odds": {
        "homeReg": 0.49491,
        "homeET": 0.1402,
        "homePen": 0.12118,
        "awayReg": 0.17378,
        "awayET": 0.02284,
        "awayPen": 0.04709
      },
      "base": {
        "homeReg": 0.49532,
        "homeET": 0.14024,
        "homePen": 0.12108,
        "awayReg": 0.17353,
        "awayET": 0.02285,
        "awayPen": 0.04699
      },
      "delta": {
        "homeReg": -0.00041,
        "homeET": -4e-05,
        "homePen": 0.0001,
        "awayReg": 0.00025,
        "awayET": -1e-05,
        "awayPen": 0.0001
      }
    }
  ]
}