{
  "generated": "2026-06-30T19:17:07.501977Z",
  "sims": 1000000,
  "games": [
    {
      "stageCode": "LAST_32",
      "home": "Argentina",
      "away": "Cabo Verde",
      "knockout": true,
      "odds": {
        "homeReg": 0.71186,
        "homeET": 0.14274,
        "homePen": 0.08048,
        "awayReg": 0.04961,
        "awayET": 0.00802,
        "awayPen": 0.0073
      },
      "base": {
        "homeReg": 0.72,
        "homeET": 0.14138,
        "homePen": 0.0778,
        "awayReg": 0.04668,
        "awayET": 0.00758,
        "awayPen": 0.00656
      },
      "delta": {
        "homeReg": -0.00814,
        "homeET": 0.00136,
        "homePen": 0.00268,
        "awayReg": 0.00293,
        "awayET": 0.00044,
        "awayPen": 0.00074
      }
    },
    {
      "stageCode": "LAST_32",
      "home": "Australia",
      "away": "Egypt",
      "knockout": true,
      "odds": {
        "homeReg": 0.29569,
        "homeET": 0.07173,
        "homePen": 0.10755,
        "awayReg": 0.3261,
        "awayET": 0.08298,
        "awayPen": 0.11594
      },
      "base": {
        "homeReg": 0.3038,
        "homeET": 0.07556,
        "homePen": 0.11203,
        "awayReg": 0.3174,
        "awayET": 0.07888,
        "awayPen": 0.11232
      },
      "delta": {
        "homeReg": -0.00811,
        "homeET": -0.00383,
        "homePen": -0.00448,
        "awayReg": 0.0087,
        "awayET": 0.0041,
        "awayPen": 0.00362
      }
    },
    {
      "stageCode": "LAST_32",
      "home": "Belgium",
      "away": "Senegal",
      "knockout": true,
      "odds": {
        "homeReg": 0.38838,
        "homeET": 0.10824,
        "homePen": 0.12304,
        "awayReg": 0.25284,
        "awayET": 0.04884,
        "awayPen": 0.07866
      },
      "base": {
        "homeReg": 0.38974,
        "homeET": 0.10866,
        "homePen": 0.12316,
        "awayReg": 0.25204,
        "awayET": 0.0482,
        "awayPen": 0.0782
      },
      "delta": {
        "homeReg": -0.00136,
        "homeET": -0.00042,
        "homePen": -0.00012,
        "awayReg": 0.0008,
        "awayET": 0.00064,
        "awayPen": 0.00046
      }
    },
    {
      "stageCode": "LAST_32",
      "home": "England",
      "away": "DR Congo",
      "knockout": true,
      "odds": {
        "homeReg": 0.55807,
        "homeET": 0.14952,
        "homePen": 0.1195,
        "awayReg": 0.12614,
        "awayET": 0.01764,
        "awayPen": 0.02913
      },
      "base": {
        "homeReg": 0.56427,
        "homeET": 0.14971,
        "homePen": 0.1184,
        "awayReg": 0.12282,
        "awayET": 0.01753,
        "awayPen": 0.02728
      },
      "delta": {
        "homeReg": -0.0062,
        "homeET": -0.00019,
        "homePen": 0.0011,
        "awayReg": 0.00332,
        "awayET": 0.00011,
        "awayPen": 0.00185
      }
    },
    {
      "stageCode": "LAST_32",
      "home": "France",
      "away": "Sweden",
      "knockout": true,
      "odds": {
        "homeReg": 0.73511,
        "homeET": 0.13564,
        "homePen": 0.06865,
        "awayReg": 0.04775,
        "awayET": 0.00754,
        "awayPen": 0.0053
      },
      "base": {
        "homeReg": 0.7351,
        "homeET": 0.13562,
        "homePen": 0.07039,
        "awayReg": 0.04779,
        "awayET": 0.00809,
        "awayPen": 0.00531
      },
      "delta": {
        "homeReg": 1e-05,
        "homeET": 2e-05,
        "homePen": -0.00174,
        "awayReg": -4e-05,
        "awayET": -0.00055,
        "awayPen": -1e-05
      }
    },
    {
      "stageCode": "LAST_32",
      "home": "Mexico",
      "away": "Ecuador",
      "knockout": true,
      "odds": {
        "homeReg": 0.45283,
        "homeET": 0.13426,
        "homePen": 0.13898,
        "awayReg": 0.18998,
        "awayET": 0.02627,
        "awayPen": 0.05767
      },
      "base": {
        "homeReg": 0.45076,
        "homeET": 0.13359,
        "homePen": 0.13847,
        "awayReg": 0.19163,
        "awayET": 0.02661,
        "awayPen": 0.05894
      },
      "delta": {
        "homeReg": 0.00207,
        "homeET": 0.00067,
        "homePen": 0.00051,
        "awayReg": -0.00165,
        "awayET": -0.00034,
        "awayPen": -0.00127
      }
    },
    {
      "stageCode": "LAST_32",
      "home": "Portugal",
      "away": "Croatia",
      "knockout": true,
      "odds": {
        "homeReg": 0.51083,
        "homeET": 0.14702,
        "homePen": 0.13146,
        "awayReg": 0.15468,
        "awayET": 0.0219,
        "awayPen": 0.03411
      },
      "base": {
        "homeReg": 0.50963,
        "homeET": 0.14688,
        "homePen": 0.1315,
        "awayReg": 0.1556,
        "awayET": 0.02198,
        "awayPen": 0.03441
      },
      "delta": {
        "homeReg": 0.0012,
        "homeET": 0.00014,
        "homePen": -4e-05,
        "awayReg": -0.00092,
        "awayET": -8e-05,
        "awayPen": -0.0003
      }
    },
    {
      "stageCode": "LAST_32",
      "home": "Spain",
      "away": "Austria",
      "knockout": true,
      "odds": {
        "homeReg": 0.63711,
        "homeET": 0.15037,
        "homePen": 0.10202,
        "awayReg": 0.08396,
        "awayET": 0.01266,
        "awayPen": 0.01388
      },
      "base": {
        "homeReg": 0.62679,
        "homeET": 0.15065,
        "homePen": 0.10454,
        "awayReg": 0.08956,
        "awayET": 0.01312,
        "awayPen": 0.01534
      },
      "delta": {
        "homeReg": 0.01032,
        "homeET": -0.00028,
        "homePen": -0.00252,
        "awayReg": -0.0056,
        "awayET": -0.00046,
        "awayPen": -0.00146
      }
    },
    {
      "stageCode": "LAST_32",
      "home": "Switzerland",
      "away": "Algeria",
      "knockout": true,
      "odds": {
        "homeReg": 0.41454,
        "homeET": 0.11495,
        "homePen": 0.12393,
        "awayReg": 0.23215,
        "awayET": 0.04176,
        "awayPen": 0.07268
      },
      "base": {
        "homeReg": 0.42898,
        "homeET": 0.12237,
        "homePen": 0.12773,
        "awayReg": 0.21964,
        "awayET": 0.03526,
        "awayPen": 0.06603
      },
      "delta": {
        "homeReg": -0.01444,
        "homeET": -0.00742,
        "homePen": -0.0038,
        "awayReg": 0.01251,
        "awayET": 0.0065,
        "awayPen": 0.00665
      }
    },
    {
      "stageCode": "LAST_32",
      "home": "United States",
      "away": "Bosnia and Herzegovina",
      "knockout": true,
      "odds": {
        "homeReg": 0.49164,
        "homeET": 0.13953,
        "homePen": 0.12182,
        "awayReg": 0.17584,
        "awayET": 0.02303,
        "awayPen": 0.04813
      },
      "base": {
        "homeReg": 0.49567,
        "homeET": 0.14018,
        "homePen": 0.12108,
        "awayReg": 0.17328,
        "awayET": 0.02285,
        "awayPen": 0.04695
      },
      "delta": {
        "homeReg": -0.00403,
        "homeET": -0.00065,
        "homePen": 0.00074,
        "awayReg": 0.00256,
        "awayET": 0.00018,
        "awayPen": 0.00118
      }
    }
  ]
}