{
  "generated": "2026-07-03T01:45:13.391044Z",
  "sims": 1000000,
  "games": [
    {
      "stageCode": "LAST_16",
      "home": "Brazil",
      "away": "Norway",
      "knockout": true,
      "odds": {
        "homeReg": 0.46608,
        "homeET": 0.13175,
        "homePen": 0.09263,
        "awayReg": 0.19423,
        "awayET": 0.02759,
        "awayPen": 0.08772
      },
      "base": {
        "homeReg": 0.45909,
        "homeET": 0.12929,
        "homePen": 0.09437,
        "awayReg": 0.19834,
        "awayET": 0.02979,
        "awayPen": 0.08911
      },
      "delta": {
        "homeReg": 0.00699,
        "homeET": 0.00246,
        "homePen": -0.00174,
        "awayReg": -0.00411,
        "awayET": -0.0022,
        "awayPen": -0.00139
      }
    },
    {
      "stageCode": "LAST_16",
      "home": "Canada",
      "away": "Morocco",
      "knockout": true,
      "odds": {
        "homeReg": 0.17101,
        "homeET": 0.02351,
        "homePen": 0.08098,
        "awayReg": 0.48552,
        "awayET": 0.14342,
        "awayPen": 0.09556
      },
      "base": {
        "homeReg": 0.16535,
        "homeET": 0.02311,
        "homePen": 0.07989,
        "awayReg": 0.49335,
        "awayET": 0.14462,
        "awayPen": 0.09367
      },
      "delta": {
        "homeReg": 0.00566,
        "homeET": 0.0004,
        "homePen": 0.00109,
        "awayReg": -0.00783,
        "awayET": -0.0012,
        "awayPen": 0.00189
      }
    },
    {
      "stageCode": "LAST_16",
      "home": "Mexico",
      "away": "England",
      "knockout": true,
      "odds": {
        "homeReg": 0.27773,
        "homeET": 0.06361,
        "homePen": 0.11228,
        "awayReg": 0.352,
        "awayET": 0.09087,
        "awayPen": 0.10352
      },
      "base": {
        "homeReg": 0.277,
        "homeET": 0.06328,
        "homePen": 0.11242,
        "awayReg": 0.35239,
        "awayET": 0.09134,
        "awayPen": 0.10357
      },
      "delta": {
        "homeReg": 0.00073,
        "homeET": 0.00033,
        "homePen": -0.00014,
        "awayReg": -0.00039,
        "awayET": -0.00047,
        "awayPen": -5e-05
      }
    },
    {
      "stageCode": "LAST_16",
      "home": "Paraguay",
      "away": "France",
      "knockout": true,
      "odds": {
        "homeReg": 0.03125,
        "homeET": 0.00564,
        "homePen": 0.0284,
        "awayReg": 0.77444,
        "awayET": 0.1261,
        "awayPen": 0.03417
      },
      "base": {
        "homeReg": 0.03331,
        "homeET": 0.00579,
        "homePen": 0.02932,
        "awayReg": 0.76809,
        "awayET": 0.1282,
        "awayPen": 0.03529
      },
      "delta": {
        "homeReg": -0.00206,
        "homeET": -0.00015,
        "homePen": -0.00092,
        "awayReg": 0.00635,
        "awayET": -0.0021,
        "awayPen": -0.00112
      }
    },
    {
      "stageCode": "LAST_16",
      "home": "Portugal",
      "away": "Spain",
      "knockout": true,
      "odds": {
        "homeReg": 0.26625,
        "homeET": 0.0599,
        "homePen": 0.10625,
        "awayReg": 0.36015,
        "awayET": 0.09536,
        "awayPen": 0.1121
      },
      "base": {
        "homeReg": 0.26625,
        "homeET": 0.0599,
        "homePen": 0.10625,
        "awayReg": 0.36015,
        "awayET": 0.09536,
        "awayPen": 0.1121
      },
      "delta": {
        "homeReg": null,
        "homeET": null,
        "homePen": null,
        "awayReg": null,
        "awayET": null,
        "awayPen": null
      }
    },
    {
      "stageCode": "LAST_16",
      "home": "United States",
      "away": "Belgium",
      "knockout": true,
      "odds": {
        "homeReg": 0.34731,
        "homeET": 0.09811,
        "homePen": 0.10684,
        "awayReg": 0.28752,
        "awayET": 0.05715,
        "awayPen": 0.10307
      },
      "base": {
        "homeReg": 0.34625,
        "homeET": 0.09695,
        "homePen": 0.10676,
        "awayReg": 0.29025,
        "awayET": 0.05802,
        "awayPen": 0.10175
      },
      "delta": {
        "homeReg": 0.00106,
        "homeET": 0.00116,
        "homePen": 8e-05,
        "awayReg": -0.00273,
        "awayET": -0.00087,
        "awayPen": 0.00132
      }
    },
    {
      "stageCode": "LAST_32",
      "home": "Argentina",
      "away": "Cabo Verde",
      "knockout": true,
      "odds": {
        "homeReg": 0.70354,
        "homeET": 0.14322,
        "homePen": 0.05186,
        "awayReg": 0.05341,
        "awayET": 0.00865,
        "awayPen": 0.03933
      },
      "base": {
        "homeReg": 0.7091,
        "homeET": 0.14208,
        "homePen": 0.05045,
        "awayReg": 0.0514,
        "awayET": 0.00848,
        "awayPen": 0.03848
      },
      "delta": {
        "homeReg": -0.00556,
        "homeET": 0.00114,
        "homePen": 0.00141,
        "awayReg": 0.00201,
        "awayET": 0.00017,
        "awayPen": 0.00085
      }
    },
    {
      "stageCode": "LAST_32",
      "home": "Australia",
      "away": "Egypt",
      "knockout": true,
      "odds": {
        "homeReg": 0.31105,
        "homeET": 0.07881,
        "homePen": 0.10679,
        "awayReg": 0.31298,
        "awayET": 0.07515,
        "awayPen": 0.11523
      },
      "base": {
        "homeReg": 0.30906,
        "homeET": 0.07769,
        "homePen": 0.1068,
        "awayReg": 0.31518,
        "awayET": 0.07586,
        "awayPen": 0.11542
      },
      "delta": {
        "homeReg": 0.00199,
        "homeET": 0.00112,
        "homePen": -1e-05,
        "awayReg": -0.0022,
        "awayET": -0.00071,
        "awayPen": -0.00019
      }
    },
    {
      "stageCode": "LAST_32",
      "home": "Colombia",
      "away": "Ghana",
      "knockout": true,
      "odds": {
        "homeReg": 0.50058,
        "homeET": 0.14421,
        "homePen": 0.09722,
        "awayReg": 0.15159,
        "awayET": 0.02241,
        "awayPen": 0.084
      },
      "base": {
        "homeReg": 0.52226,
        "homeET": 0.1495,
        "homePen": 0.09134,
        "awayReg": 0.13748,
        "awayET": 0.02029,
        "awayPen": 0.07912
      },
      "delta": {
        "homeReg": -0.02168,
        "homeET": -0.00529,
        "homePen": 0.00588,
        "awayReg": 0.01411,
        "awayET": 0.00212,
        "awayPen": 0.00488
      }
    },
    {
      "stageCode": "LAST_32",
      "home": "Switzerland",
      "away": "Algeria",
      "knockout": true,
      "odds": {
        "homeReg": 0.4368,
        "homeET": 0.12645,
        "homePen": 0.10396,
        "awayReg": 0.2138,
        "awayET": 0.03166,
        "awayPen": 0.08733
      },
      "base": {
        "homeReg": 0.41815,
        "homeET": 0.11739,
        "homePen": 0.10662,
        "awayReg": 0.22889,
        "awayET": 0.03896,
        "awayPen": 0.08998
      },
      "delta": {
        "homeReg": 0.01865,
        "homeET": 0.00906,
        "homePen": -0.00266,
        "awayReg": -0.01509,
        "awayET": -0.0073,
        "awayPen": -0.00265
      }
    }
  ]
}