{
  "generated": "2026-07-12T17:36:31.914626Z",
  "sims": 1000000,
  "games": [
    {
      "stageCode": "SEMI_FINALS",
      "home": "England",
      "away": "Argentina",
      "knockout": true,
      "odds": {
        "homeReg": 0.30835,
        "homeET": 0.08386,
        "homePen": 0.10003,
        "awayReg": 0.33174,
        "awayET": 0.06962,
        "awayPen": 0.1064
      },
      "base": {
        "homeReg": 0.30482,
        "homeET": 0.08191,
        "homePen": 0.10042,
        "awayReg": 0.33586,
        "awayET": 0.07122,
        "awayPen": 0.10578
      },
      "delta": {
        "homeReg": 0.00353,
        "homeET": 0.00195,
        "homePen": -0.00039,
        "awayReg": -0.00412,
        "awayET": -0.0016,
        "awayPen": 0.00062
      }
    },
    {
      "stageCode": "SEMI_FINALS",
      "home": "France",
      "away": "Spain",
      "knockout": true,
      "odds": {
        "homeReg": 0.37592,
        "homeET": 0.10906,
        "homePen": 0.11083,
        "awayReg": 0.25619,
        "awayET": 0.04655,
        "awayPen": 0.10146
      },
      "base": {
        "homeReg": 0.37947,
        "homeET": 0.11064,
        "homePen": 0.11013,
        "awayReg": 0.25327,
        "awayET": 0.04503,
        "awayPen": 0.10136
      },
      "delta": {
        "homeReg": -0.00355,
        "homeET": -0.00158,
        "homePen": 0.0007,
        "awayReg": 0.00292,
        "awayET": 0.00152,
        "awayPen": 0.0001
      }
    }
  ]
}