{
  "generated": "2026-07-14T03:47:14.318382Z",
  "sims": 1000000,
  "games": [
    {
      "stageCode": "SEMI_FINALS",
      "home": "England",
      "away": "Argentina",
      "knockout": true,
      "odds": {
        "homeReg": 0.31547,
        "homeET": 0.08793,
        "homePen": 0.09996,
        "awayReg": 0.32405,
        "awayET": 0.06602,
        "awayPen": 0.10657
      },
      "base": {
        "homeReg": 0.31487,
        "homeET": 0.08736,
        "homePen": 0.10007,
        "awayReg": 0.32453,
        "awayET": 0.06651,
        "awayPen": 0.10666
      },
      "delta": {
        "homeReg": 0.0006,
        "homeET": 0.00057,
        "homePen": -0.00011,
        "awayReg": -0.00048,
        "awayET": -0.00049,
        "awayPen": -9e-05
      }
    },
    {
      "stageCode": "SEMI_FINALS",
      "home": "France",
      "away": "Spain",
      "knockout": true,
      "odds": {
        "homeReg": 0.36882,
        "homeET": 0.10485,
        "homePen": 0.11145,
        "awayReg": 0.26249,
        "awayET": 0.05015,
        "awayPen": 0.10225
      },
      "base": {
        "homeReg": 0.3757,
        "homeET": 0.10898,
        "homePen": 0.11082,
        "awayReg": 0.25646,
        "awayET": 0.04663,
        "awayPen": 0.10142
      },
      "delta": {
        "homeReg": -0.00688,
        "homeET": -0.00413,
        "homePen": 0.00063,
        "awayReg": 0.00603,
        "awayET": 0.00352,
        "awayPen": 0.00083
      }
    }
  ]
}