{
  "generated": "2026-06-30T23:49:35.494743Z",
  "sims": 1000000,
  "games": [
    {
      "stageCode": "LAST_32",
      "home": "Argentina",
      "away": "Cabo Verde",
      "knockout": true,
      "odds": {
        "homeReg": 0.74377,
        "homeET": 0.13563,
        "homePen": 0.07,
        "awayReg": 0.03907,
        "awayET": 0.0066,
        "awayPen": 0.00492
      },
      "base": {
        "homeReg": 0.71878,
        "homeET": 0.14084,
        "homePen": 0.07752,
        "awayReg": 0.0482,
        "awayET": 0.00795,
        "awayPen": 0.00671
      },
      "delta": {
        "homeReg": 0.02499,
        "homeET": -0.00521,
        "homePen": -0.00752,
        "awayReg": -0.00913,
        "awayET": -0.00135,
        "awayPen": -0.00179
      }
    },
    {
      "stageCode": "LAST_32",
      "home": "Australia",
      "away": "Egypt",
      "knockout": true,
      "odds": {
        "homeReg": 0.31197,
        "homeET": 0.07891,
        "homePen": 0.11732,
        "awayReg": 0.31033,
        "awayET": 0.07411,
        "awayPen": 0.10737
      },
      "base": {
        "homeReg": 0.30566,
        "homeET": 0.07556,
        "homePen": 0.11324,
        "awayReg": 0.31684,
        "awayET": 0.07736,
        "awayPen": 0.11134
      },
      "delta": {
        "homeReg": 0.00631,
        "homeET": 0.00335,
        "homePen": 0.00408,
        "awayReg": -0.00651,
        "awayET": -0.00325,
        "awayPen": -0.00397
      }
    },
    {
      "stageCode": "LAST_32",
      "home": "Belgium",
      "away": "Senegal",
      "knockout": true,
      "odds": {
        "homeReg": 0.38165,
        "homeET": 0.10438,
        "homePen": 0.11984,
        "awayReg": 0.25944,
        "awayET": 0.05121,
        "awayPen": 0.08349
      },
      "base": {
        "homeReg": 0.38926,
        "homeET": 0.10817,
        "homePen": 0.1217,
        "awayReg": 0.25276,
        "awayET": 0.04797,
        "awayPen": 0.08014
      },
      "delta": {
        "homeReg": -0.00761,
        "homeET": -0.00379,
        "homePen": -0.00186,
        "awayReg": 0.00668,
        "awayET": 0.00324,
        "awayPen": 0.00335
      }
    },
    {
      "stageCode": "LAST_32",
      "home": "Colombia",
      "away": "Ghana",
      "knockout": true,
      "odds": {
        "homeReg": 0.48578,
        "homeET": 0.14326,
        "homePen": 0.14069,
        "awayReg": 0.16034,
        "awayET": 0.02277,
        "awayPen": 0.04716
      },
      "base": {
        "homeReg": 0.50684,
        "homeET": 0.1473,
        "homePen": 0.13869,
        "awayReg": 0.14674,
        "awayET": 0.02147,
        "awayPen": 0.03897
      },
      "delta": {
        "homeReg": -0.02106,
        "homeET": -0.00404,
        "homePen": 0.002,
        "awayReg": 0.0136,
        "awayET": 0.0013,
        "awayPen": 0.00819
      }
    },
    {
      "stageCode": "LAST_32",
      "home": "England",
      "away": "DR Congo",
      "knockout": true,
      "odds": {
        "homeReg": 0.55916,
        "homeET": 0.14754,
        "homePen": 0.11915,
        "awayReg": 0.12679,
        "awayET": 0.01803,
        "awayPen": 0.02933
      },
      "base": {
        "homeReg": 0.55822,
        "homeET": 0.14729,
        "homePen": 0.11935,
        "awayReg": 0.12745,
        "awayET": 0.01817,
        "awayPen": 0.02953
      },
      "delta": {
        "homeReg": 0.00094,
        "homeET": 0.00025,
        "homePen": -0.0002,
        "awayReg": -0.00066,
        "awayET": -0.00014,
        "awayPen": -0.0002
      }
    },
    {
      "stageCode": "LAST_32",
      "home": "Mexico",
      "away": "Ecuador",
      "knockout": true,
      "odds": {
        "homeReg": 0.45828,
        "homeET": 0.13599,
        "homePen": 0.13881,
        "awayReg": 0.18421,
        "awayET": 0.02544,
        "awayPen": 0.05727
      },
      "base": {
        "homeReg": 0.44879,
        "homeET": 0.13317,
        "homePen": 0.13841,
        "awayReg": 0.19098,
        "awayET": 0.0272,
        "awayPen": 0.06146
      },
      "delta": {
        "homeReg": 0.00949,
        "homeET": 0.00282,
        "homePen": 0.0004,
        "awayReg": -0.00677,
        "awayET": -0.00176,
        "awayPen": -0.00419
      }
    },
    {
      "stageCode": "LAST_32",
      "home": "Portugal",
      "away": "Croatia",
      "knockout": true,
      "odds": {
        "homeReg": 0.50674,
        "homeET": 0.14623,
        "homePen": 0.13171,
        "awayReg": 0.15673,
        "awayET": 0.02249,
        "awayPen": 0.0361
      },
      "base": {
        "homeReg": 0.50506,
        "homeET": 0.14622,
        "homePen": 0.13156,
        "awayReg": 0.15793,
        "awayET": 0.02279,
        "awayPen": 0.03644
      },
      "delta": {
        "homeReg": 0.00168,
        "homeET": 1e-05,
        "homePen": 0.00015,
        "awayReg": -0.0012,
        "awayET": -0.0003,
        "awayPen": -0.00034
      }
    },
    {
      "stageCode": "LAST_32",
      "home": "Spain",
      "away": "Austria",
      "knockout": true,
      "odds": {
        "homeReg": 0.62485,
        "homeET": 0.15161,
        "homePen": 0.10405,
        "awayReg": 0.09021,
        "awayET": 0.01358,
        "awayPen": 0.0157
      },
      "base": {
        "homeReg": 0.64499,
        "homeET": 0.15051,
        "homePen": 0.09911,
        "awayReg": 0.08052,
        "awayET": 0.01235,
        "awayPen": 0.01252
      },
      "delta": {
        "homeReg": -0.02014,
        "homeET": 0.0011,
        "homePen": 0.00494,
        "awayReg": 0.00969,
        "awayET": 0.00123,
        "awayPen": 0.00318
      }
    },
    {
      "stageCode": "LAST_32",
      "home": "Switzerland",
      "away": "Algeria",
      "knockout": true,
      "odds": {
        "homeReg": 0.41469,
        "homeET": 0.11596,
        "homePen": 0.12409,
        "awayReg": 0.23262,
        "awayET": 0.04051,
        "awayPen": 0.07213
      },
      "base": {
        "homeReg": 0.41941,
        "homeET": 0.11793,
        "homePen": 0.12518,
        "awayReg": 0.22874,
        "awayET": 0.0387,
        "awayPen": 0.07004
      },
      "delta": {
        "homeReg": -0.00472,
        "homeET": -0.00197,
        "homePen": -0.00109,
        "awayReg": 0.00388,
        "awayET": 0.00181,
        "awayPen": 0.00209
      }
    },
    {
      "stageCode": "LAST_32",
      "home": "United States",
      "away": "Bosnia and Herzegovina",
      "knockout": true,
      "odds": {
        "homeReg": 0.48721,
        "homeET": 0.13738,
        "homePen": 0.12041,
        "awayReg": 0.181,
        "awayET": 0.02392,
        "awayPen": 0.05007
      },
      "base": {
        "homeReg": 0.50252,
        "homeET": 0.1412,
        "homePen": 0.11935,
        "awayReg": 0.17012,
        "awayET": 0.0227,
        "awayPen": 0.04412
      },
      "delta": {
        "homeReg": -0.01531,
        "homeET": -0.00382,
        "homePen": 0.00106,
        "awayReg": 0.01088,
        "awayET": 0.00122,
        "awayPen": 0.00595
      }
    }
  ]
}