{
  "generated": "2026-06-29T19:22:57.175557Z",
  "sims": 1000000,
  "games": [
    {
      "stageCode": "LAST_32",
      "home": "Belgium",
      "away": "Senegal",
      "knockout": true,
      "odds": {
        "homeReg": 0.39129,
        "homeET": 0.10689,
        "homePen": 0.12349,
        "awayReg": 0.24979,
        "awayET": 0.04802,
        "awayPen": 0.08052
      },
      "base": {
        "homeReg": 0.38522,
        "homeET": 0.10433,
        "homePen": 0.12147,
        "awayReg": 0.2552,
        "awayET": 0.05066,
        "awayPen": 0.08312
      },
      "delta": {
        "homeReg": 0.00607,
        "homeET": 0.00256,
        "homePen": 0.00202,
        "awayReg": -0.00541,
        "awayET": -0.00264,
        "awayPen": -0.0026
      }
    },
    {
      "stageCode": "LAST_32",
      "home": "Côte d'Ivoire",
      "away": "Norway",
      "knockout": true,
      "odds": {
        "homeReg": 0.22506,
        "homeET": 0.03002,
        "homePen": 0.05923,
        "awayReg": 0.42115,
        "awayET": 0.13062,
        "awayPen": 0.1339
      },
      "base": {
        "homeReg": 0.22117,
        "homeET": 0.02896,
        "homePen": 0.05735,
        "awayReg": 0.42616,
        "awayET": 0.13173,
        "awayPen": 0.13464
      },
      "delta": {
        "homeReg": 0.00389,
        "homeET": 0.00106,
        "homePen": 0.00188,
        "awayReg": -0.00501,
        "awayET": -0.00111,
        "awayPen": -0.00074
      }
    },
    {
      "stageCode": "LAST_32",
      "home": "England",
      "away": "DR Congo",
      "knockout": true,
      "odds": {
        "homeReg": 0.57134,
        "homeET": 0.14896,
        "homePen": 0.11801,
        "awayReg": 0.11893,
        "awayET": 0.01714,
        "awayPen": 0.02562
      },
      "base": {
        "homeReg": 0.56533,
        "homeET": 0.14874,
        "homePen": 0.11877,
        "awayReg": 0.12261,
        "awayET": 0.01744,
        "awayPen": 0.02712
      },
      "delta": {
        "homeReg": 0.00601,
        "homeET": 0.00022,
        "homePen": -0.00076,
        "awayReg": -0.00368,
        "awayET": -0.0003,
        "awayPen": -0.0015
      }
    },
    {
      "stageCode": "LAST_32",
      "home": "France",
      "away": "Sweden",
      "knockout": true,
      "odds": {
        "homeReg": 0.79026,
        "homeET": 0.12098,
        "homePen": 0.05203,
        "awayReg": 0.0287,
        "awayET": 0.00536,
        "awayPen": 0.00267
      },
      "base": {
        "homeReg": 0.77843,
        "homeET": 0.12454,
        "homePen": 0.05523,
        "awayReg": 0.03283,
        "awayET": 0.00587,
        "awayPen": 0.00311
      },
      "delta": {
        "homeReg": 0.01183,
        "homeET": -0.00356,
        "homePen": -0.0032,
        "awayReg": -0.00413,
        "awayET": -0.00051,
        "awayPen": -0.00044
      }
    },
    {
      "stageCode": "LAST_32",
      "home": "Germany",
      "away": "Paraguay",
      "knockout": true,
      "odds": {
        "homeReg": 0.58666,
        "homeET": 0.15044,
        "homePen": 0.11321,
        "awayReg": 0.11177,
        "awayET": 0.01635,
        "awayPen": 0.02158
      },
      "base": {
        "homeReg": 0.60313,
        "homeET": 0.15078,
        "homePen": 0.11043,
        "awayReg": 0.10247,
        "awayET": 0.0152,
        "awayPen": 0.01798
      },
      "delta": {
        "homeReg": -0.01647,
        "homeET": -0.00034,
        "homePen": 0.00278,
        "awayReg": 0.0093,
        "awayET": 0.00115,
        "awayPen": 0.0036
      }
    },
    {
      "stageCode": "LAST_32",
      "home": "Mexico",
      "away": "Ecuador",
      "knockout": true,
      "odds": {
        "homeReg": 0.45322,
        "homeET": 0.13792,
        "homePen": 0.13911,
        "awayReg": 0.18642,
        "awayET": 0.02618,
        "awayPen": 0.05715
      },
      "base": {
        "homeReg": 0.45566,
        "homeET": 0.13816,
        "homePen": 0.13918,
        "awayReg": 0.18502,
        "awayET": 0.02583,
        "awayPen": 0.05614
      },
      "delta": {
        "homeReg": -0.00244,
        "homeET": -0.00024,
        "homePen": -7e-05,
        "awayReg": 0.0014,
        "awayET": 0.00035,
        "awayPen": 0.00101
      }
    },
    {
      "stageCode": "LAST_32",
      "home": "Netherlands",
      "away": "Morocco",
      "knockout": true,
      "odds": {
        "homeReg": 0.42486,
        "homeET": 0.12742,
        "homePen": 0.12985,
        "awayReg": 0.22539,
        "awayET": 0.03268,
        "awayPen": 0.0598
      },
      "base": {
        "homeReg": 0.42964,
        "homeET": 0.12867,
        "homePen": 0.13047,
        "awayReg": 0.22225,
        "awayET": 0.03092,
        "awayPen": 0.05806
      },
      "delta": {
        "homeReg": -0.00478,
        "homeET": -0.00125,
        "homePen": -0.00062,
        "awayReg": 0.00314,
        "awayET": 0.00176,
        "awayPen": 0.00174
      }
    },
    {
      "stageCode": "LAST_32",
      "home": "Portugal",
      "away": "Croatia",
      "knockout": true,
      "odds": {
        "homeReg": 0.50594,
        "homeET": 0.14701,
        "homePen": 0.13139,
        "awayReg": 0.1573,
        "awayET": 0.02222,
        "awayPen": 0.03614
      },
      "base": {
        "homeReg": 0.51758,
        "homeET": 0.14818,
        "homePen": 0.13039,
        "awayReg": 0.14971,
        "awayET": 0.0212,
        "awayPen": 0.03296
      },
      "delta": {
        "homeReg": -0.01164,
        "homeET": -0.00117,
        "homePen": 0.001,
        "awayReg": 0.00759,
        "awayET": 0.00102,
        "awayPen": 0.00318
      }
    },
    {
      "stageCode": "LAST_32",
      "home": "Spain",
      "away": "Austria",
      "knockout": true,
      "odds": {
        "homeReg": 0.6234,
        "homeET": 0.15168,
        "homePen": 0.10409,
        "awayReg": 0.0914,
        "awayET": 0.0135,
        "awayPen": 0.01593
      },
      "base": {
        "homeReg": 0.63589,
        "homeET": 0.15166,
        "homePen": 0.10065,
        "awayReg": 0.08492,
        "awayET": 0.01306,
        "awayPen": 0.01383
      },
      "delta": {
        "homeReg": -0.01249,
        "homeET": 2e-05,
        "homePen": 0.00344,
        "awayReg": 0.00648,
        "awayET": 0.00044,
        "awayPen": 0.0021
      }
    },
    {
      "stageCode": "LAST_32",
      "home": "United States",
      "away": "Bosnia and Herzegovina",
      "knockout": true,
      "odds": {
        "homeReg": 0.48108,
        "homeET": 0.13637,
        "homePen": 0.12147,
        "awayReg": 0.18308,
        "awayET": 0.02414,
        "awayPen": 0.05387
      },
      "base": {
        "homeReg": 0.47982,
        "homeET": 0.1359,
        "homePen": 0.12155,
        "awayReg": 0.18401,
        "awayET": 0.0245,
        "awayPen": 0.05422
      },
      "delta": {
        "homeReg": 0.00126,
        "homeET": 0.00047,
        "homePen": -8e-05,
        "awayReg": -0.00093,
        "awayET": -0.00036,
        "awayPen": -0.00035
      }
    }
  ]
}