{
  "generated": "2026-07-03T21:44:41.535389Z",
  "sims": 1000000,
  "games": [
    {
      "stageCode": "LAST_16",
      "home": "Brazil",
      "away": "Norway",
      "knockout": true,
      "odds": {
        "homeReg": 0.46957,
        "homeET": 0.13609,
        "homePen": 0.09259,
        "awayReg": 0.18949,
        "awayET": 0.0256,
        "awayPen": 0.08665
      },
      "base": {
        "homeReg": 0.46192,
        "homeET": 0.13299,
        "homePen": 0.09452,
        "awayReg": 0.19462,
        "awayET": 0.02772,
        "awayPen": 0.08825
      },
      "delta": {
        "homeReg": 0.00765,
        "homeET": 0.0031,
        "homePen": -0.00193,
        "awayReg": -0.00513,
        "awayET": -0.00212,
        "awayPen": -0.0016
      }
    },
    {
      "stageCode": "LAST_16",
      "home": "Canada",
      "away": "Morocco",
      "knockout": true,
      "odds": {
        "homeReg": 0.16953,
        "homeET": 0.02305,
        "homePen": 0.07984,
        "awayReg": 0.49211,
        "awayET": 0.14275,
        "awayPen": 0.09273
      },
      "base": {
        "homeReg": 0.16473,
        "homeET": 0.02262,
        "homePen": 0.07879,
        "awayReg": 0.49899,
        "awayET": 0.14386,
        "awayPen": 0.09101
      },
      "delta": {
        "homeReg": 0.0048,
        "homeET": 0.00043,
        "homePen": 0.00105,
        "awayReg": -0.00688,
        "awayET": -0.00111,
        "awayPen": 0.00172
      }
    },
    {
      "stageCode": "LAST_16",
      "home": "Mexico",
      "away": "England",
      "knockout": true,
      "odds": {
        "homeReg": 0.28305,
        "homeET": 0.0662,
        "homePen": 0.11253,
        "awayReg": 0.34603,
        "awayET": 0.08937,
        "awayPen": 0.10282
      },
      "base": {
        "homeReg": 0.28317,
        "homeET": 0.06625,
        "homePen": 0.11242,
        "awayReg": 0.34586,
        "awayET": 0.08936,
        "awayPen": 0.10284
      },
      "delta": {
        "homeReg": -0.00012,
        "homeET": -5e-05,
        "homePen": 0.00011,
        "awayReg": 0.00017,
        "awayET": 1e-05,
        "awayPen": -2e-05
      }
    },
    {
      "stageCode": "LAST_16",
      "home": "Paraguay",
      "away": "France",
      "knockout": true,
      "odds": {
        "homeReg": 0.03474,
        "homeET": 0.00615,
        "homePen": 0.02919,
        "awayReg": 0.76418,
        "awayET": 0.12871,
        "awayPen": 0.03703
      },
      "base": {
        "homeReg": 0.03092,
        "homeET": 0.00573,
        "homePen": 0.02695,
        "awayReg": 0.77679,
        "awayET": 0.12521,
        "awayPen": 0.03439
      },
      "delta": {
        "homeReg": 0.00382,
        "homeET": 0.00042,
        "homePen": 0.00224,
        "awayReg": -0.01261,
        "awayET": 0.0035,
        "awayPen": 0.00264
      }
    },
    {
      "stageCode": "LAST_16",
      "home": "Portugal",
      "away": "Spain",
      "knockout": true,
      "odds": {
        "homeReg": 0.24943,
        "homeET": 0.04965,
        "homePen": 0.10497,
        "awayReg": 0.38055,
        "awayET": 0.10483,
        "awayPen": 0.11057
      },
      "base": {
        "homeReg": 0.25071,
        "homeET": 0.05044,
        "homePen": 0.10501,
        "awayReg": 0.37869,
        "awayET": 0.10416,
        "awayPen": 0.11099
      },
      "delta": {
        "homeReg": -0.00128,
        "homeET": -0.00079,
        "homePen": -4e-05,
        "awayReg": 0.00186,
        "awayET": 0.00067,
        "awayPen": -0.00042
      }
    },
    {
      "stageCode": "LAST_16",
      "home": "United States",
      "away": "Belgium",
      "knockout": true,
      "odds": {
        "homeReg": 0.36393,
        "homeET": 0.106,
        "homePen": 0.10476,
        "awayReg": 0.27295,
        "awayET": 0.05017,
        "awayPen": 0.10219
      },
      "base": {
        "homeReg": 0.37052,
        "homeET": 0.10957,
        "homePen": 0.10412,
        "awayReg": 0.26715,
        "awayET": 0.04712,
        "awayPen": 0.10151
      },
      "delta": {
        "homeReg": -0.00659,
        "homeET": -0.00357,
        "homePen": 0.00064,
        "awayReg": 0.0058,
        "awayET": 0.00305,
        "awayPen": 0.00068
      }
    },
    {
      "stageCode": "LAST_32",
      "home": "Argentina",
      "away": "Cabo Verde",
      "knockout": true,
      "odds": {
        "homeReg": 0.72237,
        "homeET": 0.13908,
        "homePen": 0.04827,
        "awayReg": 0.04679,
        "awayET": 0.00745,
        "awayPen": 0.03605
      },
      "base": {
        "homeReg": 0.72459,
        "homeET": 0.1388,
        "homePen": 0.04779,
        "awayReg": 0.04587,
        "awayET": 0.00734,
        "awayPen": 0.03561
      },
      "delta": {
        "homeReg": -0.00222,
        "homeET": 0.00028,
        "homePen": 0.00048,
        "awayReg": 0.00092,
        "awayET": 0.00011,
        "awayPen": 0.00044
      }
    },
    {
      "stageCode": "LAST_32",
      "home": "Colombia",
      "away": "Ghana",
      "knockout": true,
      "odds": {
        "homeReg": 0.54917,
        "homeET": 0.15031,
        "homePen": 0.08576,
        "awayReg": 0.12269,
        "awayET": 0.01865,
        "awayPen": 0.07343
      },
      "base": {
        "homeReg": 0.52401,
        "homeET": 0.14792,
        "homePen": 0.09119,
        "awayReg": 0.13804,
        "awayET": 0.0205,
        "awayPen": 0.07834
      },
      "delta": {
        "homeReg": 0.02516,
        "homeET": 0.00239,
        "homePen": -0.00543,
        "awayReg": -0.01535,
        "awayET": -0.00185,
        "awayPen": -0.00491
      }
    }
  ]
}