{
  "generated": "2026-07-01T18:29:41.651162Z",
  "sims": 1000000,
  "games": [
    {
      "stageCode": "LAST_16",
      "home": "Canada",
      "away": "Morocco",
      "knockout": true,
      "odds": {
        "homeReg": 0.15602,
        "homeET": 0.02179,
        "homePen": 0.03425,
        "awayReg": 0.50831,
        "awayET": 0.14764,
        "awayPen": 0.13198
      },
      "base": {
        "homeReg": 0.16265,
        "homeET": 0.02252,
        "homePen": 0.03756,
        "awayReg": 0.49767,
        "awayET": 0.14631,
        "awayPen": 0.13328
      },
      "delta": {
        "homeReg": -0.00663,
        "homeET": -0.00073,
        "homePen": -0.00331,
        "awayReg": 0.01064,
        "awayET": 0.00133,
        "awayPen": -0.0013
      }
    },
    {
      "stageCode": "LAST_16",
      "home": "Paraguay",
      "away": "France",
      "knockout": true,
      "odds": {
        "homeReg": 0.03987,
        "homeET": 0.00665,
        "homePen": 0.00425,
        "awayReg": 0.74741,
        "awayET": 0.13442,
        "awayPen": 0.06741
      },
      "base": {
        "homeReg": 0.04052,
        "homeET": 0.00673,
        "homePen": 0.00434,
        "awayReg": 0.74569,
        "awayET": 0.13465,
        "awayPen": 0.06805
      },
      "delta": {
        "homeReg": -0.00065,
        "homeET": -8e-05,
        "homePen": -9e-05,
        "awayReg": 0.00172,
        "awayET": -0.00023,
        "awayPen": -0.00064
      }
    },
    {
      "stageCode": "LAST_32",
      "home": "Argentina",
      "away": "Cabo Verde",
      "knockout": true,
      "odds": {
        "homeReg": 0.72606,
        "homeET": 0.13902,
        "homePen": 0.07626,
        "awayReg": 0.04514,
        "awayET": 0.00728,
        "awayPen": 0.00624
      },
      "base": {
        "homeReg": 0.70852,
        "homeET": 0.14186,
        "homePen": 0.08177,
        "awayReg": 0.05185,
        "awayET": 0.00821,
        "awayPen": 0.00781
      },
      "delta": {
        "homeReg": 0.01754,
        "homeET": -0.00284,
        "homePen": -0.00551,
        "awayReg": -0.00671,
        "awayET": -0.00093,
        "awayPen": -0.00157
      }
    },
    {
      "stageCode": "LAST_32",
      "home": "Australia",
      "away": "Egypt",
      "knockout": true,
      "odds": {
        "homeReg": 0.29956,
        "homeET": 0.07286,
        "homePen": 0.11009,
        "awayReg": 0.32264,
        "awayET": 0.08077,
        "awayPen": 0.11406
      },
      "base": {
        "homeReg": 0.29509,
        "homeET": 0.071,
        "homePen": 0.10816,
        "awayReg": 0.32717,
        "awayET": 0.08289,
        "awayPen": 0.1157
      },
      "delta": {
        "homeReg": 0.00447,
        "homeET": 0.00186,
        "homePen": 0.00193,
        "awayReg": -0.00453,
        "awayET": -0.00212,
        "awayPen": -0.00164
      }
    },
    {
      "stageCode": "LAST_32",
      "home": "Belgium",
      "away": "Senegal",
      "knockout": true,
      "odds": {
        "homeReg": 0.38505,
        "homeET": 0.10478,
        "homePen": 0.12152,
        "awayReg": 0.25569,
        "awayET": 0.05034,
        "awayPen": 0.08261
      },
      "base": {
        "homeReg": 0.37747,
        "homeET": 0.09946,
        "homePen": 0.11897,
        "awayReg": 0.26332,
        "awayET": 0.05436,
        "awayPen": 0.08642
      },
      "delta": {
        "homeReg": 0.00758,
        "homeET": 0.00532,
        "homePen": 0.00255,
        "awayReg": -0.00763,
        "awayET": -0.00402,
        "awayPen": -0.00381
      }
    },
    {
      "stageCode": "LAST_32",
      "home": "Colombia",
      "away": "Ghana",
      "knockout": true,
      "odds": {
        "homeReg": 0.49828,
        "homeET": 0.14382,
        "homePen": 0.14014,
        "awayReg": 0.15307,
        "awayET": 0.0224,
        "awayPen": 0.04229
      },
      "base": {
        "homeReg": 0.50142,
        "homeET": 0.14511,
        "homePen": 0.14006,
        "awayReg": 0.15078,
        "awayET": 0.02204,
        "awayPen": 0.04059
      },
      "delta": {
        "homeReg": -0.00314,
        "homeET": -0.00129,
        "homePen": 8e-05,
        "awayReg": 0.00229,
        "awayET": 0.00036,
        "awayPen": 0.0017
      }
    },
    {
      "stageCode": "LAST_32",
      "home": "Portugal",
      "away": "Croatia",
      "knockout": true,
      "odds": {
        "homeReg": 0.51216,
        "homeET": 0.14815,
        "homePen": 0.1304,
        "awayReg": 0.15341,
        "awayET": 0.0215,
        "awayPen": 0.03438
      },
      "base": {
        "homeReg": 0.51804,
        "homeET": 0.1485,
        "homePen": 0.1296,
        "awayReg": 0.14979,
        "awayET": 0.02142,
        "awayPen": 0.03265
      },
      "delta": {
        "homeReg": -0.00588,
        "homeET": -0.00035,
        "homePen": 0.0008,
        "awayReg": 0.00362,
        "awayET": 8e-05,
        "awayPen": 0.00173
      }
    },
    {
      "stageCode": "LAST_32",
      "home": "Spain",
      "away": "Austria",
      "knockout": true,
      "odds": {
        "homeReg": 0.62208,
        "homeET": 0.15083,
        "homePen": 0.10555,
        "awayReg": 0.09166,
        "awayET": 0.01345,
        "awayPen": 0.01641
      },
      "base": {
        "homeReg": 0.62672,
        "homeET": 0.15061,
        "homePen": 0.10443,
        "awayReg": 0.0895,
        "awayET": 0.01314,
        "awayPen": 0.0156
      },
      "delta": {
        "homeReg": -0.00464,
        "homeET": 0.00022,
        "homePen": 0.00112,
        "awayReg": 0.00216,
        "awayET": 0.00031,
        "awayPen": 0.00081
      }
    },
    {
      "stageCode": "LAST_32",
      "home": "Switzerland",
      "away": "Algeria",
      "knockout": true,
      "odds": {
        "homeReg": 0.41604,
        "homeET": 0.118,
        "homePen": 0.12684,
        "awayReg": 0.23015,
        "awayET": 0.03909,
        "awayPen": 0.06988
      },
      "base": {
        "homeReg": 0.41391,
        "homeET": 0.11667,
        "homePen": 0.12585,
        "awayReg": 0.23233,
        "awayET": 0.04009,
        "awayPen": 0.07114
      },
      "delta": {
        "homeReg": 0.00213,
        "homeET": 0.00133,
        "homePen": 0.00099,
        "awayReg": -0.00218,
        "awayET": -0.001,
        "awayPen": -0.00126
      }
    },
    {
      "stageCode": "LAST_32",
      "home": "United States",
      "away": "Bosnia and Herzegovina",
      "knockout": true,
      "odds": {
        "homeReg": 0.50189,
        "homeET": 0.14067,
        "homePen": 0.12079,
        "awayReg": 0.17031,
        "awayET": 0.02214,
        "awayPen": 0.0442
      },
      "base": {
        "homeReg": 0.50833,
        "homeET": 0.14117,
        "homePen": 0.12004,
        "awayReg": 0.16654,
        "awayET": 0.02169,
        "awayPen": 0.04224
      },
      "delta": {
        "homeReg": -0.00644,
        "homeET": -0.0005,
        "homePen": 0.00075,
        "awayReg": 0.00377,
        "awayET": 0.00045,
        "awayPen": 0.00196
      }
    }
  ]
}