{
  "generated": "2026-07-13T04:11:51.934902Z",
  "sims": 1000000,
  "games": [
    {
      "stageCode": "SEMI_FINALS",
      "home": "England",
      "away": "Argentina",
      "knockout": true,
      "odds": {
        "homeReg": 0.3102,
        "homeET": 0.08512,
        "homePen": 0.10013,
        "awayReg": 0.3299,
        "awayET": 0.06831,
        "awayPen": 0.10634
      },
      "base": {
        "homeReg": 0.31061,
        "homeET": 0.08511,
        "homePen": 0.10018,
        "awayReg": 0.32949,
        "awayET": 0.06827,
        "awayPen": 0.10633
      },
      "delta": {
        "homeReg": -0.00041,
        "homeET": 1e-05,
        "homePen": -5e-05,
        "awayReg": 0.00041,
        "awayET": 4e-05,
        "awayPen": 1e-05
      }
    },
    {
      "stageCode": "SEMI_FINALS",
      "home": "France",
      "away": "Spain",
      "knockout": true,
      "odds": {
        "homeReg": 0.37065,
        "homeET": 0.10618,
        "homePen": 0.11152,
        "awayReg": 0.26047,
        "awayET": 0.04933,
        "awayPen": 0.10185
      },
      "base": {
        "homeReg": 0.37517,
        "homeET": 0.10894,
        "homePen": 0.11086,
        "awayReg": 0.2567,
        "awayET": 0.04668,
        "awayPen": 0.10165
      },
      "delta": {
        "homeReg": -0.00452,
        "homeET": -0.00276,
        "homePen": 0.00066,
        "awayReg": 0.00377,
        "awayET": 0.00265,
        "awayPen": 0.0002
      }
    }
  ]
}