{
  "generated": "2026-07-10T20:02:00.589173Z",
  "sims": 1000000,
  "games": [
    {
      "stageCode": "QUARTER_FINALS",
      "home": "Argentina",
      "away": "Switzerland",
      "knockout": true,
      "odds": {
        "homeReg": 0.56865,
        "homeET": 0.14798,
        "homePen": 0.0706,
        "awayReg": 0.12392,
        "awayET": 0.01688,
        "awayPen": 0.07198
      },
      "base": {
        "homeReg": 0.57016,
        "homeET": 0.14816,
        "homePen": 0.06943,
        "awayReg": 0.12235,
        "awayET": 0.01719,
        "awayPen": 0.07271
      },
      "delta": {
        "homeReg": -0.00151,
        "homeET": -0.00018,
        "homePen": 0.00117,
        "awayReg": 0.00157,
        "awayET": -0.00031,
        "awayPen": -0.00073
      }
    },
    {
      "stageCode": "QUARTER_FINALS",
      "home": "Norway",
      "away": "England",
      "knockout": true,
      "odds": {
        "homeReg": 0.2206,
        "homeET": 0.04034,
        "homePen": 0.09455,
        "awayReg": 0.4331,
        "awayET": 0.11435,
        "awayPen": 0.09706
      },
      "base": {
        "homeReg": 0.21568,
        "homeET": 0.03739,
        "homePen": 0.09226,
        "awayReg": 0.44073,
        "awayET": 0.11758,
        "awayPen": 0.09635
      },
      "delta": {
        "homeReg": 0.00492,
        "homeET": 0.00295,
        "homePen": 0.00229,
        "awayReg": -0.00763,
        "awayET": -0.00323,
        "awayPen": 0.00071
      }
    }
  ]
}