{
  "generated": "2026-06-29T05:19:56.042383Z",
  "sims": 1000000,
  "games": [
    {
      "stageCode": "LAST_32",
      "home": "Belgium",
      "away": "Senegal",
      "knockout": true,
      "odds": {
        "homeReg": 0.38893,
        "homeET": 0.10801,
        "homePen": 0.12368,
        "awayReg": 0.25113,
        "awayET": 0.0484,
        "awayPen": 0.07985
      },
      "base": {
        "homeReg": 0.39099,
        "homeET": 0.10912,
        "homePen": 0.12434,
        "awayReg": 0.24929,
        "awayET": 0.04745,
        "awayPen": 0.0788
      },
      "delta": {
        "homeReg": -0.00206,
        "homeET": -0.00111,
        "homePen": -0.00066,
        "awayReg": 0.00184,
        "awayET": 0.00095,
        "awayPen": 0.00105
      }
    },
    {
      "stageCode": "LAST_32",
      "home": "Brazil",
      "away": "Japan",
      "knockout": true,
      "odds": {
        "homeReg": 0.46226,
        "homeET": 0.13658,
        "homePen": 0.13215,
        "awayReg": 0.19159,
        "awayET": 0.02558,
        "awayPen": 0.05185
      },
      "base": {
        "homeReg": 0.46531,
        "homeET": 0.13743,
        "homePen": 0.13151,
        "awayReg": 0.18959,
        "awayET": 0.02533,
        "awayPen": 0.05083
      },
      "delta": {
        "homeReg": -0.00305,
        "homeET": -0.00085,
        "homePen": 0.00064,
        "awayReg": 0.002,
        "awayET": 0.00025,
        "awayPen": 0.00102
      }
    },
    {
      "stageCode": "LAST_32",
      "home": "Côte d'Ivoire",
      "away": "Norway",
      "knockout": true,
      "odds": {
        "homeReg": 0.23003,
        "homeET": 0.03248,
        "homePen": 0.06274,
        "awayReg": 0.41409,
        "awayET": 0.12737,
        "awayPen": 0.13328
      },
      "base": {
        "homeReg": 0.23168,
        "homeET": 0.03324,
        "homePen": 0.06359,
        "awayReg": 0.41221,
        "awayET": 0.1264,
        "awayPen": 0.13289
      },
      "delta": {
        "homeReg": -0.00165,
        "homeET": -0.00076,
        "homePen": -0.00085,
        "awayReg": 0.00188,
        "awayET": 0.00097,
        "awayPen": 0.00039
      }
    },
    {
      "stageCode": "LAST_32",
      "home": "England",
      "away": "DR Congo",
      "knockout": true,
      "odds": {
        "homeReg": 0.57113,
        "homeET": 0.14893,
        "homePen": 0.11767,
        "awayReg": 0.11968,
        "awayET": 0.01707,
        "awayPen": 0.02552
      },
      "base": {
        "homeReg": 0.56137,
        "homeET": 0.14763,
        "homePen": 0.11967,
        "awayReg": 0.12584,
        "awayET": 0.01738,
        "awayPen": 0.02812
      },
      "delta": {
        "homeReg": 0.00976,
        "homeET": 0.0013,
        "homePen": -0.002,
        "awayReg": -0.00616,
        "awayET": -0.00031,
        "awayPen": -0.0026
      }
    },
    {
      "stageCode": "LAST_32",
      "home": "France",
      "away": "Sweden",
      "knockout": true,
      "odds": {
        "homeReg": 0.77774,
        "homeET": 0.12585,
        "homePen": 0.05557,
        "awayReg": 0.03236,
        "awayET": 0.00553,
        "awayPen": 0.00294
      },
      "base": {
        "homeReg": 0.77538,
        "homeET": 0.12606,
        "homePen": 0.05641,
        "awayReg": 0.03345,
        "awayET": 0.00567,
        "awayPen": 0.00303
      },
      "delta": {
        "homeReg": 0.00236,
        "homeET": -0.00021,
        "homePen": -0.00084,
        "awayReg": -0.00109,
        "awayET": -0.00014,
        "awayPen": -9e-05
      }
    },
    {
      "stageCode": "LAST_32",
      "home": "Germany",
      "away": "Paraguay",
      "knockout": true,
      "odds": {
        "homeReg": 0.58248,
        "homeET": 0.14974,
        "homePen": 0.11442,
        "awayReg": 0.11539,
        "awayET": 0.01621,
        "awayPen": 0.02176
      },
      "base": {
        "homeReg": 0.62379,
        "homeET": 0.15052,
        "homePen": 0.10452,
        "awayReg": 0.0927,
        "awayET": 0.01354,
        "awayPen": 0.01493
      },
      "delta": {
        "homeReg": -0.04131,
        "homeET": -0.00078,
        "homePen": 0.0099,
        "awayReg": 0.02269,
        "awayET": 0.00267,
        "awayPen": 0.00683
      }
    },
    {
      "stageCode": "LAST_32",
      "home": "Mexico",
      "away": "Ecuador",
      "knockout": true,
      "odds": {
        "homeReg": 0.45359,
        "homeET": 0.13686,
        "homePen": 0.13862,
        "awayReg": 0.18704,
        "awayET": 0.0257,
        "awayPen": 0.05819
      },
      "base": {
        "homeReg": 0.45976,
        "homeET": 0.13801,
        "homePen": 0.13908,
        "awayReg": 0.18196,
        "awayET": 0.02532,
        "awayPen": 0.05588
      },
      "delta": {
        "homeReg": -0.00617,
        "homeET": -0.00115,
        "homePen": -0.00046,
        "awayReg": 0.00508,
        "awayET": 0.00038,
        "awayPen": 0.00231
      }
    },
    {
      "stageCode": "LAST_32",
      "home": "Netherlands",
      "away": "Morocco",
      "knockout": true,
      "odds": {
        "homeReg": 0.42829,
        "homeET": 0.12832,
        "homePen": 0.12984,
        "awayReg": 0.22283,
        "awayET": 0.03104,
        "awayPen": 0.05968
      },
      "base": {
        "homeReg": 0.43861,
        "homeET": 0.13303,
        "homePen": 0.1311,
        "awayReg": 0.21392,
        "awayET": 0.02714,
        "awayPen": 0.0562
      },
      "delta": {
        "homeReg": -0.01032,
        "homeET": -0.00471,
        "homePen": -0.00126,
        "awayReg": 0.00891,
        "awayET": 0.0039,
        "awayPen": 0.00348
      }
    },
    {
      "stageCode": "LAST_32",
      "home": "Spain",
      "away": "Austria",
      "knockout": true,
      "odds": {
        "homeReg": 0.64432,
        "homeET": 0.15041,
        "homePen": 0.10056,
        "awayReg": 0.08008,
        "awayET": 0.012,
        "awayPen": 0.01264
      },
      "base": {
        "homeReg": 0.63447,
        "homeET": 0.15008,
        "homePen": 0.10345,
        "awayReg": 0.08544,
        "awayET": 0.01252,
        "awayPen": 0.01405
      },
      "delta": {
        "homeReg": 0.00985,
        "homeET": 0.00033,
        "homePen": -0.00289,
        "awayReg": -0.00536,
        "awayET": -0.00052,
        "awayPen": -0.00141
      }
    },
    {
      "stageCode": "LAST_32",
      "home": "United States",
      "away": "Bosnia and Herzegovina",
      "knockout": true,
      "odds": {
        "homeReg": 0.48292,
        "homeET": 0.13727,
        "homePen": 0.12056,
        "awayReg": 0.1834,
        "awayET": 0.02408,
        "awayPen": 0.05177
      },
      "base": {
        "homeReg": 0.4889,
        "homeET": 0.1382,
        "homePen": 0.12074,
        "awayReg": 0.17943,
        "awayET": 0.02338,
        "awayPen": 0.04936
      },
      "delta": {
        "homeReg": -0.00598,
        "homeET": -0.00093,
        "homePen": -0.00018,
        "awayReg": 0.00397,
        "awayET": 0.0007,
        "awayPen": 0.00241
      }
    }
  ]
}