{
  "generated": "2026-07-04T04:15:59.573655Z",
  "sims": 1000000,
  "games": [
    {
      "stageCode": "LAST_16",
      "home": "Argentina",
      "away": "Egypt",
      "knockout": true,
      "odds": {
        "homeReg": 0.66927,
        "homeET": 0.1466,
        "homePen": 0.05228,
        "awayReg": 0.07179,
        "awayET": 0.01059,
        "awayPen": 0.04947
      },
      "base": {
        "homeReg": 0.68268,
        "homeET": 0.14555,
        "homePen": 0.04934,
        "awayReg": 0.06587,
        "awayET": 0.00993,
        "awayPen": 0.04663
      },
      "delta": {
        "homeReg": -0.01341,
        "homeET": 0.00105,
        "homePen": 0.00294,
        "awayReg": 0.00592,
        "awayET": 0.00066,
        "awayPen": 0.00284
      }
    },
    {
      "stageCode": "LAST_16",
      "home": "Brazil",
      "away": "Norway",
      "knockout": true,
      "odds": {
        "homeReg": 0.46248,
        "homeET": 0.13144,
        "homePen": 0.09344,
        "awayReg": 0.19623,
        "awayET": 0.02805,
        "awayPen": 0.08837
      },
      "base": {
        "homeReg": 0.46169,
        "homeET": 0.13089,
        "homePen": 0.09376,
        "awayReg": 0.19678,
        "awayET": 0.0284,
        "awayPen": 0.08848
      },
      "delta": {
        "homeReg": 0.00079,
        "homeET": 0.00055,
        "homePen": -0.00032,
        "awayReg": -0.00055,
        "awayET": -0.00035,
        "awayPen": -0.00011
      }
    },
    {
      "stageCode": "LAST_16",
      "home": "Canada",
      "away": "Morocco",
      "knockout": true,
      "odds": {
        "homeReg": 0.16991,
        "homeET": 0.02364,
        "homePen": 0.0817,
        "awayReg": 0.48949,
        "awayET": 0.14165,
        "awayPen": 0.09362
      },
      "base": {
        "homeReg": 0.17106,
        "homeET": 0.02369,
        "homePen": 0.08185,
        "awayReg": 0.48786,
        "awayET": 0.14145,
        "awayPen": 0.09408
      },
      "delta": {
        "homeReg": -0.00115,
        "homeET": -5e-05,
        "homePen": -0.00015,
        "awayReg": 0.00163,
        "awayET": 0.0002,
        "awayPen": -0.00046
      }
    },
    {
      "stageCode": "LAST_16",
      "home": "Mexico",
      "away": "England",
      "knockout": true,
      "odds": {
        "homeReg": 0.28338,
        "homeET": 0.06605,
        "homePen": 0.11253,
        "awayReg": 0.34714,
        "awayET": 0.08718,
        "awayPen": 0.10371
      },
      "base": {
        "homeReg": 0.28176,
        "homeET": 0.06554,
        "homePen": 0.11235,
        "awayReg": 0.34893,
        "awayET": 0.08765,
        "awayPen": 0.10376
      },
      "delta": {
        "homeReg": 0.00162,
        "homeET": 0.00051,
        "homePen": 0.00018,
        "awayReg": -0.00179,
        "awayET": -0.00047,
        "awayPen": -5e-05
      }
    },
    {
      "stageCode": "LAST_16",
      "home": "Paraguay",
      "away": "France",
      "knockout": true,
      "odds": {
        "homeReg": 0.03097,
        "homeET": 0.0059,
        "homePen": 0.02765,
        "awayReg": 0.77512,
        "awayET": 0.12665,
        "awayPen": 0.0337
      },
      "base": {
        "homeReg": 0.03191,
        "homeET": 0.00595,
        "homePen": 0.02811,
        "awayReg": 0.7727,
        "awayET": 0.12721,
        "awayPen": 0.03413
      },
      "delta": {
        "homeReg": -0.00094,
        "homeET": -5e-05,
        "homePen": -0.00046,
        "awayReg": 0.00242,
        "awayET": -0.00056,
        "awayPen": -0.00043
      }
    },
    {
      "stageCode": "LAST_16",
      "home": "Portugal",
      "away": "Spain",
      "knockout": true,
      "odds": {
        "homeReg": 0.25107,
        "homeET": 0.04999,
        "homePen": 0.10489,
        "awayReg": 0.37773,
        "awayET": 0.10536,
        "awayPen": 0.11097
      },
      "base": {
        "homeReg": 0.25454,
        "homeET": 0.05167,
        "homePen": 0.10534,
        "awayReg": 0.37409,
        "awayET": 0.1029,
        "awayPen": 0.11148
      },
      "delta": {
        "homeReg": -0.00347,
        "homeET": -0.00168,
        "homePen": -0.00045,
        "awayReg": 0.00364,
        "awayET": 0.00246,
        "awayPen": -0.00051
      }
    },
    {
      "stageCode": "LAST_16",
      "home": "Switzerland",
      "away": "Colombia",
      "knockout": true,
      "odds": {
        "homeReg": 0.23629,
        "homeET": 0.03837,
        "homePen": 0.10471,
        "awayReg": 0.39601,
        "awayET": 0.11958,
        "awayPen": 0.10504
      },
      "base": {
        "homeReg": 0.24038,
        "homeET": 0.04059,
        "homePen": 0.10537,
        "awayReg": 0.39126,
        "awayET": 0.11643,
        "awayPen": 0.10596
      },
      "delta": {
        "homeReg": -0.00409,
        "homeET": -0.00222,
        "homePen": -0.00066,
        "awayReg": 0.00475,
        "awayET": 0.00315,
        "awayPen": -0.00092
      }
    },
    {
      "stageCode": "LAST_16",
      "home": "United States",
      "away": "Belgium",
      "knockout": true,
      "odds": {
        "homeReg": 0.36335,
        "homeET": 0.10557,
        "homePen": 0.10518,
        "awayReg": 0.27305,
        "awayET": 0.05079,
        "awayPen": 0.10206
      },
      "base": {
        "homeReg": 0.36641,
        "homeET": 0.10736,
        "homePen": 0.105,
        "awayReg": 0.27037,
        "awayET": 0.04928,
        "awayPen": 0.10159
      },
      "delta": {
        "homeReg": -0.00306,
        "homeET": -0.00179,
        "homePen": 0.00018,
        "awayReg": 0.00268,
        "awayET": 0.00151,
        "awayPen": 0.00047
      }
    }
  ]
}