{
  "generated": "2026-06-30T23:09:36.929316Z",
  "sims": 1000000,
  "games": [
    {
      "stageCode": "LAST_32",
      "home": "Argentina",
      "away": "Cabo Verde",
      "knockout": true,
      "odds": {
        "homeReg": 0.71878,
        "homeET": 0.14084,
        "homePen": 0.07752,
        "awayReg": 0.0482,
        "awayET": 0.00795,
        "awayPen": 0.00671
      },
      "base": {
        "homeReg": 0.72123,
        "homeET": 0.1404,
        "homePen": 0.07695,
        "awayReg": 0.04733,
        "awayET": 0.00763,
        "awayPen": 0.00645
      },
      "delta": {
        "homeReg": -0.00245,
        "homeET": 0.00044,
        "homePen": 0.00057,
        "awayReg": 0.00087,
        "awayET": 0.00032,
        "awayPen": 0.00026
      }
    },
    {
      "stageCode": "LAST_32",
      "home": "Australia",
      "away": "Egypt",
      "knockout": true,
      "odds": {
        "homeReg": 0.30566,
        "homeET": 0.07556,
        "homePen": 0.11324,
        "awayReg": 0.31684,
        "awayET": 0.07736,
        "awayPen": 0.11134
      },
      "base": {
        "homeReg": 0.30142,
        "homeET": 0.07382,
        "homePen": 0.11105,
        "awayReg": 0.32049,
        "awayET": 0.0796,
        "awayPen": 0.11361
      },
      "delta": {
        "homeReg": 0.00424,
        "homeET": 0.00174,
        "homePen": 0.00219,
        "awayReg": -0.00365,
        "awayET": -0.00224,
        "awayPen": -0.00227
      }
    },
    {
      "stageCode": "LAST_32",
      "home": "Belgium",
      "away": "Senegal",
      "knockout": true,
      "odds": {
        "homeReg": 0.38926,
        "homeET": 0.10817,
        "homePen": 0.1217,
        "awayReg": 0.25276,
        "awayET": 0.04797,
        "awayPen": 0.08014
      },
      "base": {
        "homeReg": 0.38054,
        "homeET": 0.10355,
        "homePen": 0.11947,
        "awayReg": 0.26057,
        "awayET": 0.0518,
        "awayPen": 0.08407
      },
      "delta": {
        "homeReg": 0.00872,
        "homeET": 0.00462,
        "homePen": 0.00223,
        "awayReg": -0.00781,
        "awayET": -0.00383,
        "awayPen": -0.00393
      }
    },
    {
      "stageCode": "LAST_32",
      "home": "Colombia",
      "away": "Ghana",
      "knockout": true,
      "odds": {
        "homeReg": 0.50684,
        "homeET": 0.1473,
        "homePen": 0.13869,
        "awayReg": 0.14674,
        "awayET": 0.02147,
        "awayPen": 0.03897
      },
      "base": {
        "homeReg": 0.50511,
        "homeET": 0.14721,
        "homePen": 0.13906,
        "awayReg": 0.14745,
        "awayET": 0.02149,
        "awayPen": 0.03968
      },
      "delta": {
        "homeReg": 0.00173,
        "homeET": 9e-05,
        "homePen": -0.00037,
        "awayReg": -0.00071,
        "awayET": -2e-05,
        "awayPen": -0.00071
      }
    },
    {
      "stageCode": "LAST_32",
      "home": "England",
      "away": "DR Congo",
      "knockout": true,
      "odds": {
        "homeReg": 0.55822,
        "homeET": 0.14729,
        "homePen": 0.11935,
        "awayReg": 0.12745,
        "awayET": 0.01817,
        "awayPen": 0.02953
      },
      "base": {
        "homeReg": 0.56144,
        "homeET": 0.14786,
        "homePen": 0.11893,
        "awayReg": 0.12552,
        "awayET": 0.01766,
        "awayPen": 0.02859
      },
      "delta": {
        "homeReg": -0.00322,
        "homeET": -0.00057,
        "homePen": 0.00042,
        "awayReg": 0.00193,
        "awayET": 0.00051,
        "awayPen": 0.00094
      }
    },
    {
      "stageCode": "LAST_32",
      "home": "Mexico",
      "away": "Ecuador",
      "knockout": true,
      "odds": {
        "homeReg": 0.44879,
        "homeET": 0.13317,
        "homePen": 0.13841,
        "awayReg": 0.19098,
        "awayET": 0.0272,
        "awayPen": 0.06146
      },
      "base": {
        "homeReg": 0.46375,
        "homeET": 0.13693,
        "homePen": 0.13894,
        "awayReg": 0.18025,
        "awayET": 0.02509,
        "awayPen": 0.05504
      },
      "delta": {
        "homeReg": -0.01496,
        "homeET": -0.00376,
        "homePen": -0.00053,
        "awayReg": 0.01073,
        "awayET": 0.00211,
        "awayPen": 0.00642
      }
    },
    {
      "stageCode": "LAST_32",
      "home": "Portugal",
      "away": "Croatia",
      "knockout": true,
      "odds": {
        "homeReg": 0.50506,
        "homeET": 0.14622,
        "homePen": 0.13156,
        "awayReg": 0.15793,
        "awayET": 0.02279,
        "awayPen": 0.03644
      },
      "base": {
        "homeReg": 0.50633,
        "homeET": 0.1463,
        "homePen": 0.13151,
        "awayReg": 0.15707,
        "awayET": 0.02263,
        "awayPen": 0.03618
      },
      "delta": {
        "homeReg": -0.00127,
        "homeET": -8e-05,
        "homePen": 5e-05,
        "awayReg": 0.00086,
        "awayET": 0.00016,
        "awayPen": 0.00026
      }
    },
    {
      "stageCode": "LAST_32",
      "home": "Spain",
      "away": "Austria",
      "knockout": true,
      "odds": {
        "homeReg": 0.64499,
        "homeET": 0.15051,
        "homePen": 0.09911,
        "awayReg": 0.08052,
        "awayET": 0.01235,
        "awayPen": 0.01252
      },
      "base": {
        "homeReg": 0.6287,
        "homeET": 0.15137,
        "homePen": 0.10317,
        "awayReg": 0.08834,
        "awayET": 0.0134,
        "awayPen": 0.01503
      },
      "delta": {
        "homeReg": 0.01629,
        "homeET": -0.00086,
        "homePen": -0.00406,
        "awayReg": -0.00782,
        "awayET": -0.00105,
        "awayPen": -0.00251
      }
    },
    {
      "stageCode": "LAST_32",
      "home": "Switzerland",
      "away": "Algeria",
      "knockout": true,
      "odds": {
        "homeReg": 0.41941,
        "homeET": 0.11793,
        "homePen": 0.12518,
        "awayReg": 0.22874,
        "awayET": 0.0387,
        "awayPen": 0.07004
      },
      "base": {
        "homeReg": 0.4166,
        "homeET": 0.11715,
        "homePen": 0.12448,
        "awayReg": 0.23099,
        "awayET": 0.0396,
        "awayPen": 0.07118
      },
      "delta": {
        "homeReg": 0.00281,
        "homeET": 0.00078,
        "homePen": 0.0007,
        "awayReg": -0.00225,
        "awayET": -0.0009,
        "awayPen": -0.00114
      }
    },
    {
      "stageCode": "LAST_32",
      "home": "United States",
      "away": "Bosnia and Herzegovina",
      "knockout": true,
      "odds": {
        "homeReg": 0.50252,
        "homeET": 0.1412,
        "homePen": 0.11935,
        "awayReg": 0.17012,
        "awayET": 0.0227,
        "awayPen": 0.04412
      },
      "base": {
        "homeReg": 0.49467,
        "homeET": 0.13931,
        "homePen": 0.11976,
        "awayReg": 0.17606,
        "awayET": 0.02314,
        "awayPen": 0.04704
      },
      "delta": {
        "homeReg": 0.00785,
        "homeET": 0.00189,
        "homePen": -0.00041,
        "awayReg": -0.00594,
        "awayET": -0.00044,
        "awayPen": -0.00292
      }
    }
  ]
}