{
  "generated": "2026-07-05T11:58:13.698789Z",
  "sims": 1000000,
  "games": [
    {
      "stageCode": "LAST_16",
      "home": "Argentina",
      "away": "Egypt",
      "knockout": true,
      "odds": {
        "homeReg": 0.69125,
        "homeET": 0.14397,
        "homePen": 0.04812,
        "awayReg": 0.06196,
        "awayET": 0.00979,
        "awayPen": 0.04491
      },
      "base": {
        "homeReg": 0.69188,
        "homeET": 0.14381,
        "homePen": 0.04811,
        "awayReg": 0.06175,
        "awayET": 0.01014,
        "awayPen": 0.04467
      },
      "delta": {
        "homeReg": -0.00063,
        "homeET": 0.00016,
        "homePen": 1e-05,
        "awayReg": 0.00021,
        "awayET": -0.00035,
        "awayPen": 0.00024
      }
    },
    {
      "stageCode": "LAST_16",
      "home": "Brazil",
      "away": "Norway",
      "knockout": true,
      "odds": {
        "homeReg": 0.47972,
        "homeET": 0.1374,
        "homePen": 0.09098,
        "awayReg": 0.18302,
        "awayET": 0.02417,
        "awayPen": 0.08471
      },
      "base": {
        "homeReg": 0.47334,
        "homeET": 0.13644,
        "homePen": 0.09233,
        "awayReg": 0.1874,
        "awayET": 0.02459,
        "awayPen": 0.08591
      },
      "delta": {
        "homeReg": 0.00638,
        "homeET": 0.00096,
        "homePen": -0.00135,
        "awayReg": -0.00438,
        "awayET": -0.00042,
        "awayPen": -0.0012
      }
    },
    {
      "stageCode": "LAST_16",
      "home": "Mexico",
      "away": "England",
      "knockout": true,
      "odds": {
        "homeReg": 0.28153,
        "homeET": 0.0652,
        "homePen": 0.11313,
        "awayReg": 0.35026,
        "awayET": 0.08845,
        "awayPen": 0.10143
      },
      "base": {
        "homeReg": 0.28224,
        "homeET": 0.06573,
        "homePen": 0.1131,
        "awayReg": 0.34962,
        "awayET": 0.08795,
        "awayPen": 0.10138
      },
      "delta": {
        "homeReg": -0.00071,
        "homeET": -0.00053,
        "homePen": 3e-05,
        "awayReg": 0.00064,
        "awayET": 0.0005,
        "awayPen": 5e-05
      }
    },
    {
      "stageCode": "LAST_16",
      "home": "Portugal",
      "away": "Spain",
      "knockout": true,
      "odds": {
        "homeReg": 0.25232,
        "homeET": 0.05162,
        "homePen": 0.10436,
        "awayReg": 0.37861,
        "awayET": 0.10293,
        "awayPen": 0.11016
      },
      "base": {
        "homeReg": 0.25075,
        "homeET": 0.05082,
        "homePen": 0.10422,
        "awayReg": 0.38051,
        "awayET": 0.10388,
        "awayPen": 0.10981
      },
      "delta": {
        "homeReg": 0.00157,
        "homeET": 0.0008,
        "homePen": 0.00014,
        "awayReg": -0.0019,
        "awayET": -0.00095,
        "awayPen": 0.00035
      }
    },
    {
      "stageCode": "LAST_16",
      "home": "Switzerland",
      "away": "Colombia",
      "knockout": true,
      "odds": {
        "homeReg": 0.23935,
        "homeET": 0.03895,
        "homePen": 0.10558,
        "awayReg": 0.39226,
        "awayET": 0.11996,
        "awayPen": 0.1039
      },
      "base": {
        "homeReg": 0.22896,
        "homeET": 0.03442,
        "homePen": 0.10394,
        "awayReg": 0.40408,
        "awayET": 0.12587,
        "awayPen": 0.10275
      },
      "delta": {
        "homeReg": 0.01039,
        "homeET": 0.00453,
        "homePen": 0.00164,
        "awayReg": -0.01182,
        "awayET": -0.00591,
        "awayPen": 0.00115
      }
    },
    {
      "stageCode": "LAST_16",
      "home": "United States",
      "away": "Belgium",
      "knockout": true,
      "odds": {
        "homeReg": 0.36506,
        "homeET": 0.10516,
        "homePen": 0.10457,
        "awayReg": 0.27343,
        "awayET": 0.05031,
        "awayPen": 0.10147
      },
      "base": {
        "homeReg": 0.3689,
        "homeET": 0.10798,
        "homePen": 0.10429,
        "awayReg": 0.26936,
        "awayET": 0.04855,
        "awayPen": 0.10092
      },
      "delta": {
        "homeReg": -0.00384,
        "homeET": -0.00282,
        "homePen": 0.00028,
        "awayReg": 0.00407,
        "awayET": 0.00176,
        "awayPen": 0.00055
      }
    },
    {
      "stageCode": "QUARTER_FINALS",
      "home": "France",
      "away": "Morocco",
      "knockout": true,
      "odds": {
        "homeReg": 0.57818,
        "homeET": 0.15206,
        "homePen": 0.06851,
        "awayReg": 0.11538,
        "awayET": 0.01722,
        "awayPen": 0.06865
      },
      "base": {
        "homeReg": 0.57762,
        "homeET": 0.15197,
        "homePen": 0.0686,
        "awayReg": 0.1157,
        "awayET": 0.01728,
        "awayPen": 0.06882
      },
      "delta": {
        "homeReg": 0.00056,
        "homeET": 9e-05,
        "homePen": -9e-05,
        "awayReg": -0.00032,
        "awayET": -6e-05,
        "awayPen": -0.00017
      }
    }
  ]
}