{
  "generated": "2026-06-27T23:14:00.272464Z",
  "sims": 1000000,
  "games": [
    {
      "group": "J",
      "home": "Algeria",
      "away": "Austria",
      "odds": {
        "home": 0.29579,
        "draw": 0.26007,
        "away": 0.44414
      },
      "base": {
        "home": 0.30087,
        "draw": 0.26051,
        "away": 0.43862
      },
      "delta": {
        "home": -0.00508,
        "draw": -0.00044,
        "away": 0.00552
      }
    },
    {
      "group": "J",
      "home": "Jordan",
      "away": "Argentina",
      "odds": {
        "home": 0.00743,
        "draw": 0.03305,
        "away": 0.95952
      },
      "base": {
        "home": 0.00799,
        "draw": 0.03424,
        "away": 0.95777
      },
      "delta": {
        "home": -0.00056,
        "draw": -0.00119,
        "away": 0.00175
      }
    },
    {
      "group": "K",
      "home": "Colombia",
      "away": "Portugal",
      "odds": {
        "home": 0.16989,
        "draw": 0.2191,
        "away": 0.61102
      },
      "base": {
        "home": 0.16761,
        "draw": 0.21898,
        "away": 0.61341
      },
      "delta": {
        "home": 0.00228,
        "draw": 0.00012,
        "away": -0.00239
      }
    },
    {
      "group": "K",
      "home": "DR Congo",
      "away": "Uzbekistan",
      "odds": {
        "home": 0.52007,
        "draw": 0.24756,
        "away": 0.23237
      },
      "base": {
        "home": 0.27935,
        "draw": 0.26196,
        "away": 0.45869
      },
      "delta": {
        "home": 0.24072,
        "draw": -0.0144,
        "away": -0.22632
      }
    }
  ]
}