{
  "generated": "2026-06-28T23:46:54.387859Z",
  "sims": 1000000,
  "games": [
    {
      "stageCode": "LAST_32",
      "home": "Belgium",
      "away": "Senegal",
      "knockout": true,
      "odds": {
        "homeReg": 0.38966,
        "homeET": 0.10837,
        "homePen": 0.12412,
        "awayReg": 0.25037,
        "awayET": 0.04804,
        "awayPen": 0.07945
      },
      "base": {
        "homeReg": 0.38913,
        "homeET": 0.1081,
        "homePen": 0.1238,
        "awayReg": 0.2512,
        "awayET": 0.0482,
        "awayPen": 0.07956
      },
      "delta": {
        "homeReg": 0.00053,
        "homeET": 0.00027,
        "homePen": 0.00032,
        "awayReg": -0.00083,
        "awayET": -0.00016,
        "awayPen": -0.00011
      }
    },
    {
      "stageCode": "LAST_32",
      "home": "Brazil",
      "away": "Japan",
      "knockout": true,
      "odds": {
        "homeReg": 0.46099,
        "homeET": 0.13624,
        "homePen": 0.13204,
        "awayReg": 0.19266,
        "awayET": 0.02557,
        "awayPen": 0.05251
      },
      "base": {
        "homeReg": 0.45954,
        "homeET": 0.13584,
        "homePen": 0.13228,
        "awayReg": 0.1934,
        "awayET": 0.02581,
        "awayPen": 0.05314
      },
      "delta": {
        "homeReg": 0.00145,
        "homeET": 0.0004,
        "homePen": -0.00024,
        "awayReg": -0.00074,
        "awayET": -0.00024,
        "awayPen": -0.00063
      }
    },
    {
      "stageCode": "LAST_32",
      "home": "Côte d'Ivoire",
      "away": "Norway",
      "knockout": true,
      "odds": {
        "homeReg": 0.21166,
        "homeET": 0.02777,
        "homePen": 0.05321,
        "awayReg": 0.43732,
        "awayET": 0.13575,
        "awayPen": 0.13429
      },
      "base": {
        "homeReg": 0.22084,
        "homeET": 0.0288,
        "homePen": 0.05842,
        "awayReg": 0.42512,
        "awayET": 0.13257,
        "awayPen": 0.13426
      },
      "delta": {
        "homeReg": -0.00918,
        "homeET": -0.00103,
        "homePen": -0.00521,
        "awayReg": 0.0122,
        "awayET": 0.00318,
        "awayPen": 3e-05
      }
    },
    {
      "stageCode": "LAST_32",
      "home": "England",
      "away": "DR Congo",
      "knockout": true,
      "odds": {
        "homeReg": 0.55798,
        "homeET": 0.14741,
        "homePen": 0.12022,
        "awayReg": 0.12772,
        "awayET": 0.01776,
        "awayPen": 0.02889
      },
      "base": {
        "homeReg": 0.56425,
        "homeET": 0.14822,
        "homePen": 0.11929,
        "awayReg": 0.12368,
        "awayET": 0.01731,
        "awayPen": 0.02724
      },
      "delta": {
        "homeReg": -0.00627,
        "homeET": -0.00081,
        "homePen": 0.00093,
        "awayReg": 0.00404,
        "awayET": 0.00045,
        "awayPen": 0.00165
      }
    },
    {
      "stageCode": "LAST_32",
      "home": "France",
      "away": "Sweden",
      "knockout": true,
      "odds": {
        "homeReg": 0.78397,
        "homeET": 0.12383,
        "homePen": 0.05359,
        "awayReg": 0.0305,
        "awayET": 0.00543,
        "awayPen": 0.00268
      },
      "base": {
        "homeReg": 0.73328,
        "homeET": 0.13553,
        "homePen": 0.06954,
        "awayReg": 0.04866,
        "awayET": 0.00746,
        "awayPen": 0.00553
      },
      "delta": {
        "homeReg": 0.05069,
        "homeET": -0.0117,
        "homePen": -0.01595,
        "awayReg": -0.01816,
        "awayET": -0.00203,
        "awayPen": -0.00285
      }
    },
    {
      "stageCode": "LAST_32",
      "home": "Germany",
      "away": "Paraguay",
      "knockout": true,
      "odds": {
        "homeReg": 0.58525,
        "homeET": 0.15025,
        "homePen": 0.11335,
        "awayReg": 0.11386,
        "awayET": 0.01606,
        "awayPen": 0.02122
      },
      "base": {
        "homeReg": 0.60243,
        "homeET": 0.14986,
        "homePen": 0.10927,
        "awayReg": 0.10471,
        "awayET": 0.01523,
        "awayPen": 0.01851
      },
      "delta": {
        "homeReg": -0.01718,
        "homeET": 0.00039,
        "homePen": 0.00408,
        "awayReg": 0.00915,
        "awayET": 0.00083,
        "awayPen": 0.00271
      }
    },
    {
      "stageCode": "LAST_32",
      "home": "Mexico",
      "away": "Ecuador",
      "knockout": true,
      "odds": {
        "homeReg": 0.45888,
        "homeET": 0.13804,
        "homePen": 0.13901,
        "awayReg": 0.18266,
        "awayET": 0.02534,
        "awayPen": 0.05607
      },
      "base": {
        "homeReg": 0.46446,
        "homeET": 0.1388,
        "homePen": 0.13864,
        "awayReg": 0.17899,
        "awayET": 0.025,
        "awayPen": 0.05412
      },
      "delta": {
        "homeReg": -0.00558,
        "homeET": -0.00076,
        "homePen": 0.00037,
        "awayReg": 0.00367,
        "awayET": 0.00034,
        "awayPen": 0.00195
      }
    },
    {
      "stageCode": "LAST_32",
      "home": "Netherlands",
      "away": "Morocco",
      "knockout": true,
      "odds": {
        "homeReg": 0.43741,
        "homeET": 0.13245,
        "homePen": 0.13051,
        "awayReg": 0.21522,
        "awayET": 0.02762,
        "awayPen": 0.05679
      },
      "base": {
        "homeReg": 0.43458,
        "homeET": 0.13098,
        "homePen": 0.13042,
        "awayReg": 0.21763,
        "awayET": 0.02882,
        "awayPen": 0.05758
      },
      "delta": {
        "homeReg": 0.00283,
        "homeET": 0.00147,
        "homePen": 9e-05,
        "awayReg": -0.00241,
        "awayET": -0.0012,
        "awayPen": -0.00079
      }
    },
    {
      "stageCode": "LAST_32",
      "home": "Spain",
      "away": "Austria",
      "knockout": true,
      "odds": {
        "homeReg": 0.63001,
        "homeET": 0.14985,
        "homePen": 0.10476,
        "awayReg": 0.08768,
        "awayET": 0.01286,
        "awayPen": 0.01485
      },
      "base": {
        "homeReg": 0.63672,
        "homeET": 0.1504,
        "homePen": 0.10287,
        "awayReg": 0.08389,
        "awayET": 0.01249,
        "awayPen": 0.01363
      },
      "delta": {
        "homeReg": -0.00671,
        "homeET": -0.00055,
        "homePen": 0.00189,
        "awayReg": 0.00379,
        "awayET": 0.00037,
        "awayPen": 0.00122
      }
    },
    {
      "stageCode": "LAST_32",
      "home": "United States",
      "away": "Bosnia and Herzegovina",
      "knockout": true,
      "odds": {
        "homeReg": 0.48738,
        "homeET": 0.13755,
        "homePen": 0.12066,
        "awayReg": 0.1808,
        "awayET": 0.02368,
        "awayPen": 0.04992
      },
      "base": {
        "homeReg": 0.48598,
        "homeET": 0.1378,
        "homePen": 0.12065,
        "awayReg": 0.18145,
        "awayET": 0.02353,
        "awayPen": 0.0506
      },
      "delta": {
        "homeReg": 0.0014,
        "homeET": -0.00025,
        "homePen": 1e-05,
        "awayReg": -0.00065,
        "awayET": 0.00015,
        "awayPen": -0.00068
      }
    }
  ]
}