{
  "generated": "2026-07-14T21:13:59.240141Z",
  "sims": 1000000,
  "games": [
    {
      "stageCode": "SEMI_FINALS",
      "home": "England",
      "away": "Argentina",
      "knockout": true,
      "odds": {
        "homeReg": 0.30822,
        "homeET": 0.08157,
        "homePen": 0.10095,
        "awayReg": 0.33224,
        "awayET": 0.06949,
        "awayPen": 0.10754
      },
      "base": {
        "homeReg": 0.30746,
        "homeET": 0.08135,
        "homePen": 0.10107,
        "awayReg": 0.33265,
        "awayET": 0.06979,
        "awayPen": 0.10768
      },
      "delta": {
        "homeReg": 0.00076,
        "homeET": 0.00022,
        "homePen": -0.00012,
        "awayReg": -0.00041,
        "awayET": -0.0003,
        "awayPen": -0.00014
      }
    }
  ]
}