{
  "generated": "2026-06-28T19:21:31.457435Z",
  "sims": 1000000,
  "games": [
    {
      "stageCode": "LAST_32",
      "home": "Belgium",
      "away": "Senegal",
      "knockout": true,
      "odds": {
        "homeReg": 0.38506,
        "homeET": 0.10703,
        "homePen": 0.12416,
        "awayReg": 0.25429,
        "awayET": 0.04942,
        "awayPen": 0.08002
      },
      "base": {
        "homeReg": 0.39394,
        "homeET": 0.1117,
        "homePen": 0.12517,
        "awayReg": 0.24701,
        "awayET": 0.04547,
        "awayPen": 0.07672
      },
      "delta": {
        "homeReg": -0.00888,
        "homeET": -0.00467,
        "homePen": -0.00101,
        "awayReg": 0.00728,
        "awayET": 0.00395,
        "awayPen": 0.0033
      }
    },
    {
      "stageCode": "LAST_32",
      "home": "Brazil",
      "away": "Japan",
      "knockout": true,
      "odds": {
        "homeReg": 0.45249,
        "homeET": 0.13487,
        "homePen": 0.13183,
        "awayReg": 0.19883,
        "awayET": 0.02652,
        "awayPen": 0.05547
      },
      "base": {
        "homeReg": 0.45553,
        "homeET": 0.13521,
        "homePen": 0.13212,
        "awayReg": 0.19671,
        "awayET": 0.02627,
        "awayPen": 0.05418
      },
      "delta": {
        "homeReg": -0.00304,
        "homeET": -0.00034,
        "homePen": -0.00029,
        "awayReg": 0.00212,
        "awayET": 0.00025,
        "awayPen": 0.00129
      }
    },
    {
      "stageCode": "LAST_32",
      "home": "Côte d'Ivoire",
      "away": "Norway",
      "knockout": true,
      "odds": {
        "homeReg": 0.2191,
        "homeET": 0.02856,
        "homePen": 0.05747,
        "awayReg": 0.42633,
        "awayET": 0.13148,
        "awayPen": 0.13707
      },
      "base": {
        "homeReg": 0.21476,
        "homeET": 0.02803,
        "homePen": 0.0553,
        "awayReg": 0.43175,
        "awayET": 0.13303,
        "awayPen": 0.13712
      },
      "delta": {
        "homeReg": 0.00434,
        "homeET": 0.00053,
        "homePen": 0.00217,
        "awayReg": -0.00542,
        "awayET": -0.00155,
        "awayPen": -5e-05
      }
    },
    {
      "stageCode": "LAST_32",
      "home": "England",
      "away": "DR Congo",
      "knockout": true,
      "odds": {
        "homeReg": 0.565,
        "homeET": 0.15022,
        "homePen": 0.11992,
        "awayReg": 0.12107,
        "awayET": 0.0176,
        "awayPen": 0.02618
      },
      "base": {
        "homeReg": 0.56771,
        "homeET": 0.15066,
        "homePen": 0.11956,
        "awayReg": 0.11938,
        "awayET": 0.01737,
        "awayPen": 0.02533
      },
      "delta": {
        "homeReg": -0.00271,
        "homeET": -0.00044,
        "homePen": 0.00036,
        "awayReg": 0.00169,
        "awayET": 0.00023,
        "awayPen": 0.00085
      }
    },
    {
      "stageCode": "LAST_32",
      "home": "France",
      "away": "Sweden",
      "knockout": true,
      "odds": {
        "homeReg": 0.74288,
        "homeET": 0.13243,
        "homePen": 0.06663,
        "awayReg": 0.04597,
        "awayET": 0.00718,
        "awayPen": 0.0049
      },
      "base": {
        "homeReg": 0.7442,
        "homeET": 0.13234,
        "homePen": 0.06627,
        "awayReg": 0.04531,
        "awayET": 0.00707,
        "awayPen": 0.00482
      },
      "delta": {
        "homeReg": -0.00132,
        "homeET": 9e-05,
        "homePen": 0.00036,
        "awayReg": 0.00066,
        "awayET": 0.00011,
        "awayPen": 8e-05
      }
    },
    {
      "stageCode": "LAST_32",
      "home": "Germany",
      "away": "Paraguay",
      "knockout": true,
      "odds": {
        "homeReg": 0.58678,
        "homeET": 0.15126,
        "homePen": 0.11289,
        "awayReg": 0.11144,
        "awayET": 0.0164,
        "awayPen": 0.02124
      },
      "base": {
        "homeReg": 0.59578,
        "homeET": 0.15125,
        "homePen": 0.11156,
        "awayReg": 0.10636,
        "awayET": 0.0157,
        "awayPen": 0.01936
      },
      "delta": {
        "homeReg": -0.009,
        "homeET": 1e-05,
        "homePen": 0.00133,
        "awayReg": 0.00508,
        "awayET": 0.0007,
        "awayPen": 0.00188
      }
    },
    {
      "stageCode": "LAST_32",
      "home": "Mexico",
      "away": "Ecuador",
      "knockout": true,
      "odds": {
        "homeReg": 0.4586,
        "homeET": 0.13642,
        "homePen": 0.13738,
        "awayReg": 0.18477,
        "awayET": 0.02591,
        "awayPen": 0.05692
      },
      "base": {
        "homeReg": 0.46385,
        "homeET": 0.13787,
        "homePen": 0.13769,
        "awayReg": 0.1808,
        "awayET": 0.02527,
        "awayPen": 0.05451
      },
      "delta": {
        "homeReg": -0.00525,
        "homeET": -0.00145,
        "homePen": -0.00031,
        "awayReg": 0.00397,
        "awayET": 0.00064,
        "awayPen": 0.00241
      }
    },
    {
      "stageCode": "LAST_32",
      "home": "Netherlands",
      "away": "Morocco",
      "knockout": true,
      "odds": {
        "homeReg": 0.43151,
        "homeET": 0.12957,
        "homePen": 0.12986,
        "awayReg": 0.21977,
        "awayET": 0.0307,
        "awayPen": 0.05858
      },
      "base": {
        "homeReg": 0.43316,
        "homeET": 0.13041,
        "homePen": 0.13007,
        "awayReg": 0.21837,
        "awayET": 0.03017,
        "awayPen": 0.05783
      },
      "delta": {
        "homeReg": -0.00165,
        "homeET": -0.00084,
        "homePen": -0.00021,
        "awayReg": 0.0014,
        "awayET": 0.00053,
        "awayPen": 0.00075
      }
    },
    {
      "stageCode": "LAST_32",
      "home": "South Africa",
      "away": "Canada",
      "knockout": true,
      "odds": {
        "homeReg": 0.25212,
        "homeET": 0.05271,
        "homePen": 0.0912,
        "awayReg": 0.38344,
        "awayET": 0.09946,
        "awayPen": 0.12108
      },
      "base": {
        "homeReg": 0.23974,
        "homeET": 0.04736,
        "homePen": 0.08511,
        "awayReg": 0.39641,
        "awayET": 0.10602,
        "awayPen": 0.12538
      },
      "delta": {
        "homeReg": 0.01238,
        "homeET": 0.00535,
        "homePen": 0.00609,
        "awayReg": -0.01297,
        "awayET": -0.00656,
        "awayPen": -0.0043
      }
    },
    {
      "stageCode": "LAST_32",
      "home": "United States",
      "away": "Bosnia and Herzegovina",
      "knockout": true,
      "odds": {
        "homeReg": 0.48522,
        "homeET": 0.13768,
        "homePen": 0.12201,
        "awayReg": 0.18102,
        "awayET": 0.02363,
        "awayPen": 0.05044
      },
      "base": {
        "homeReg": 0.48852,
        "homeET": 0.13857,
        "homePen": 0.12214,
        "awayReg": 0.17811,
        "awayET": 0.02342,
        "awayPen": 0.04924
      },
      "delta": {
        "homeReg": -0.0033,
        "homeET": -0.00089,
        "homePen": -0.00013,
        "awayReg": 0.00291,
        "awayET": 0.00021,
        "awayPen": 0.0012
      }
    }
  ]
}