{
  "generated": "2026-07-05T23:38:05.565615Z",
  "sims": 1000000,
  "games": [
    {
      "stageCode": "LAST_16",
      "home": "Argentina",
      "away": "Egypt",
      "knockout": true,
      "odds": {
        "homeReg": 0.67322,
        "homeET": 0.14604,
        "homePen": 0.05138,
        "awayReg": 0.07057,
        "awayET": 0.01053,
        "awayPen": 0.04826
      },
      "base": {
        "homeReg": 0.67183,
        "homeET": 0.14632,
        "homePen": 0.05158,
        "awayReg": 0.0712,
        "awayET": 0.01059,
        "awayPen": 0.04849
      },
      "delta": {
        "homeReg": 0.00139,
        "homeET": -0.00028,
        "homePen": -0.0002,
        "awayReg": -0.00063,
        "awayET": -6e-05,
        "awayPen": -0.00023
      }
    },
    {
      "stageCode": "LAST_16",
      "home": "Mexico",
      "away": "England",
      "knockout": true,
      "odds": {
        "homeReg": 0.27503,
        "homeET": 0.05956,
        "homePen": 0.11267,
        "awayReg": 0.35856,
        "awayET": 0.09169,
        "awayPen": 0.10249
      },
      "base": {
        "homeReg": 0.27949,
        "homeET": 0.06157,
        "homePen": 0.11288,
        "awayReg": 0.35396,
        "awayET": 0.08905,
        "awayPen": 0.10304
      },
      "delta": {
        "homeReg": -0.00446,
        "homeET": -0.00201,
        "homePen": -0.00021,
        "awayReg": 0.0046,
        "awayET": 0.00264,
        "awayPen": -0.00055
      }
    },
    {
      "stageCode": "LAST_16",
      "home": "Portugal",
      "away": "Spain",
      "knockout": true,
      "odds": {
        "homeReg": 0.24843,
        "homeET": 0.0498,
        "homePen": 0.10414,
        "awayReg": 0.38154,
        "awayET": 0.10504,
        "awayPen": 0.11105
      },
      "base": {
        "homeReg": 0.25411,
        "homeET": 0.05291,
        "homePen": 0.10444,
        "awayReg": 0.37579,
        "awayET": 0.10121,
        "awayPen": 0.11156
      },
      "delta": {
        "homeReg": -0.00568,
        "homeET": -0.00311,
        "homePen": -0.0003,
        "awayReg": 0.00575,
        "awayET": 0.00383,
        "awayPen": -0.00051
      }
    },
    {
      "stageCode": "LAST_16",
      "home": "Switzerland",
      "away": "Colombia",
      "knockout": true,
      "odds": {
        "homeReg": 0.23422,
        "homeET": 0.03671,
        "homePen": 0.10619,
        "awayReg": 0.39705,
        "awayET": 0.12065,
        "awayPen": 0.10518
      },
      "base": {
        "homeReg": 0.23669,
        "homeET": 0.0378,
        "homePen": 0.1063,
        "awayReg": 0.39421,
        "awayET": 0.11957,
        "awayPen": 0.10543
      },
      "delta": {
        "homeReg": -0.00247,
        "homeET": -0.00109,
        "homePen": -0.00011,
        "awayReg": 0.00284,
        "awayET": 0.00108,
        "awayPen": -0.00025
      }
    },
    {
      "stageCode": "LAST_16",
      "home": "United States",
      "away": "Belgium",
      "knockout": true,
      "odds": {
        "homeReg": 0.36452,
        "homeET": 0.10584,
        "homePen": 0.10444,
        "awayReg": 0.27448,
        "awayET": 0.04985,
        "awayPen": 0.10087
      },
      "base": {
        "homeReg": 0.36599,
        "homeET": 0.10636,
        "homePen": 0.10425,
        "awayReg": 0.27346,
        "awayET": 0.04922,
        "awayPen": 0.10074
      },
      "delta": {
        "homeReg": -0.00147,
        "homeET": -0.00052,
        "homePen": 0.00019,
        "awayReg": 0.00102,
        "awayET": 0.00063,
        "awayPen": 0.00013
      }
    },
    {
      "stageCode": "QUARTER_FINALS",
      "home": "France",
      "away": "Morocco",
      "knockout": true,
      "odds": {
        "homeReg": 0.56931,
        "homeET": 0.15063,
        "homePen": 0.06963,
        "awayReg": 0.12149,
        "awayET": 0.01792,
        "awayPen": 0.07102
      },
      "base": {
        "homeReg": 0.57294,
        "homeET": 0.15071,
        "homePen": 0.06878,
        "awayReg": 0.11972,
        "awayET": 0.01764,
        "awayPen": 0.07021
      },
      "delta": {
        "homeReg": -0.00363,
        "homeET": -8e-05,
        "homePen": 0.00085,
        "awayReg": 0.00177,
        "awayET": 0.00028,
        "awayPen": 0.00081
      }
    }
  ]
}