{
  "generated": "2026-07-15T14:23:21.009372Z",
  "sims": 1000000,
  "games": [
    {
      "stageCode": "SEMI_FINALS",
      "home": "England",
      "away": "Argentina",
      "knockout": true,
      "odds": {
        "homeReg": 0.31212,
        "homeET": 0.08385,
        "homePen": 0.10081,
        "awayReg": 0.32883,
        "awayET": 0.06664,
        "awayPen": 0.10775
      },
      "base": {
        "homeReg": 0.30561,
        "homeET": 0.08048,
        "homePen": 0.10104,
        "awayReg": 0.33458,
        "awayET": 0.0705,
        "awayPen": 0.10779
      },
      "delta": {
        "homeReg": 0.00651,
        "homeET": 0.00337,
        "homePen": -0.00023,
        "awayReg": -0.00575,
        "awayET": -0.00386,
        "awayPen": -4e-05
      }
    }
  ]
}