{
  "generated": "2026-07-12T23:29:55.598801Z",
  "sims": 1000000,
  "games": [
    {
      "stageCode": "SEMI_FINALS",
      "home": "England",
      "away": "Argentina",
      "knockout": true,
      "odds": {
        "homeReg": 0.31061,
        "homeET": 0.08511,
        "homePen": 0.10018,
        "awayReg": 0.32949,
        "awayET": 0.06827,
        "awayPen": 0.10633
      },
      "base": {
        "homeReg": 0.30868,
        "homeET": 0.08403,
        "homePen": 0.1,
        "awayReg": 0.33141,
        "awayET": 0.06939,
        "awayPen": 0.10648
      },
      "delta": {
        "homeReg": 0.00193,
        "homeET": 0.00108,
        "homePen": 0.00018,
        "awayReg": -0.00192,
        "awayET": -0.00112,
        "awayPen": -0.00015
      }
    },
    {
      "stageCode": "SEMI_FINALS",
      "home": "France",
      "away": "Spain",
      "knockout": true,
      "odds": {
        "homeReg": 0.37517,
        "homeET": 0.10894,
        "homePen": 0.11086,
        "awayReg": 0.2567,
        "awayET": 0.04668,
        "awayPen": 0.10165
      },
      "base": {
        "homeReg": 0.37402,
        "homeET": 0.10798,
        "homePen": 0.11094,
        "awayReg": 0.25829,
        "awayET": 0.04727,
        "awayPen": 0.1015
      },
      "delta": {
        "homeReg": 0.00115,
        "homeET": 0.00096,
        "homePen": -8e-05,
        "awayReg": -0.00159,
        "awayET": -0.00059,
        "awayPen": 0.00015
      }
    }
  ]
}