{
  "generated": "2026-07-04T21:32:48.293627Z",
  "sims": 1000000,
  "games": [
    {
      "stageCode": "LAST_16",
      "home": "Argentina",
      "away": "Egypt",
      "knockout": true,
      "odds": {
        "homeReg": 0.67246,
        "homeET": 0.1462,
        "homePen": 0.05257,
        "awayReg": 0.07004,
        "awayET": 0.01039,
        "awayPen": 0.04834
      },
      "base": {
        "homeReg": 0.68683,
        "homeET": 0.14317,
        "homePen": 0.0494,
        "awayReg": 0.06463,
        "awayET": 0.00963,
        "awayPen": 0.04634
      },
      "delta": {
        "homeReg": -0.01437,
        "homeET": 0.00303,
        "homePen": 0.00317,
        "awayReg": 0.00541,
        "awayET": 0.00076,
        "awayPen": 0.002
      }
    },
    {
      "stageCode": "LAST_16",
      "home": "Brazil",
      "away": "Norway",
      "knockout": true,
      "odds": {
        "homeReg": 0.46675,
        "homeET": 0.13323,
        "homePen": 0.09383,
        "awayReg": 0.19221,
        "awayET": 0.02658,
        "awayPen": 0.08742
      },
      "base": {
        "homeReg": 0.47271,
        "homeET": 0.13499,
        "homePen": 0.09323,
        "awayReg": 0.18879,
        "awayET": 0.02477,
        "awayPen": 0.08551
      },
      "delta": {
        "homeReg": -0.00596,
        "homeET": -0.00176,
        "homePen": 0.0006,
        "awayReg": 0.00342,
        "awayET": 0.00181,
        "awayPen": 0.00191
      }
    },
    {
      "stageCode": "LAST_16",
      "home": "Mexico",
      "away": "England",
      "knockout": true,
      "odds": {
        "homeReg": 0.28836,
        "homeET": 0.06872,
        "homePen": 0.11307,
        "awayReg": 0.3433,
        "awayET": 0.0846,
        "awayPen": 0.10194
      },
      "base": {
        "homeReg": 0.28616,
        "homeET": 0.06768,
        "homePen": 0.11245,
        "awayReg": 0.3463,
        "awayET": 0.08588,
        "awayPen": 0.10153
      },
      "delta": {
        "homeReg": 0.0022,
        "homeET": 0.00104,
        "homePen": 0.00062,
        "awayReg": -0.003,
        "awayET": -0.00128,
        "awayPen": 0.00041
      }
    },
    {
      "stageCode": "LAST_16",
      "home": "Paraguay",
      "away": "France",
      "knockout": true,
      "odds": {
        "homeReg": 0.03264,
        "homeET": 0.00621,
        "homePen": 0.02854,
        "awayReg": 0.7688,
        "awayET": 0.12863,
        "awayPen": 0.03518
      },
      "base": {
        "homeReg": 0.02667,
        "homeET": 0.00505,
        "homePen": 0.02621,
        "awayReg": 0.78619,
        "awayET": 0.12448,
        "awayPen": 0.0314
      },
      "delta": {
        "homeReg": 0.00597,
        "homeET": 0.00116,
        "homePen": 0.00233,
        "awayReg": -0.01739,
        "awayET": 0.00415,
        "awayPen": 0.00378
      }
    },
    {
      "stageCode": "LAST_16",
      "home": "Portugal",
      "away": "Spain",
      "knockout": true,
      "odds": {
        "homeReg": 0.24777,
        "homeET": 0.04866,
        "homePen": 0.10394,
        "awayReg": 0.38442,
        "awayET": 0.10559,
        "awayPen": 0.10962
      },
      "base": {
        "homeReg": 0.25665,
        "homeET": 0.05285,
        "homePen": 0.10492,
        "awayReg": 0.3727,
        "awayET": 0.10153,
        "awayPen": 0.11135
      },
      "delta": {
        "homeReg": -0.00888,
        "homeET": -0.00419,
        "homePen": -0.00098,
        "awayReg": 0.01172,
        "awayET": 0.00406,
        "awayPen": -0.00173
      }
    },
    {
      "stageCode": "LAST_16",
      "home": "Switzerland",
      "away": "Colombia",
      "knockout": true,
      "odds": {
        "homeReg": 0.25026,
        "homeET": 0.04603,
        "homePen": 0.10835,
        "awayReg": 0.37693,
        "awayET": 0.11224,
        "awayPen": 0.10619
      },
      "base": {
        "homeReg": 0.24954,
        "homeET": 0.04481,
        "homePen": 0.10776,
        "awayReg": 0.37942,
        "awayET": 0.11182,
        "awayPen": 0.10665
      },
      "delta": {
        "homeReg": 0.00072,
        "homeET": 0.00122,
        "homePen": 0.00059,
        "awayReg": -0.00249,
        "awayET": 0.00042,
        "awayPen": -0.00046
      }
    },
    {
      "stageCode": "LAST_16",
      "home": "United States",
      "away": "Belgium",
      "knockout": true,
      "odds": {
        "homeReg": 0.36571,
        "homeET": 0.10561,
        "homePen": 0.10459,
        "awayReg": 0.27261,
        "awayET": 0.04997,
        "awayPen": 0.10152
      },
      "base": {
        "homeReg": 0.36823,
        "homeET": 0.10899,
        "homePen": 0.10447,
        "awayReg": 0.26934,
        "awayET": 0.04789,
        "awayPen": 0.10108
      },
      "delta": {
        "homeReg": -0.00252,
        "homeET": -0.00338,
        "homePen": 0.00012,
        "awayReg": 0.00327,
        "awayET": 0.00208,
        "awayPen": 0.00044
      }
    }
  ]
}