{
  "generated": "2026-06-30T10:15:27.174120Z",
  "sims": 1000000,
  "games": [
    {
      "stageCode": "LAST_32",
      "home": "Australia",
      "away": "Egypt",
      "knockout": true,
      "odds": {
        "homeReg": 0.29261,
        "homeET": 0.07019,
        "homePen": 0.10655,
        "awayReg": 0.3301,
        "awayET": 0.0842,
        "awayPen": 0.11636
      },
      "base": {
        "homeReg": 0.31611,
        "homeET": 0.08339,
        "homePen": 0.11783,
        "awayReg": 0.30605,
        "awayET": 0.07123,
        "awayPen": 0.10539
      },
      "delta": {
        "homeReg": -0.0235,
        "homeET": -0.0132,
        "homePen": -0.01128,
        "awayReg": 0.02405,
        "awayET": 0.01297,
        "awayPen": 0.01097
      }
    },
    {
      "stageCode": "LAST_32",
      "home": "Belgium",
      "away": "Senegal",
      "knockout": true,
      "odds": {
        "homeReg": 0.39264,
        "homeET": 0.1097,
        "homePen": 0.12514,
        "awayReg": 0.24834,
        "awayET": 0.04648,
        "awayPen": 0.0777
      },
      "base": {
        "homeReg": 0.38884,
        "homeET": 0.10779,
        "homePen": 0.1242,
        "awayReg": 0.25132,
        "awayET": 0.04845,
        "awayPen": 0.0794
      },
      "delta": {
        "homeReg": 0.0038,
        "homeET": 0.00191,
        "homePen": 0.00094,
        "awayReg": -0.00298,
        "awayET": -0.00197,
        "awayPen": -0.0017
      }
    },
    {
      "stageCode": "LAST_32",
      "home": "Côte d'Ivoire",
      "away": "Norway",
      "knockout": true,
      "odds": {
        "homeReg": 0.21746,
        "homeET": 0.02875,
        "homePen": 0.05697,
        "awayReg": 0.42882,
        "awayET": 0.13139,
        "awayPen": 0.13661
      },
      "base": {
        "homeReg": 0.22764,
        "homeET": 0.03148,
        "homePen": 0.06187,
        "awayReg": 0.41665,
        "awayET": 0.12743,
        "awayPen": 0.13492
      },
      "delta": {
        "homeReg": -0.01018,
        "homeET": -0.00273,
        "homePen": -0.0049,
        "awayReg": 0.01217,
        "awayET": 0.00396,
        "awayPen": 0.00169
      }
    },
    {
      "stageCode": "LAST_32",
      "home": "England",
      "away": "DR Congo",
      "knockout": true,
      "odds": {
        "homeReg": 0.56268,
        "homeET": 0.14941,
        "homePen": 0.11879,
        "awayReg": 0.12398,
        "awayET": 0.0174,
        "awayPen": 0.02774
      },
      "base": {
        "homeReg": 0.55993,
        "homeET": 0.14886,
        "homePen": 0.11958,
        "awayReg": 0.12564,
        "awayET": 0.01751,
        "awayPen": 0.02848
      },
      "delta": {
        "homeReg": 0.00275,
        "homeET": 0.00055,
        "homePen": -0.00079,
        "awayReg": -0.00166,
        "awayET": -0.00011,
        "awayPen": -0.00074
      }
    },
    {
      "stageCode": "LAST_32",
      "home": "France",
      "away": "Sweden",
      "knockout": true,
      "odds": {
        "homeReg": 0.75038,
        "homeET": 0.13153,
        "homePen": 0.06364,
        "awayReg": 0.0427,
        "awayET": 0.00693,
        "awayPen": 0.00481
      },
      "base": {
        "homeReg": 0.76259,
        "homeET": 0.1287,
        "homePen": 0.06016,
        "awayReg": 0.03818,
        "awayET": 0.00625,
        "awayPen": 0.00413
      },
      "delta": {
        "homeReg": -0.01221,
        "homeET": 0.00283,
        "homePen": 0.00348,
        "awayReg": 0.00452,
        "awayET": 0.00068,
        "awayPen": 0.00068
      }
    },
    {
      "stageCode": "LAST_32",
      "home": "Mexico",
      "away": "Ecuador",
      "knockout": true,
      "odds": {
        "homeReg": 0.45562,
        "homeET": 0.13616,
        "homePen": 0.13751,
        "awayReg": 0.18713,
        "awayET": 0.02525,
        "awayPen": 0.05832
      },
      "base": {
        "homeReg": 0.45338,
        "homeET": 0.13557,
        "homePen": 0.13748,
        "awayReg": 0.1889,
        "awayET": 0.02552,
        "awayPen": 0.05915
      },
      "delta": {
        "homeReg": 0.00224,
        "homeET": 0.00059,
        "homePen": 3e-05,
        "awayReg": -0.00177,
        "awayET": -0.00027,
        "awayPen": -0.00083
      }
    },
    {
      "stageCode": "LAST_32",
      "home": "Portugal",
      "away": "Croatia",
      "knockout": true,
      "odds": {
        "homeReg": 0.50943,
        "homeET": 0.1473,
        "homePen": 0.13234,
        "awayReg": 0.15406,
        "awayET": 0.02208,
        "awayPen": 0.0348
      },
      "base": {
        "homeReg": 0.51619,
        "homeET": 0.14785,
        "homePen": 0.13187,
        "awayReg": 0.14999,
        "awayET": 0.0214,
        "awayPen": 0.03271
      },
      "delta": {
        "homeReg": -0.00676,
        "homeET": -0.00055,
        "homePen": 0.00047,
        "awayReg": 0.00407,
        "awayET": 0.00068,
        "awayPen": 0.00209
      }
    },
    {
      "stageCode": "LAST_32",
      "home": "Spain",
      "away": "Austria",
      "knockout": true,
      "odds": {
        "homeReg": 0.64282,
        "homeET": 0.15002,
        "homePen": 0.10052,
        "awayReg": 0.0811,
        "awayET": 0.01267,
        "awayPen": 0.01287
      },
      "base": {
        "homeReg": 0.63562,
        "homeET": 0.15027,
        "homePen": 0.10221,
        "awayReg": 0.08465,
        "awayET": 0.01318,
        "awayPen": 0.01406
      },
      "delta": {
        "homeReg": 0.0072,
        "homeET": -0.00025,
        "homePen": -0.00169,
        "awayReg": -0.00355,
        "awayET": -0.00051,
        "awayPen": -0.00119
      }
    },
    {
      "stageCode": "LAST_32",
      "home": "Switzerland",
      "away": "Algeria",
      "knockout": true,
      "odds": {
        "homeReg": 0.42301,
        "homeET": 0.12245,
        "homePen": 0.12579,
        "awayReg": 0.22429,
        "awayET": 0.03673,
        "awayPen": 0.06774
      },
      "base": {
        "homeReg": 0.49602,
        "homeET": 0.14496,
        "homePen": 0.12777,
        "awayReg": 0.1702,
        "awayET": 0.02255,
        "awayPen": 0.03849
      },
      "delta": {
        "homeReg": -0.07301,
        "homeET": -0.02251,
        "homePen": -0.00198,
        "awayReg": 0.05409,
        "awayET": 0.01418,
        "awayPen": 0.02925
      }
    },
    {
      "stageCode": "LAST_32",
      "home": "United States",
      "away": "Bosnia and Herzegovina",
      "knockout": true,
      "odds": {
        "homeReg": 0.48718,
        "homeET": 0.13715,
        "homePen": 0.12137,
        "awayReg": 0.17931,
        "awayET": 0.02413,
        "awayPen": 0.05085
      },
      "base": {
        "homeReg": 0.49015,
        "homeET": 0.13775,
        "homePen": 0.12164,
        "awayReg": 0.17708,
        "awayET": 0.02388,
        "awayPen": 0.0495
      },
      "delta": {
        "homeReg": -0.00297,
        "homeET": -0.0006,
        "homePen": -0.00027,
        "awayReg": 0.00223,
        "awayET": 0.00025,
        "awayPen": 0.00135
      }
    }
  ]
}