{
  "generated": "2026-07-06T21:16:59.174919Z",
  "sims": 1000000,
  "games": [
    {
      "stageCode": "LAST_16",
      "home": "Argentina",
      "away": "Egypt",
      "knockout": true,
      "odds": {
        "homeReg": 0.65248,
        "homeET": 0.148,
        "homePen": 0.0567,
        "awayReg": 0.0801,
        "awayET": 0.01094,
        "awayPen": 0.05178
      },
      "base": {
        "homeReg": 0.6681,
        "homeET": 0.14728,
        "homePen": 0.05298,
        "awayReg": 0.07224,
        "awayET": 0.01034,
        "awayPen": 0.04906
      },
      "delta": {
        "homeReg": -0.01562,
        "homeET": 0.00072,
        "homePen": 0.00372,
        "awayReg": 0.00786,
        "awayET": 0.0006,
        "awayPen": 0.00272
      }
    },
    {
      "stageCode": "LAST_16",
      "home": "Switzerland",
      "away": "Colombia",
      "knockout": true,
      "odds": {
        "homeReg": 0.24779,
        "homeET": 0.04254,
        "homePen": 0.10719,
        "awayReg": 0.38447,
        "awayET": 0.11266,
        "awayPen": 0.10536
      },
      "base": {
        "homeReg": 0.24425,
        "homeET": 0.04072,
        "homePen": 0.10689,
        "awayReg": 0.38881,
        "awayET": 0.11452,
        "awayPen": 0.10481
      },
      "delta": {
        "homeReg": 0.00354,
        "homeET": 0.00182,
        "homePen": 0.0003,
        "awayReg": -0.00434,
        "awayET": -0.00186,
        "awayPen": 0.00055
      }
    },
    {
      "stageCode": "LAST_16",
      "home": "United States",
      "away": "Belgium",
      "knockout": true,
      "odds": {
        "homeReg": 0.35509,
        "homeET": 0.09864,
        "homePen": 0.1061,
        "awayReg": 0.28377,
        "awayET": 0.05426,
        "awayPen": 0.10214
      },
      "base": {
        "homeReg": 0.34897,
        "homeET": 0.09599,
        "homePen": 0.10683,
        "awayReg": 0.28907,
        "awayET": 0.05661,
        "awayPen": 0.10253
      },
      "delta": {
        "homeReg": 0.00612,
        "homeET": 0.00265,
        "homePen": -0.00073,
        "awayReg": -0.0053,
        "awayET": -0.00235,
        "awayPen": -0.00039
      }
    },
    {
      "stageCode": "QUARTER_FINALS",
      "home": "France",
      "away": "Morocco",
      "knockout": true,
      "odds": {
        "homeReg": 0.55562,
        "homeET": 0.15034,
        "homePen": 0.07325,
        "awayReg": 0.12971,
        "awayET": 0.01839,
        "awayPen": 0.07268
      },
      "base": {
        "homeReg": 0.56571,
        "homeET": 0.15112,
        "homePen": 0.071,
        "awayReg": 0.12318,
        "awayET": 0.01784,
        "awayPen": 0.07117
      },
      "delta": {
        "homeReg": -0.01009,
        "homeET": -0.00078,
        "homePen": 0.00225,
        "awayReg": 0.00653,
        "awayET": 0.00055,
        "awayPen": 0.00151
      }
    },
    {
      "stageCode": "QUARTER_FINALS",
      "home": "Norway",
      "away": "England",
      "knockout": true,
      "odds": {
        "homeReg": 0.21162,
        "homeET": 0.03506,
        "homePen": 0.09301,
        "awayReg": 0.4431,
        "awayET": 0.12209,
        "awayPen": 0.09513
      },
      "base": {
        "homeReg": 0.21077,
        "homeET": 0.03458,
        "homePen": 0.09315,
        "awayReg": 0.44387,
        "awayET": 0.12251,
        "awayPen": 0.09589
      },
      "delta": {
        "homeReg": 0.00085,
        "homeET": 0.00048,
        "homePen": -0.00014,
        "awayReg": -0.00077,
        "awayET": -0.00042,
        "awayPen": -0.00076
      }
    }
  ]
}