{
  "generated": "2026-06-28T17:48:54.104602Z",
  "sims": 1000000,
  "games": [
    {
      "stageCode": "LAST_32",
      "home": "Belgium",
      "away": "Senegal",
      "knockout": true,
      "odds": {
        "homeReg": 0.39089,
        "homeET": 0.11038,
        "homePen": 0.12458,
        "awayReg": 0.24941,
        "awayET": 0.0468,
        "awayPen": 0.07794
      },
      "base": {
        "homeReg": 0.40026,
        "homeET": 0.11437,
        "homePen": 0.12633,
        "awayReg": 0.24227,
        "awayET": 0.04267,
        "awayPen": 0.0741
      },
      "delta": {
        "homeReg": -0.00937,
        "homeET": -0.00399,
        "homePen": -0.00175,
        "awayReg": 0.00714,
        "awayET": 0.00413,
        "awayPen": 0.00384
      }
    },
    {
      "stageCode": "LAST_32",
      "home": "Brazil",
      "away": "Japan",
      "knockout": true,
      "odds": {
        "homeReg": 0.46161,
        "homeET": 0.1374,
        "homePen": 0.13215,
        "awayReg": 0.19145,
        "awayET": 0.02586,
        "awayPen": 0.05152
      },
      "base": {
        "homeReg": 0.45804,
        "homeET": 0.13597,
        "homePen": 0.13183,
        "awayReg": 0.19473,
        "awayET": 0.02608,
        "awayPen": 0.05334
      },
      "delta": {
        "homeReg": 0.00357,
        "homeET": 0.00143,
        "homePen": 0.00032,
        "awayReg": -0.00328,
        "awayET": -0.00022,
        "awayPen": -0.00182
      }
    },
    {
      "stageCode": "LAST_32",
      "home": "Côte d'Ivoire",
      "away": "Norway",
      "knockout": true,
      "odds": {
        "homeReg": 0.21841,
        "homeET": 0.02841,
        "homePen": 0.0571,
        "awayReg": 0.42723,
        "awayET": 0.13184,
        "awayPen": 0.137
      },
      "base": {
        "homeReg": 0.22147,
        "homeET": 0.02907,
        "homePen": 0.05878,
        "awayReg": 0.42362,
        "awayET": 0.13045,
        "awayPen": 0.13659
      },
      "delta": {
        "homeReg": -0.00306,
        "homeET": -0.00066,
        "homePen": -0.00168,
        "awayReg": 0.00361,
        "awayET": 0.00139,
        "awayPen": 0.00041
      }
    },
    {
      "stageCode": "LAST_32",
      "home": "England",
      "away": "DR Congo",
      "knockout": true,
      "odds": {
        "homeReg": 0.5701,
        "homeET": 0.15096,
        "homePen": 0.11903,
        "awayReg": 0.11776,
        "awayET": 0.01715,
        "awayPen": 0.02501
      },
      "base": {
        "homeReg": 0.5638,
        "homeET": 0.15023,
        "homePen": 0.12004,
        "awayReg": 0.12204,
        "awayET": 0.01758,
        "awayPen": 0.02633
      },
      "delta": {
        "homeReg": 0.0063,
        "homeET": 0.00073,
        "homePen": -0.00101,
        "awayReg": -0.00428,
        "awayET": -0.00043,
        "awayPen": -0.00132
      }
    },
    {
      "stageCode": "LAST_32",
      "home": "France",
      "away": "Sweden",
      "knockout": true,
      "odds": {
        "homeReg": 0.74957,
        "homeET": 0.1308,
        "homePen": 0.06492,
        "awayReg": 0.04343,
        "awayET": 0.00681,
        "awayPen": 0.00447
      },
      "base": {
        "homeReg": 0.74842,
        "homeET": 0.13106,
        "homePen": 0.06516,
        "awayReg": 0.04387,
        "awayET": 0.00691,
        "awayPen": 0.0046
      },
      "delta": {
        "homeReg": 0.00115,
        "homeET": -0.00026,
        "homePen": -0.00024,
        "awayReg": -0.00044,
        "awayET": -0.0001,
        "awayPen": -0.00013
      }
    },
    {
      "stageCode": "LAST_32",
      "home": "Germany",
      "away": "Paraguay",
      "knockout": true,
      "odds": {
        "homeReg": 0.6032,
        "homeET": 0.15152,
        "homePen": 0.10992,
        "awayReg": 0.10242,
        "awayET": 0.01511,
        "awayPen": 0.01783
      },
      "base": {
        "homeReg": 0.55654,
        "homeET": 0.14944,
        "homePen": 0.11898,
        "awayReg": 0.12878,
        "awayET": 0.01819,
        "awayPen": 0.02807
      },
      "delta": {
        "homeReg": 0.04666,
        "homeET": 0.00208,
        "homePen": -0.00906,
        "awayReg": -0.02636,
        "awayET": -0.00308,
        "awayPen": -0.01024
      }
    },
    {
      "stageCode": "LAST_32",
      "home": "Mexico",
      "away": "Ecuador",
      "knockout": true,
      "odds": {
        "homeReg": 0.45014,
        "homeET": 0.13528,
        "homePen": 0.13742,
        "awayReg": 0.19002,
        "awayET": 0.02645,
        "awayPen": 0.06067
      },
      "base": {
        "homeReg": 0.45366,
        "homeET": 0.13588,
        "homePen": 0.13759,
        "awayReg": 0.18771,
        "awayET": 0.02604,
        "awayPen": 0.05911
      },
      "delta": {
        "homeReg": -0.00352,
        "homeET": -0.0006,
        "homePen": -0.00017,
        "awayReg": 0.00231,
        "awayET": 0.00041,
        "awayPen": 0.00156
      }
    },
    {
      "stageCode": "LAST_32",
      "home": "Netherlands",
      "away": "Morocco",
      "knockout": true,
      "odds": {
        "homeReg": 0.41923,
        "homeET": 0.12392,
        "homePen": 0.12882,
        "awayReg": 0.22916,
        "awayET": 0.03525,
        "awayPen": 0.06362
      },
      "base": {
        "homeReg": 0.41487,
        "homeET": 0.1225,
        "homePen": 0.1285,
        "awayReg": 0.2323,
        "awayET": 0.03671,
        "awayPen": 0.06511
      },
      "delta": {
        "homeReg": 0.00436,
        "homeET": 0.00142,
        "homePen": 0.00032,
        "awayReg": -0.00314,
        "awayET": -0.00146,
        "awayPen": -0.00149
      }
    },
    {
      "stageCode": "LAST_32",
      "home": "South Africa",
      "away": "Canada",
      "knockout": true,
      "odds": {
        "homeReg": 0.27948,
        "homeET": 0.06655,
        "homePen": 0.1067,
        "awayReg": 0.35322,
        "awayET": 0.08367,
        "awayPen": 0.11038
      },
      "base": {
        "homeReg": 0.23533,
        "homeET": 0.04521,
        "homePen": 0.08158,
        "awayReg": 0.40162,
        "awayET": 0.10927,
        "awayPen": 0.12698
      },
      "delta": {
        "homeReg": 0.04415,
        "homeET": 0.02134,
        "homePen": 0.02512,
        "awayReg": -0.0484,
        "awayET": -0.0256,
        "awayPen": -0.0166
      }
    },
    {
      "stageCode": "LAST_32",
      "home": "United States",
      "away": "Bosnia and Herzegovina",
      "knockout": true,
      "odds": {
        "homeReg": 0.48411,
        "homeET": 0.13714,
        "homePen": 0.12197,
        "awayReg": 0.18213,
        "awayET": 0.02376,
        "awayPen": 0.0509
      },
      "base": {
        "homeReg": 0.48926,
        "homeET": 0.1391,
        "homePen": 0.12184,
        "awayReg": 0.17752,
        "awayET": 0.02338,
        "awayPen": 0.04889
      },
      "delta": {
        "homeReg": -0.00515,
        "homeET": -0.00196,
        "homePen": 0.00013,
        "awayReg": 0.00461,
        "awayET": 0.00038,
        "awayPen": 0.00201
      }
    }
  ]
}