{
  "generated": "2026-07-06T03:20:44.607025Z",
  "sims": 1000000,
  "games": [
    {
      "stageCode": "LAST_16",
      "home": "Argentina",
      "away": "Egypt",
      "knockout": true,
      "odds": {
        "homeReg": 0.67661,
        "homeET": 0.14517,
        "homePen": 0.05096,
        "awayReg": 0.06889,
        "awayET": 0.01031,
        "awayPen": 0.04806
      },
      "base": {
        "homeReg": 0.67322,
        "homeET": 0.14604,
        "homePen": 0.05138,
        "awayReg": 0.07057,
        "awayET": 0.01053,
        "awayPen": 0.04826
      },
      "delta": {
        "homeReg": 0.00339,
        "homeET": -0.00087,
        "homePen": -0.00042,
        "awayReg": -0.00168,
        "awayET": -0.00022,
        "awayPen": -0.0002
      }
    },
    {
      "stageCode": "LAST_16",
      "home": "Portugal",
      "away": "Spain",
      "knockout": true,
      "odds": {
        "homeReg": 0.24799,
        "homeET": 0.04834,
        "homePen": 0.10512,
        "awayReg": 0.38324,
        "awayET": 0.1046,
        "awayPen": 0.11071
      },
      "base": {
        "homeReg": 0.24843,
        "homeET": 0.0498,
        "homePen": 0.10414,
        "awayReg": 0.38154,
        "awayET": 0.10504,
        "awayPen": 0.11105
      },
      "delta": {
        "homeReg": -0.00044,
        "homeET": -0.00146,
        "homePen": 0.00098,
        "awayReg": 0.0017,
        "awayET": -0.00044,
        "awayPen": -0.00034
      }
    },
    {
      "stageCode": "LAST_16",
      "home": "Switzerland",
      "away": "Colombia",
      "knockout": true,
      "odds": {
        "homeReg": 0.23905,
        "homeET": 0.03934,
        "homePen": 0.10597,
        "awayReg": 0.39247,
        "awayET": 0.1185,
        "awayPen": 0.10467
      },
      "base": {
        "homeReg": 0.23422,
        "homeET": 0.03671,
        "homePen": 0.10619,
        "awayReg": 0.39705,
        "awayET": 0.12065,
        "awayPen": 0.10518
      },
      "delta": {
        "homeReg": 0.00483,
        "homeET": 0.00263,
        "homePen": -0.00022,
        "awayReg": -0.00458,
        "awayET": -0.00215,
        "awayPen": -0.00051
      }
    },
    {
      "stageCode": "LAST_16",
      "home": "United States",
      "away": "Belgium",
      "knockout": true,
      "odds": {
        "homeReg": 0.37591,
        "homeET": 0.11162,
        "homePen": 0.1034,
        "awayReg": 0.26516,
        "awayET": 0.04451,
        "awayPen": 0.0994
      },
      "base": {
        "homeReg": 0.36452,
        "homeET": 0.10584,
        "homePen": 0.10444,
        "awayReg": 0.27448,
        "awayET": 0.04985,
        "awayPen": 0.10087
      },
      "delta": {
        "homeReg": 0.01139,
        "homeET": 0.00578,
        "homePen": -0.00104,
        "awayReg": -0.00932,
        "awayET": -0.00534,
        "awayPen": -0.00147
      }
    },
    {
      "stageCode": "QUARTER_FINALS",
      "home": "France",
      "away": "Morocco",
      "knockout": true,
      "odds": {
        "homeReg": 0.56256,
        "homeET": 0.15152,
        "homePen": 0.07222,
        "awayReg": 0.1243,
        "awayET": 0.018,
        "awayPen": 0.0714
      },
      "base": {
        "homeReg": 0.56931,
        "homeET": 0.15063,
        "homePen": 0.06963,
        "awayReg": 0.12149,
        "awayET": 0.01792,
        "awayPen": 0.07102
      },
      "delta": {
        "homeReg": -0.00675,
        "homeET": 0.00089,
        "homePen": 0.00259,
        "awayReg": 0.00281,
        "awayET": 8e-05,
        "awayPen": 0.00038
      }
    },
    {
      "stageCode": "QUARTER_FINALS",
      "home": "Norway",
      "away": "England",
      "knockout": true,
      "odds": {
        "homeReg": 0.21707,
        "homeET": 0.03891,
        "homePen": 0.09277,
        "awayReg": 0.43653,
        "awayET": 0.11776,
        "awayPen": 0.09695
      },
      "base": {
        "homeReg": 0.21707,
        "homeET": 0.03891,
        "homePen": 0.09277,
        "awayReg": 0.43653,
        "awayET": 0.11776,
        "awayPen": 0.09695
      },
      "delta": {
        "homeReg": null,
        "homeET": null,
        "homePen": null,
        "awayReg": null,
        "awayET": null,
        "awayPen": null
      }
    }
  ]
}