{
  "generated": "2026-07-01T05:10:23.027022Z",
  "sims": 1000000,
  "games": [
    {
      "stageCode": "LAST_16",
      "home": "Canada",
      "away": "Morocco",
      "knockout": true,
      "odds": {
        "homeReg": 0.15924,
        "homeET": 0.02235,
        "homePen": 0.03642,
        "awayReg": 0.5045,
        "awayET": 0.14602,
        "awayPen": 0.13145
      },
      "base": {
        "homeReg": 0.15442,
        "homeET": 0.02186,
        "homePen": 0.03411,
        "awayReg": 0.51157,
        "awayET": 0.14705,
        "awayPen": 0.13099
      },
      "delta": {
        "homeReg": 0.00482,
        "homeET": 0.00049,
        "homePen": 0.00231,
        "awayReg": -0.00707,
        "awayET": -0.00103,
        "awayPen": 0.00046
      }
    },
    {
      "stageCode": "LAST_32",
      "home": "Argentina",
      "away": "Cabo Verde",
      "knockout": true,
      "odds": {
        "homeReg": 0.72272,
        "homeET": 0.1396,
        "homePen": 0.07734,
        "awayReg": 0.04657,
        "awayET": 0.00728,
        "awayPen": 0.00649
      },
      "base": {
        "homeReg": 0.71098,
        "homeET": 0.1415,
        "homePen": 0.08077,
        "awayReg": 0.05103,
        "awayET": 0.00795,
        "awayPen": 0.00776
      },
      "delta": {
        "homeReg": 0.01174,
        "homeET": -0.0019,
        "homePen": -0.00343,
        "awayReg": -0.00446,
        "awayET": -0.00067,
        "awayPen": -0.00127
      }
    },
    {
      "stageCode": "LAST_32",
      "home": "Australia",
      "away": "Egypt",
      "knockout": true,
      "odds": {
        "homeReg": 0.31905,
        "homeET": 0.08261,
        "homePen": 0.11768,
        "awayReg": 0.30455,
        "awayET": 0.07076,
        "awayPen": 0.10535
      },
      "base": {
        "homeReg": 0.31243,
        "homeET": 0.07949,
        "homePen": 0.11506,
        "awayReg": 0.31077,
        "awayET": 0.07412,
        "awayPen": 0.10813
      },
      "delta": {
        "homeReg": 0.00662,
        "homeET": 0.00312,
        "homePen": 0.00262,
        "awayReg": -0.00622,
        "awayET": -0.00336,
        "awayPen": -0.00278
      }
    },
    {
      "stageCode": "LAST_32",
      "home": "Belgium",
      "away": "Senegal",
      "knockout": true,
      "odds": {
        "homeReg": 0.38511,
        "homeET": 0.10437,
        "homePen": 0.12191,
        "awayReg": 0.25763,
        "awayET": 0.05035,
        "awayPen": 0.08063
      },
      "base": {
        "homeReg": 0.37921,
        "homeET": 0.10131,
        "homePen": 0.11972,
        "awayReg": 0.26339,
        "awayET": 0.0528,
        "awayPen": 0.08357
      },
      "delta": {
        "homeReg": 0.0059,
        "homeET": 0.00306,
        "homePen": 0.00219,
        "awayReg": -0.00576,
        "awayET": -0.00245,
        "awayPen": -0.00294
      }
    },
    {
      "stageCode": "LAST_32",
      "home": "Colombia",
      "away": "Ghana",
      "knockout": true,
      "odds": {
        "homeReg": 0.49905,
        "homeET": 0.14646,
        "homePen": 0.13855,
        "awayReg": 0.1526,
        "awayET": 0.02193,
        "awayPen": 0.04142
      },
      "base": {
        "homeReg": 0.50799,
        "homeET": 0.14771,
        "homePen": 0.13842,
        "awayReg": 0.14609,
        "awayET": 0.02121,
        "awayPen": 0.03859
      },
      "delta": {
        "homeReg": -0.00894,
        "homeET": -0.00125,
        "homePen": 0.00013,
        "awayReg": 0.00651,
        "awayET": 0.00072,
        "awayPen": 0.00283
      }
    },
    {
      "stageCode": "LAST_32",
      "home": "England",
      "away": "DR Congo",
      "knockout": true,
      "odds": {
        "homeReg": 0.55338,
        "homeET": 0.14774,
        "homePen": 0.12104,
        "awayReg": 0.12893,
        "awayET": 0.01828,
        "awayPen": 0.03062
      },
      "base": {
        "homeReg": 0.54988,
        "homeET": 0.14735,
        "homePen": 0.12168,
        "awayReg": 0.13086,
        "awayET": 0.01861,
        "awayPen": 0.03164
      },
      "delta": {
        "homeReg": 0.0035,
        "homeET": 0.00039,
        "homePen": -0.00064,
        "awayReg": -0.00193,
        "awayET": -0.00033,
        "awayPen": -0.00102
      }
    },
    {
      "stageCode": "LAST_32",
      "home": "Portugal",
      "away": "Croatia",
      "knockout": true,
      "odds": {
        "homeReg": 0.52864,
        "homeET": 0.15031,
        "homePen": 0.12909,
        "awayReg": 0.14253,
        "awayET": 0.01991,
        "awayPen": 0.02952
      },
      "base": {
        "homeReg": 0.52844,
        "homeET": 0.15028,
        "homePen": 0.12906,
        "awayReg": 0.14274,
        "awayET": 0.01992,
        "awayPen": 0.02956
      },
      "delta": {
        "homeReg": 0.0002,
        "homeET": 3e-05,
        "homePen": 3e-05,
        "awayReg": -0.00021,
        "awayET": -1e-05,
        "awayPen": -4e-05
      }
    },
    {
      "stageCode": "LAST_32",
      "home": "Spain",
      "away": "Austria",
      "knockout": true,
      "odds": {
        "homeReg": 0.62868,
        "homeET": 0.14995,
        "homePen": 0.10366,
        "awayReg": 0.08909,
        "awayET": 0.01316,
        "awayPen": 0.01545
      },
      "base": {
        "homeReg": 0.62144,
        "homeET": 0.1502,
        "homePen": 0.10536,
        "awayReg": 0.0927,
        "awayET": 0.01384,
        "awayPen": 0.01646
      },
      "delta": {
        "homeReg": 0.00724,
        "homeET": -0.00025,
        "homePen": -0.0017,
        "awayReg": -0.00361,
        "awayET": -0.00068,
        "awayPen": -0.00101
      }
    },
    {
      "stageCode": "LAST_32",
      "home": "Switzerland",
      "away": "Algeria",
      "knockout": true,
      "odds": {
        "homeReg": 0.40971,
        "homeET": 0.11488,
        "homePen": 0.12334,
        "awayReg": 0.23528,
        "awayET": 0.0427,
        "awayPen": 0.07408
      },
      "base": {
        "homeReg": 0.42413,
        "homeET": 0.12187,
        "homePen": 0.12631,
        "awayReg": 0.22334,
        "awayET": 0.03722,
        "awayPen": 0.06714
      },
      "delta": {
        "homeReg": -0.01442,
        "homeET": -0.00699,
        "homePen": -0.00297,
        "awayReg": 0.01194,
        "awayET": 0.00548,
        "awayPen": 0.00694
      }
    },
    {
      "stageCode": "LAST_32",
      "home": "United States",
      "away": "Bosnia and Herzegovina",
      "knockout": true,
      "odds": {
        "homeReg": 0.48908,
        "homeET": 0.13789,
        "homePen": 0.12003,
        "awayReg": 0.17991,
        "awayET": 0.02293,
        "awayPen": 0.05017
      },
      "base": {
        "homeReg": 0.50236,
        "homeET": 0.14103,
        "homePen": 0.11932,
        "awayReg": 0.1703,
        "awayET": 0.02189,
        "awayPen": 0.0451
      },
      "delta": {
        "homeReg": -0.01328,
        "homeET": -0.00314,
        "homePen": 0.00071,
        "awayReg": 0.00961,
        "awayET": 0.00104,
        "awayPen": 0.00507
      }
    }
  ]
}