{
  "generated": "2026-06-29T18:14:53.153318Z",
  "sims": 1000000,
  "games": [
    {
      "stageCode": "LAST_32",
      "home": "Belgium",
      "away": "Senegal",
      "knockout": true,
      "odds": {
        "homeReg": 0.39481,
        "homeET": 0.10898,
        "homePen": 0.12416,
        "awayReg": 0.24691,
        "awayET": 0.0459,
        "awayPen": 0.07924
      },
      "base": {
        "homeReg": 0.3954,
        "homeET": 0.11028,
        "homePen": 0.1254,
        "awayReg": 0.24616,
        "awayET": 0.04601,
        "awayPen": 0.07674
      },
      "delta": {
        "homeReg": -0.00059,
        "homeET": -0.0013,
        "homePen": -0.00124,
        "awayReg": 0.00075,
        "awayET": -0.00011,
        "awayPen": 0.0025
      }
    },
    {
      "stageCode": "LAST_32",
      "home": "Côte d'Ivoire",
      "away": "Norway",
      "knockout": true,
      "odds": {
        "homeReg": 0.21074,
        "homeET": 0.02828,
        "homePen": 0.05248,
        "awayReg": 0.43927,
        "awayET": 0.13418,
        "awayPen": 0.13505
      },
      "base": {
        "homeReg": 0.22492,
        "homeET": 0.03039,
        "homePen": 0.06085,
        "awayReg": 0.41985,
        "awayET": 0.13017,
        "awayPen": 0.13382
      },
      "delta": {
        "homeReg": -0.01418,
        "homeET": -0.00211,
        "homePen": -0.00837,
        "awayReg": 0.01942,
        "awayET": 0.00401,
        "awayPen": 0.00123
      }
    },
    {
      "stageCode": "LAST_32",
      "home": "England",
      "away": "DR Congo",
      "knockout": true,
      "odds": {
        "homeReg": 0.56177,
        "homeET": 0.14811,
        "homePen": 0.11953,
        "awayReg": 0.12462,
        "awayET": 0.0179,
        "awayPen": 0.02807
      },
      "base": {
        "homeReg": 0.5677,
        "homeET": 0.14883,
        "homePen": 0.11803,
        "awayReg": 0.12187,
        "awayET": 0.01719,
        "awayPen": 0.02638
      },
      "delta": {
        "homeReg": -0.00593,
        "homeET": -0.00072,
        "homePen": 0.0015,
        "awayReg": 0.00275,
        "awayET": 0.00071,
        "awayPen": 0.00169
      }
    },
    {
      "stageCode": "LAST_32",
      "home": "France",
      "away": "Sweden",
      "knockout": true,
      "odds": {
        "homeReg": 0.78389,
        "homeET": 0.12322,
        "homePen": 0.05376,
        "awayReg": 0.03067,
        "awayET": 0.00557,
        "awayPen": 0.00291
      },
      "base": {
        "homeReg": 0.76943,
        "homeET": 0.1282,
        "homePen": 0.058,
        "awayReg": 0.03517,
        "awayET": 0.00587,
        "awayPen": 0.00334
      },
      "delta": {
        "homeReg": 0.01446,
        "homeET": -0.00498,
        "homePen": -0.00424,
        "awayReg": -0.0045,
        "awayET": -0.0003,
        "awayPen": -0.00043
      }
    },
    {
      "stageCode": "LAST_32",
      "home": "Germany",
      "away": "Paraguay",
      "knockout": true,
      "odds": {
        "homeReg": 0.6013,
        "homeET": 0.15096,
        "homePen": 0.11046,
        "awayReg": 0.10345,
        "awayET": 0.01528,
        "awayPen": 0.01854
      },
      "base": {
        "homeReg": 0.58929,
        "homeET": 0.15033,
        "homePen": 0.11239,
        "awayReg": 0.1118,
        "awayET": 0.01578,
        "awayPen": 0.02041
      },
      "delta": {
        "homeReg": 0.01201,
        "homeET": 0.00063,
        "homePen": -0.00193,
        "awayReg": -0.00835,
        "awayET": -0.0005,
        "awayPen": -0.00187
      }
    },
    {
      "stageCode": "LAST_32",
      "home": "Mexico",
      "away": "Ecuador",
      "knockout": true,
      "odds": {
        "homeReg": 0.44713,
        "homeET": 0.1362,
        "homePen": 0.13884,
        "awayReg": 0.19101,
        "awayET": 0.02688,
        "awayPen": 0.05993
      },
      "base": {
        "homeReg": 0.44085,
        "homeET": 0.13067,
        "homePen": 0.13749,
        "awayReg": 0.19651,
        "awayET": 0.02988,
        "awayPen": 0.0646
      },
      "delta": {
        "homeReg": 0.00628,
        "homeET": 0.00553,
        "homePen": 0.00135,
        "awayReg": -0.0055,
        "awayET": -0.003,
        "awayPen": -0.00467
      }
    },
    {
      "stageCode": "LAST_32",
      "home": "Netherlands",
      "away": "Morocco",
      "knockout": true,
      "odds": {
        "homeReg": 0.43282,
        "homeET": 0.12978,
        "homePen": 0.13058,
        "awayReg": 0.21986,
        "awayET": 0.02994,
        "awayPen": 0.05702
      },
      "base": {
        "homeReg": 0.42619,
        "homeET": 0.12737,
        "homePen": 0.12957,
        "awayReg": 0.22439,
        "awayET": 0.03189,
        "awayPen": 0.06057
      },
      "delta": {
        "homeReg": 0.00663,
        "homeET": 0.00241,
        "homePen": 0.00101,
        "awayReg": -0.00453,
        "awayET": -0.00195,
        "awayPen": -0.00355
      }
    },
    {
      "stageCode": "LAST_32",
      "home": "Portugal",
      "away": "Croatia",
      "knockout": true,
      "odds": {
        "homeReg": 0.5147,
        "homeET": 0.14803,
        "homePen": 0.13053,
        "awayReg": 0.15157,
        "awayET": 0.02127,
        "awayPen": 0.0339
      },
      "base": {
        "homeReg": 0.5147,
        "homeET": 0.14803,
        "homePen": 0.13053,
        "awayReg": 0.15157,
        "awayET": 0.02127,
        "awayPen": 0.0339
      },
      "delta": {
        "homeReg": null,
        "homeET": null,
        "homePen": null,
        "awayReg": null,
        "awayET": null,
        "awayPen": null
      }
    },
    {
      "stageCode": "LAST_32",
      "home": "Spain",
      "away": "Austria",
      "knockout": true,
      "odds": {
        "homeReg": 0.64436,
        "homeET": 0.15052,
        "homePen": 0.09911,
        "awayReg": 0.08092,
        "awayET": 0.01249,
        "awayPen": 0.0126
      },
      "base": {
        "homeReg": 0.63223,
        "homeET": 0.14983,
        "homePen": 0.10433,
        "awayReg": 0.08647,
        "awayET": 0.01272,
        "awayPen": 0.01441
      },
      "delta": {
        "homeReg": 0.01213,
        "homeET": 0.00069,
        "homePen": -0.00522,
        "awayReg": -0.00555,
        "awayET": -0.00023,
        "awayPen": -0.00181
      }
    },
    {
      "stageCode": "LAST_32",
      "home": "United States",
      "away": "Bosnia and Herzegovina",
      "knockout": true,
      "odds": {
        "homeReg": 0.48822,
        "homeET": 0.13814,
        "homePen": 0.12155,
        "awayReg": 0.17799,
        "awayET": 0.02329,
        "awayPen": 0.05081
      },
      "base": {
        "homeReg": 0.48867,
        "homeET": 0.13792,
        "homePen": 0.12058,
        "awayReg": 0.1798,
        "awayET": 0.02348,
        "awayPen": 0.04956
      },
      "delta": {
        "homeReg": -0.00045,
        "homeET": 0.00022,
        "homePen": 0.00097,
        "awayReg": -0.00181,
        "awayET": -0.00019,
        "awayPen": 0.00125
      }
    }
  ]
}