{
  "generated": "2026-07-02T23:42:07.998706Z",
  "sims": 1000000,
  "games": [
    {
      "stageCode": "LAST_16",
      "home": "Brazil",
      "away": "Norway",
      "knockout": true,
      "odds": {
        "homeReg": 0.46331,
        "homeET": 0.13048,
        "homePen": 0.09338,
        "awayReg": 0.19621,
        "awayET": 0.02856,
        "awayPen": 0.08805
      },
      "base": {
        "homeReg": 0.45606,
        "homeET": 0.13003,
        "homePen": 0.0951,
        "awayReg": 0.19773,
        "awayET": 0.03043,
        "awayPen": 0.09065
      },
      "delta": {
        "homeReg": 0.00725,
        "homeET": 0.00045,
        "homePen": -0.00172,
        "awayReg": -0.00152,
        "awayET": -0.00187,
        "awayPen": -0.0026
      }
    },
    {
      "stageCode": "LAST_16",
      "home": "Canada",
      "away": "Morocco",
      "knockout": true,
      "odds": {
        "homeReg": 0.16528,
        "homeET": 0.02312,
        "homePen": 0.07976,
        "awayReg": 0.49374,
        "awayET": 0.14449,
        "awayPen": 0.09359
      },
      "base": {
        "homeReg": 0.15807,
        "homeET": 0.023,
        "homePen": 0.07748,
        "awayReg": 0.50557,
        "awayET": 0.14674,
        "awayPen": 0.08915
      },
      "delta": {
        "homeReg": 0.00721,
        "homeET": 0.00012,
        "homePen": 0.00228,
        "awayReg": -0.01183,
        "awayET": -0.00225,
        "awayPen": 0.00444
      }
    },
    {
      "stageCode": "LAST_16",
      "home": "Mexico",
      "away": "England",
      "knockout": true,
      "odds": {
        "homeReg": 0.28091,
        "homeET": 0.06513,
        "homePen": 0.11273,
        "awayReg": 0.3487,
        "awayET": 0.08864,
        "awayPen": 0.10389
      },
      "base": {
        "homeReg": 0.2787,
        "homeET": 0.06499,
        "homePen": 0.11261,
        "awayReg": 0.35059,
        "awayET": 0.09014,
        "awayPen": 0.10297
      },
      "delta": {
        "homeReg": 0.00221,
        "homeET": 0.00014,
        "homePen": 0.00012,
        "awayReg": -0.00189,
        "awayET": -0.0015,
        "awayPen": 0.00092
      }
    },
    {
      "stageCode": "LAST_16",
      "home": "Paraguay",
      "away": "France",
      "knockout": true,
      "odds": {
        "homeReg": 0.03589,
        "homeET": 0.00609,
        "homePen": 0.03021,
        "awayReg": 0.76082,
        "awayET": 0.13035,
        "awayPen": 0.03664
      },
      "base": {
        "homeReg": 0.02897,
        "homeET": 0.00568,
        "homePen": 0.02686,
        "awayReg": 0.78038,
        "awayET": 0.12504,
        "awayPen": 0.03309
      },
      "delta": {
        "homeReg": 0.00692,
        "homeET": 0.00041,
        "homePen": 0.00335,
        "awayReg": -0.01956,
        "awayET": 0.00531,
        "awayPen": 0.00355
      }
    },
    {
      "stageCode": "LAST_16",
      "home": "United States",
      "away": "Belgium",
      "knockout": true,
      "odds": {
        "homeReg": 0.35646,
        "homeET": 0.1027,
        "homePen": 0.10634,
        "awayReg": 0.28029,
        "awayET": 0.05344,
        "awayPen": 0.10077
      },
      "base": {
        "homeReg": 0.36029,
        "homeET": 0.10439,
        "homePen": 0.10551,
        "awayReg": 0.27598,
        "awayET": 0.05147,
        "awayPen": 0.10236
      },
      "delta": {
        "homeReg": -0.00383,
        "homeET": -0.00169,
        "homePen": 0.00083,
        "awayReg": 0.00431,
        "awayET": 0.00197,
        "awayPen": -0.00159
      }
    },
    {
      "stageCode": "LAST_32",
      "home": "Argentina",
      "away": "Cabo Verde",
      "knockout": true,
      "odds": {
        "homeReg": 0.71415,
        "homeET": 0.14162,
        "homePen": 0.04931,
        "awayReg": 0.04945,
        "awayET": 0.00792,
        "awayPen": 0.03757
      },
      "base": {
        "homeReg": 0.71612,
        "homeET": 0.13944,
        "homePen": 0.04912,
        "awayReg": 0.04977,
        "awayET": 0.00791,
        "awayPen": 0.03764
      },
      "delta": {
        "homeReg": -0.00197,
        "homeET": 0.00218,
        "homePen": 0.00019,
        "awayReg": -0.00032,
        "awayET": 1e-05,
        "awayPen": -7e-05
      }
    },
    {
      "stageCode": "LAST_32",
      "home": "Australia",
      "away": "Egypt",
      "knockout": true,
      "odds": {
        "homeReg": 0.29396,
        "homeET": 0.06984,
        "homePen": 0.10663,
        "awayReg": 0.33108,
        "awayET": 0.08356,
        "awayPen": 0.11493
      },
      "base": {
        "homeReg": 0.29339,
        "homeET": 0.06918,
        "homePen": 0.10699,
        "awayReg": 0.33215,
        "awayET": 0.08386,
        "awayPen": 0.11444
      },
      "delta": {
        "homeReg": 0.00057,
        "homeET": 0.00066,
        "homePen": -0.00036,
        "awayReg": -0.00107,
        "awayET": -0.0003,
        "awayPen": 0.00049
      }
    },
    {
      "stageCode": "LAST_32",
      "home": "Colombia",
      "away": "Ghana",
      "knockout": true,
      "odds": {
        "homeReg": 0.49928,
        "homeET": 0.14393,
        "homePen": 0.0977,
        "awayReg": 0.15252,
        "awayET": 0.02251,
        "awayPen": 0.08407
      },
      "base": {
        "homeReg": 0.47423,
        "homeET": 0.14246,
        "homePen": 0.10268,
        "awayReg": 0.16712,
        "awayET": 0.02421,
        "awayPen": 0.0893
      },
      "delta": {
        "homeReg": 0.02505,
        "homeET": 0.00147,
        "homePen": -0.00498,
        "awayReg": -0.0146,
        "awayET": -0.0017,
        "awayPen": -0.00523
      }
    },
    {
      "stageCode": "LAST_32",
      "home": "Switzerland",
      "away": "Algeria",
      "knockout": true,
      "odds": {
        "homeReg": 0.46569,
        "homeET": 0.13784,
        "homePen": 0.09789,
        "awayReg": 0.19157,
        "awayET": 0.02527,
        "awayPen": 0.08174
      },
      "base": {
        "homeReg": 0.42383,
        "homeET": 0.12117,
        "homePen": 0.10495,
        "awayReg": 0.22528,
        "awayET": 0.03741,
        "awayPen": 0.08736
      },
      "delta": {
        "homeReg": 0.04186,
        "homeET": 0.01667,
        "homePen": -0.00706,
        "awayReg": -0.03371,
        "awayET": -0.01214,
        "awayPen": -0.00562
      }
    }
  ]
}