{
  "generated": "2026-07-12T19:41:59.520388Z",
  "sims": 1000000,
  "games": [
    {
      "stageCode": "SEMI_FINALS",
      "home": "England",
      "away": "Argentina",
      "knockout": true,
      "odds": {
        "homeReg": 0.31062,
        "homeET": 0.08513,
        "homePen": 0.10022,
        "awayReg": 0.32949,
        "awayET": 0.06823,
        "awayPen": 0.1063
      },
      "base": {
        "homeReg": 0.30835,
        "homeET": 0.08386,
        "homePen": 0.10003,
        "awayReg": 0.33174,
        "awayET": 0.06962,
        "awayPen": 0.1064
      },
      "delta": {
        "homeReg": 0.00227,
        "homeET": 0.00127,
        "homePen": 0.00019,
        "awayReg": -0.00225,
        "awayET": -0.00139,
        "awayPen": -0.0001
      }
    },
    {
      "stageCode": "SEMI_FINALS",
      "home": "France",
      "away": "Spain",
      "knockout": true,
      "odds": {
        "homeReg": 0.37893,
        "homeET": 0.11024,
        "homePen": 0.11012,
        "awayReg": 0.25374,
        "awayET": 0.04546,
        "awayPen": 0.10152
      },
      "base": {
        "homeReg": 0.37592,
        "homeET": 0.10906,
        "homePen": 0.11083,
        "awayReg": 0.25619,
        "awayET": 0.04655,
        "awayPen": 0.10146
      },
      "delta": {
        "homeReg": 0.00301,
        "homeET": 0.00118,
        "homePen": -0.00071,
        "awayReg": -0.00245,
        "awayET": -0.00109,
        "awayPen": 6e-05
      }
    }
  ]
}