{
  "generated": "2026-06-30T00:13:54.937528Z",
  "sims": 1000000,
  "games": [
    {
      "stageCode": "LAST_32",
      "home": "Belgium",
      "away": "Senegal",
      "knockout": true,
      "odds": {
        "homeReg": 0.39039,
        "homeET": 0.10877,
        "homePen": 0.12358,
        "awayReg": 0.25054,
        "awayET": 0.04764,
        "awayPen": 0.07907
      },
      "base": {
        "homeReg": 0.39675,
        "homeET": 0.11194,
        "homePen": 0.1247,
        "awayReg": 0.24548,
        "awayET": 0.04541,
        "awayPen": 0.07573
      },
      "delta": {
        "homeReg": -0.00636,
        "homeET": -0.00317,
        "homePen": -0.00112,
        "awayReg": 0.00506,
        "awayET": 0.00223,
        "awayPen": 0.00334
      }
    },
    {
      "stageCode": "LAST_32",
      "home": "Côte d'Ivoire",
      "away": "Norway",
      "knockout": true,
      "odds": {
        "homeReg": 0.23015,
        "homeET": 0.03341,
        "homePen": 0.06289,
        "awayReg": 0.41466,
        "awayET": 0.12594,
        "awayPen": 0.13295
      },
      "base": {
        "homeReg": 0.2151,
        "homeET": 0.02851,
        "homePen": 0.05558,
        "awayReg": 0.4342,
        "awayET": 0.13231,
        "awayPen": 0.1343
      },
      "delta": {
        "homeReg": 0.01505,
        "homeET": 0.0049,
        "homePen": 0.00731,
        "awayReg": -0.01954,
        "awayET": -0.00637,
        "awayPen": -0.00135
      }
    },
    {
      "stageCode": "LAST_32",
      "home": "England",
      "away": "DR Congo",
      "knockout": true,
      "odds": {
        "homeReg": 0.55531,
        "homeET": 0.14944,
        "homePen": 0.12029,
        "awayReg": 0.12748,
        "awayET": 0.01756,
        "awayPen": 0.02991
      },
      "base": {
        "homeReg": 0.55612,
        "homeET": 0.14918,
        "homePen": 0.12007,
        "awayReg": 0.12733,
        "awayET": 0.01759,
        "awayPen": 0.02971
      },
      "delta": {
        "homeReg": -0.00081,
        "homeET": 0.00026,
        "homePen": 0.00022,
        "awayReg": 0.00015,
        "awayET": -3e-05,
        "awayPen": 0.0002
      }
    },
    {
      "stageCode": "LAST_32",
      "home": "France",
      "away": "Sweden",
      "knockout": true,
      "odds": {
        "homeReg": 0.74096,
        "homeET": 0.13385,
        "homePen": 0.06703,
        "awayReg": 0.04613,
        "awayET": 0.00704,
        "awayPen": 0.00498
      },
      "base": {
        "homeReg": 0.75079,
        "homeET": 0.13184,
        "homePen": 0.06399,
        "awayReg": 0.04227,
        "awayET": 0.00681,
        "awayPen": 0.0043
      },
      "delta": {
        "homeReg": -0.00983,
        "homeET": 0.00201,
        "homePen": 0.00304,
        "awayReg": 0.00386,
        "awayET": 0.00023,
        "awayPen": 0.00068
      }
    },
    {
      "stageCode": "LAST_32",
      "home": "Mexico",
      "away": "Ecuador",
      "knockout": true,
      "odds": {
        "homeReg": 0.4529,
        "homeET": 0.13545,
        "homePen": 0.13809,
        "awayReg": 0.18899,
        "awayET": 0.02628,
        "awayPen": 0.0583
      },
      "base": {
        "homeReg": 0.45332,
        "homeET": 0.13563,
        "homePen": 0.13782,
        "awayReg": 0.18901,
        "awayET": 0.02626,
        "awayPen": 0.05795
      },
      "delta": {
        "homeReg": -0.00042,
        "homeET": -0.00018,
        "homePen": 0.00027,
        "awayReg": -2e-05,
        "awayET": 2e-05,
        "awayPen": 0.00035
      }
    },
    {
      "stageCode": "LAST_32",
      "home": "Netherlands",
      "away": "Morocco",
      "knockout": true,
      "odds": {
        "homeReg": 0.42831,
        "homeET": 0.12771,
        "homePen": 0.13095,
        "awayReg": 0.22106,
        "awayET": 0.03146,
        "awayPen": 0.06051
      },
      "base": {
        "homeReg": 0.42773,
        "homeET": 0.12739,
        "homePen": 0.13078,
        "awayReg": 0.22179,
        "awayET": 0.0317,
        "awayPen": 0.06061
      },
      "delta": {
        "homeReg": 0.00058,
        "homeET": 0.00032,
        "homePen": 0.00017,
        "awayReg": -0.00073,
        "awayET": -0.00024,
        "awayPen": -0.0001
      }
    },
    {
      "stageCode": "LAST_32",
      "home": "Portugal",
      "away": "Croatia",
      "knockout": true,
      "odds": {
        "homeReg": 0.51439,
        "homeET": 0.14848,
        "homePen": 0.12998,
        "awayReg": 0.15208,
        "awayET": 0.0218,
        "awayPen": 0.03326
      },
      "base": {
        "homeReg": 0.5056,
        "homeET": 0.14666,
        "homePen": 0.13081,
        "awayReg": 0.15837,
        "awayET": 0.02234,
        "awayPen": 0.03624
      },
      "delta": {
        "homeReg": 0.00879,
        "homeET": 0.00182,
        "homePen": -0.00083,
        "awayReg": -0.00629,
        "awayET": -0.00054,
        "awayPen": -0.00298
      }
    },
    {
      "stageCode": "LAST_32",
      "home": "Spain",
      "away": "Austria",
      "knockout": true,
      "odds": {
        "homeReg": 0.62499,
        "homeET": 0.14996,
        "homePen": 0.10623,
        "awayReg": 0.08965,
        "awayET": 0.01363,
        "awayPen": 0.01553
      },
      "base": {
        "homeReg": 0.64594,
        "homeET": 0.14985,
        "homePen": 0.10014,
        "awayReg": 0.07935,
        "awayET": 0.01245,
        "awayPen": 0.01226
      },
      "delta": {
        "homeReg": -0.02095,
        "homeET": 0.00011,
        "homePen": 0.00609,
        "awayReg": 0.0103,
        "awayET": 0.00118,
        "awayPen": 0.00327
      }
    },
    {
      "stageCode": "LAST_32",
      "home": "Switzerland",
      "away": "Algeria",
      "knockout": true,
      "odds": {
        "homeReg": 0.45593,
        "homeET": 0.13583,
        "homePen": 0.12923,
        "awayReg": 0.19945,
        "awayET": 0.02592,
        "awayPen": 0.05366
      },
      "base": {
        "homeReg": 0.48333,
        "homeET": 0.14157,
        "homePen": 0.12924,
        "awayReg": 0.17863,
        "awayET": 0.02423,
        "awayPen": 0.04301
      },
      "delta": {
        "homeReg": -0.0274,
        "homeET": -0.00574,
        "homePen": -1e-05,
        "awayReg": 0.02082,
        "awayET": 0.00169,
        "awayPen": 0.01065
      }
    },
    {
      "stageCode": "LAST_32",
      "home": "United States",
      "away": "Bosnia and Herzegovina",
      "knockout": true,
      "odds": {
        "homeReg": 0.49918,
        "homeET": 0.13949,
        "homePen": 0.11941,
        "awayReg": 0.17333,
        "awayET": 0.02264,
        "awayPen": 0.04594
      },
      "base": {
        "homeReg": 0.49654,
        "homeET": 0.13906,
        "homePen": 0.11968,
        "awayReg": 0.17494,
        "awayET": 0.02279,
        "awayPen": 0.047
      },
      "delta": {
        "homeReg": 0.00264,
        "homeET": 0.00043,
        "homePen": -0.00027,
        "awayReg": -0.00161,
        "awayET": -0.00015,
        "awayPen": -0.00106
      }
    }
  ]
}