{
  "generated": "2026-07-04T23:20:05.018508Z",
  "sims": 1000000,
  "games": [
    {
      "stageCode": "LAST_16",
      "home": "Argentina",
      "away": "Egypt",
      "knockout": true,
      "odds": {
        "homeReg": 0.67631,
        "homeET": 0.14566,
        "homePen": 0.05187,
        "awayReg": 0.06849,
        "awayET": 0.01011,
        "awayPen": 0.04758
      },
      "base": {
        "homeReg": 0.67246,
        "homeET": 0.1462,
        "homePen": 0.05257,
        "awayReg": 0.07004,
        "awayET": 0.01039,
        "awayPen": 0.04834
      },
      "delta": {
        "homeReg": 0.00385,
        "homeET": -0.00054,
        "homePen": -0.0007,
        "awayReg": -0.00155,
        "awayET": -0.00028,
        "awayPen": -0.00076
      }
    },
    {
      "stageCode": "LAST_16",
      "home": "Brazil",
      "away": "Norway",
      "knockout": true,
      "odds": {
        "homeReg": 0.46301,
        "homeET": 0.13173,
        "homePen": 0.09416,
        "awayReg": 0.19499,
        "awayET": 0.0279,
        "awayPen": 0.08822
      },
      "base": {
        "homeReg": 0.46675,
        "homeET": 0.13323,
        "homePen": 0.09383,
        "awayReg": 0.19221,
        "awayET": 0.02658,
        "awayPen": 0.08742
      },
      "delta": {
        "homeReg": -0.00374,
        "homeET": -0.0015,
        "homePen": 0.00033,
        "awayReg": 0.00278,
        "awayET": 0.00132,
        "awayPen": 0.0008
      }
    },
    {
      "stageCode": "LAST_16",
      "home": "Mexico",
      "away": "England",
      "knockout": true,
      "odds": {
        "homeReg": 0.28569,
        "homeET": 0.06743,
        "homePen": 0.11311,
        "awayReg": 0.34618,
        "awayET": 0.08595,
        "awayPen": 0.10164
      },
      "base": {
        "homeReg": 0.28836,
        "homeET": 0.06872,
        "homePen": 0.11307,
        "awayReg": 0.3433,
        "awayET": 0.0846,
        "awayPen": 0.10194
      },
      "delta": {
        "homeReg": -0.00267,
        "homeET": -0.00129,
        "homePen": 4e-05,
        "awayReg": 0.00288,
        "awayET": 0.00135,
        "awayPen": -0.0003
      }
    },
    {
      "stageCode": "LAST_16",
      "home": "Portugal",
      "away": "Spain",
      "knockout": true,
      "odds": {
        "homeReg": 0.25424,
        "homeET": 0.05232,
        "homePen": 0.10461,
        "awayReg": 0.3767,
        "awayET": 0.10209,
        "awayPen": 0.11005
      },
      "base": {
        "homeReg": 0.24777,
        "homeET": 0.04866,
        "homePen": 0.10394,
        "awayReg": 0.38442,
        "awayET": 0.10559,
        "awayPen": 0.10962
      },
      "delta": {
        "homeReg": 0.00647,
        "homeET": 0.00366,
        "homePen": 0.00067,
        "awayReg": -0.00772,
        "awayET": -0.0035,
        "awayPen": 0.00043
      }
    },
    {
      "stageCode": "LAST_16",
      "home": "Switzerland",
      "away": "Colombia",
      "knockout": true,
      "odds": {
        "homeReg": 0.24416,
        "homeET": 0.04213,
        "homePen": 0.10712,
        "awayReg": 0.38486,
        "awayET": 0.117,
        "awayPen": 0.10472
      },
      "base": {
        "homeReg": 0.25026,
        "homeET": 0.04603,
        "homePen": 0.10835,
        "awayReg": 0.37693,
        "awayET": 0.11224,
        "awayPen": 0.10619
      },
      "delta": {
        "homeReg": -0.0061,
        "homeET": -0.0039,
        "homePen": -0.00123,
        "awayReg": 0.00793,
        "awayET": 0.00476,
        "awayPen": -0.00147
      }
    },
    {
      "stageCode": "LAST_16",
      "home": "United States",
      "away": "Belgium",
      "knockout": true,
      "odds": {
        "homeReg": 0.36996,
        "homeET": 0.10863,
        "homePen": 0.10437,
        "awayReg": 0.26841,
        "awayET": 0.04794,
        "awayPen": 0.1007
      },
      "base": {
        "homeReg": 0.36571,
        "homeET": 0.10561,
        "homePen": 0.10459,
        "awayReg": 0.27261,
        "awayET": 0.04997,
        "awayPen": 0.10152
      },
      "delta": {
        "homeReg": 0.00425,
        "homeET": 0.00302,
        "homePen": -0.00022,
        "awayReg": -0.0042,
        "awayET": -0.00203,
        "awayPen": -0.00082
      }
    },
    {
      "stageCode": "QUARTER_FINALS",
      "home": "France",
      "away": "Morocco",
      "knockout": true,
      "odds": {
        "homeReg": 0.5776,
        "homeET": 0.15219,
        "homePen": 0.06839,
        "awayReg": 0.11593,
        "awayET": 0.01733,
        "awayPen": 0.06857
      },
      "base": {
        "homeReg": 0.5776,
        "homeET": 0.15219,
        "homePen": 0.06839,
        "awayReg": 0.11593,
        "awayET": 0.01733,
        "awayPen": 0.06857
      },
      "delta": {
        "homeReg": null,
        "homeET": null,
        "homePen": null,
        "awayReg": null,
        "awayET": null,
        "awayPen": null
      }
    }
  ]
}