{
  "generated": "2026-07-11T19:45:02.126938Z",
  "sims": 1000000,
  "games": [
    {
      "stageCode": "QUARTER_FINALS",
      "home": "Argentina",
      "away": "Switzerland",
      "knockout": true,
      "odds": {
        "homeReg": 0.57062,
        "homeET": 0.14797,
        "homePen": 0.07028,
        "awayReg": 0.12277,
        "awayET": 0.01679,
        "awayPen": 0.07157
      },
      "base": {
        "homeReg": 0.57564,
        "homeET": 0.14749,
        "homePen": 0.06888,
        "awayReg": 0.12054,
        "awayET": 0.01651,
        "awayPen": 0.07095
      },
      "delta": {
        "homeReg": -0.00502,
        "homeET": 0.00048,
        "homePen": 0.0014,
        "awayReg": 0.00223,
        "awayET": 0.00028,
        "awayPen": 0.00062
      }
    },
    {
      "stageCode": "QUARTER_FINALS",
      "home": "Norway",
      "away": "England",
      "knockout": true,
      "odds": {
        "homeReg": 0.21654,
        "homeET": 0.03861,
        "homePen": 0.094,
        "awayReg": 0.43795,
        "awayET": 0.11681,
        "awayPen": 0.09609
      },
      "base": {
        "homeReg": 0.21924,
        "homeET": 0.03988,
        "homePen": 0.09448,
        "awayReg": 0.43444,
        "awayET": 0.11496,
        "awayPen": 0.097
      },
      "delta": {
        "homeReg": -0.0027,
        "homeET": -0.00127,
        "homePen": -0.00048,
        "awayReg": 0.00351,
        "awayET": 0.00185,
        "awayPen": -0.00091
      }
    },
    {
      "stageCode": "SEMI_FINALS",
      "home": "France",
      "away": "Spain",
      "knockout": true,
      "odds": {
        "homeReg": 0.36818,
        "homeET": 0.10687,
        "homePen": 0.10992,
        "awayReg": 0.26319,
        "awayET": 0.04874,
        "awayPen": 0.10308
      },
      "base": {
        "homeReg": 0.36685,
        "homeET": 0.10638,
        "homePen": 0.11,
        "awayReg": 0.26413,
        "awayET": 0.04922,
        "awayPen": 0.10341
      },
      "delta": {
        "homeReg": 0.00133,
        "homeET": 0.00049,
        "homePen": -8e-05,
        "awayReg": -0.00094,
        "awayET": -0.00048,
        "awayPen": -0.00033
      }
    }
  ]
}