{
  "generated": "2026-07-19T15:33:48.073872Z",
  "sims": 1000000,
  "games": [
    {
      "stageCode": "FINAL",
      "home": "Spain",
      "away": "Argentina",
      "knockout": true,
      "odds": {
        "homeReg": 0.38401,
        "homeET": 0.1179,
        "homePen": 0.10407,
        "awayReg": 0.24979,
        "awayET": 0.0399,
        "awayPen": 0.10433
      },
      "base": {
        "homeReg": 0.3817,
        "homeET": 0.1164,
        "homePen": 0.10432,
        "awayReg": 0.25193,
        "awayET": 0.04088,
        "awayPen": 0.10477
      },
      "delta": {
        "homeReg": 0.00231,
        "homeET": 0.0015,
        "homePen": -0.00025,
        "awayReg": -0.00214,
        "awayET": -0.00098,
        "awayPen": -0.00044
      }
    }
  ]
}