{
  "generated": "2026-07-14T21:33:46.420443Z",
  "sims": 1000000,
  "games": [
    {
      "stageCode": "SEMI_FINALS",
      "home": "England",
      "away": "Argentina",
      "knockout": true,
      "odds": {
        "homeReg": 0.31404,
        "homeET": 0.08435,
        "homePen": 0.10096,
        "awayReg": 0.32697,
        "awayET": 0.06581,
        "awayPen": 0.10788
      },
      "base": {
        "homeReg": 0.30822,
        "homeET": 0.08157,
        "homePen": 0.10095,
        "awayReg": 0.33224,
        "awayET": 0.06949,
        "awayPen": 0.10754
      },
      "delta": {
        "homeReg": 0.00582,
        "homeET": 0.00278,
        "homePen": 1e-05,
        "awayReg": -0.00527,
        "awayET": -0.00368,
        "awayPen": 0.00034
      }
    }
  ]
}