{
  "generated": "2026-07-12T10:10:44.373386Z",
  "sims": 1000000,
  "games": [
    {
      "stageCode": "SEMI_FINALS",
      "home": "England",
      "away": "Argentina",
      "knockout": true,
      "odds": {
        "homeReg": 0.30064,
        "homeET": 0.08019,
        "homePen": 0.10022,
        "awayReg": 0.3401,
        "awayET": 0.07314,
        "awayPen": 0.10572
      },
      "base": {
        "homeReg": 0.29823,
        "homeET": 0.07957,
        "homePen": 0.10053,
        "awayReg": 0.34107,
        "awayET": 0.0736,
        "awayPen": 0.107
      },
      "delta": {
        "homeReg": 0.00241,
        "homeET": 0.00062,
        "homePen": -0.00031,
        "awayReg": -0.00097,
        "awayET": -0.00046,
        "awayPen": -0.00128
      }
    },
    {
      "stageCode": "SEMI_FINALS",
      "home": "France",
      "away": "Spain",
      "knockout": true,
      "odds": {
        "homeReg": 0.37716,
        "homeET": 0.10955,
        "homePen": 0.11069,
        "awayReg": 0.25514,
        "awayET": 0.04597,
        "awayPen": 0.10148
      },
      "base": {
        "homeReg": 0.3816,
        "homeET": 0.11177,
        "homePen": 0.10987,
        "awayReg": 0.25124,
        "awayET": 0.04441,
        "awayPen": 0.10112
      },
      "delta": {
        "homeReg": -0.00444,
        "homeET": -0.00222,
        "homePen": 0.00082,
        "awayReg": 0.0039,
        "awayET": 0.00156,
        "awayPen": 0.00036
      }
    }
  ]
}