{
  "generated": "2026-07-03T05:12:12.533138Z",
  "sims": 1000000,
  "games": [
    {
      "stageCode": "LAST_16",
      "home": "Brazil",
      "away": "Norway",
      "knockout": true,
      "odds": {
        "homeReg": 0.45925,
        "homeET": 0.13089,
        "homePen": 0.09479,
        "awayReg": 0.19727,
        "awayET": 0.02934,
        "awayPen": 0.08847
      },
      "base": {
        "homeReg": 0.45857,
        "homeET": 0.13056,
        "homePen": 0.09487,
        "awayReg": 0.19789,
        "awayET": 0.02961,
        "awayPen": 0.0885
      },
      "delta": {
        "homeReg": 0.00068,
        "homeET": 0.00033,
        "homePen": -8e-05,
        "awayReg": -0.00062,
        "awayET": -0.00027,
        "awayPen": -3e-05
      }
    },
    {
      "stageCode": "LAST_16",
      "home": "Canada",
      "away": "Morocco",
      "knockout": true,
      "odds": {
        "homeReg": 0.1783,
        "homeET": 0.02414,
        "homePen": 0.0831,
        "awayReg": 0.47818,
        "awayET": 0.14114,
        "awayPen": 0.09514
      },
      "base": {
        "homeReg": 0.16557,
        "homeET": 0.02271,
        "homePen": 0.07933,
        "awayReg": 0.49677,
        "awayET": 0.14474,
        "awayPen": 0.09089
      },
      "delta": {
        "homeReg": 0.01273,
        "homeET": 0.00143,
        "homePen": 0.00377,
        "awayReg": -0.01859,
        "awayET": -0.0036,
        "awayPen": 0.00425
      }
    },
    {
      "stageCode": "LAST_16",
      "home": "Mexico",
      "away": "England",
      "knockout": true,
      "odds": {
        "homeReg": 0.28027,
        "homeET": 0.06458,
        "homePen": 0.11288,
        "awayReg": 0.34929,
        "awayET": 0.08886,
        "awayPen": 0.10411
      },
      "base": {
        "homeReg": 0.28186,
        "homeET": 0.0652,
        "homePen": 0.11303,
        "awayReg": 0.34779,
        "awayET": 0.08802,
        "awayPen": 0.10352
      },
      "delta": {
        "homeReg": -0.00159,
        "homeET": -0.00062,
        "homePen": -0.00015,
        "awayReg": 0.0015,
        "awayET": 0.00084,
        "awayPen": 0.00059
      }
    },
    {
      "stageCode": "LAST_16",
      "home": "Paraguay",
      "away": "France",
      "knockout": true,
      "odds": {
        "homeReg": 0.03814,
        "homeET": 0.00645,
        "homePen": 0.03109,
        "awayReg": 0.75487,
        "awayET": 0.13157,
        "awayPen": 0.03789
      },
      "base": {
        "homeReg": 0.03102,
        "homeET": 0.0057,
        "homePen": 0.02775,
        "awayReg": 0.77494,
        "awayET": 0.12674,
        "awayPen": 0.03384
      },
      "delta": {
        "homeReg": 0.00712,
        "homeET": 0.00075,
        "homePen": 0.00334,
        "awayReg": -0.02007,
        "awayET": 0.00483,
        "awayPen": 0.00405
      }
    },
    {
      "stageCode": "LAST_16",
      "home": "Portugal",
      "away": "Spain",
      "knockout": true,
      "odds": {
        "homeReg": 0.2671,
        "homeET": 0.0601,
        "homePen": 0.10595,
        "awayReg": 0.3594,
        "awayET": 0.09441,
        "awayPen": 0.11303
      },
      "base": {
        "homeReg": 0.27092,
        "homeET": 0.06207,
        "homePen": 0.10624,
        "awayReg": 0.35502,
        "awayET": 0.0924,
        "awayPen": 0.11336
      },
      "delta": {
        "homeReg": -0.00382,
        "homeET": -0.00197,
        "homePen": -0.00029,
        "awayReg": 0.00438,
        "awayET": 0.00201,
        "awayPen": -0.00033
      }
    },
    {
      "stageCode": "LAST_16",
      "home": "United States",
      "away": "Belgium",
      "knockout": true,
      "odds": {
        "homeReg": 0.34775,
        "homeET": 0.09766,
        "homePen": 0.1067,
        "awayReg": 0.28902,
        "awayET": 0.05738,
        "awayPen": 0.10149
      },
      "base": {
        "homeReg": 0.3449,
        "homeET": 0.09629,
        "homePen": 0.10691,
        "awayReg": 0.29137,
        "awayET": 0.05858,
        "awayPen": 0.10195
      },
      "delta": {
        "homeReg": 0.00285,
        "homeET": 0.00137,
        "homePen": -0.00021,
        "awayReg": -0.00235,
        "awayET": -0.0012,
        "awayPen": -0.00046
      }
    },
    {
      "stageCode": "LAST_32",
      "home": "Argentina",
      "away": "Cabo Verde",
      "knockout": true,
      "odds": {
        "homeReg": 0.73242,
        "homeET": 0.13639,
        "homePen": 0.0458,
        "awayReg": 0.04376,
        "awayET": 0.0072,
        "awayPen": 0.03444
      },
      "base": {
        "homeReg": 0.7142,
        "homeET": 0.14081,
        "homePen": 0.04972,
        "awayReg": 0.05024,
        "awayET": 0.00784,
        "awayPen": 0.03719
      },
      "delta": {
        "homeReg": 0.01822,
        "homeET": -0.00442,
        "homePen": -0.00392,
        "awayReg": -0.00648,
        "awayET": -0.00064,
        "awayPen": -0.00275
      }
    },
    {
      "stageCode": "LAST_32",
      "home": "Australia",
      "away": "Egypt",
      "knockout": true,
      "odds": {
        "homeReg": 0.26456,
        "homeET": 0.05276,
        "homePen": 0.10615,
        "awayReg": 0.36147,
        "awayET": 0.10049,
        "awayPen": 0.11457
      },
      "base": {
        "homeReg": 0.25913,
        "homeET": 0.05006,
        "homePen": 0.10569,
        "awayReg": 0.36744,
        "awayET": 0.10351,
        "awayPen": 0.11417
      },
      "delta": {
        "homeReg": 0.00543,
        "homeET": 0.0027,
        "homePen": 0.00046,
        "awayReg": -0.00597,
        "awayET": -0.00302,
        "awayPen": 0.0004
      }
    },
    {
      "stageCode": "LAST_32",
      "home": "Colombia",
      "away": "Ghana",
      "knockout": true,
      "odds": {
        "homeReg": 0.52004,
        "homeET": 0.14854,
        "homePen": 0.09025,
        "awayReg": 0.14042,
        "awayET": 0.02005,
        "awayPen": 0.0807
      },
      "base": {
        "homeReg": 0.53693,
        "homeET": 0.15113,
        "homePen": 0.08647,
        "awayReg": 0.12946,
        "awayET": 0.01889,
        "awayPen": 0.07712
      },
      "delta": {
        "homeReg": -0.01689,
        "homeET": -0.00259,
        "homePen": 0.00378,
        "awayReg": 0.01096,
        "awayET": 0.00116,
        "awayPen": 0.00358
      }
    }
  ]
}