{
  "generated": "2026-07-19T10:10:24.471113Z",
  "sims": 1000000,
  "games": [
    {
      "stageCode": "FINAL",
      "home": "Spain",
      "away": "Argentina",
      "knockout": true,
      "odds": {
        "homeReg": 0.38959,
        "homeET": 0.12084,
        "homePen": 0.10318,
        "awayReg": 0.24477,
        "awayET": 0.03766,
        "awayPen": 0.10396
      },
      "base": {
        "homeReg": 0.38688,
        "homeET": 0.1198,
        "homePen": 0.10348,
        "awayReg": 0.24726,
        "awayET": 0.03857,
        "awayPen": 0.10401
      },
      "delta": {
        "homeReg": 0.00271,
        "homeET": 0.00104,
        "homePen": -0.0003,
        "awayReg": -0.00249,
        "awayET": -0.00091,
        "awayPen": -5e-05
      }
    }
  ]
}