{
  "generated": "2026-07-05T17:40:36.537423Z",
  "sims": 1000000,
  "games": [
    {
      "stageCode": "LAST_16",
      "home": "Argentina",
      "away": "Egypt",
      "knockout": true,
      "odds": {
        "homeReg": 0.67612,
        "homeET": 0.14569,
        "homePen": 0.05189,
        "awayReg": 0.0685,
        "awayET": 0.01014,
        "awayPen": 0.04766
      },
      "base": {
        "homeReg": 0.68995,
        "homeET": 0.14392,
        "homePen": 0.0486,
        "awayReg": 0.06259,
        "awayET": 0.00979,
        "awayPen": 0.04515
      },
      "delta": {
        "homeReg": -0.01383,
        "homeET": 0.00177,
        "homePen": 0.00329,
        "awayReg": 0.00591,
        "awayET": 0.00035,
        "awayPen": 0.00251
      }
    },
    {
      "stageCode": "LAST_16",
      "home": "Brazil",
      "away": "Norway",
      "knockout": true,
      "odds": {
        "homeReg": 0.47739,
        "homeET": 0.13722,
        "homePen": 0.09155,
        "awayReg": 0.18441,
        "awayET": 0.02436,
        "awayPen": 0.08509
      },
      "base": {
        "homeReg": 0.48296,
        "homeET": 0.13778,
        "homePen": 0.09027,
        "awayReg": 0.18089,
        "awayET": 0.0237,
        "awayPen": 0.0844
      },
      "delta": {
        "homeReg": -0.00557,
        "homeET": -0.00056,
        "homePen": 0.00128,
        "awayReg": 0.00352,
        "awayET": 0.00066,
        "awayPen": 0.00069
      }
    },
    {
      "stageCode": "LAST_16",
      "home": "Mexico",
      "away": "England",
      "knockout": true,
      "odds": {
        "homeReg": 0.28919,
        "homeET": 0.06915,
        "homePen": 0.11307,
        "awayReg": 0.34246,
        "awayET": 0.08431,
        "awayPen": 0.10182
      },
      "base": {
        "homeReg": 0.28147,
        "homeET": 0.0652,
        "homePen": 0.11315,
        "awayReg": 0.3503,
        "awayET": 0.0884,
        "awayPen": 0.10149
      },
      "delta": {
        "homeReg": 0.00772,
        "homeET": 0.00395,
        "homePen": -8e-05,
        "awayReg": -0.00784,
        "awayET": -0.00409,
        "awayPen": 0.00033
      }
    },
    {
      "stageCode": "LAST_16",
      "home": "Portugal",
      "away": "Spain",
      "knockout": true,
      "odds": {
        "homeReg": 0.25037,
        "homeET": 0.05049,
        "homePen": 0.10395,
        "awayReg": 0.38094,
        "awayET": 0.10442,
        "awayPen": 0.10984
      },
      "base": {
        "homeReg": 0.25004,
        "homeET": 0.05024,
        "homePen": 0.10397,
        "awayReg": 0.38135,
        "awayET": 0.10457,
        "awayPen": 0.10978
      },
      "delta": {
        "homeReg": 0.00033,
        "homeET": 0.00025,
        "homePen": -2e-05,
        "awayReg": -0.00041,
        "awayET": -0.00015,
        "awayPen": 6e-05
      }
    },
    {
      "stageCode": "LAST_16",
      "home": "Switzerland",
      "away": "Colombia",
      "knockout": true,
      "odds": {
        "homeReg": 0.23691,
        "homeET": 0.03814,
        "homePen": 0.10542,
        "awayReg": 0.39465,
        "awayET": 0.12108,
        "awayPen": 0.10381
      },
      "base": {
        "homeReg": 0.23743,
        "homeET": 0.03816,
        "homePen": 0.10539,
        "awayReg": 0.39433,
        "awayET": 0.12087,
        "awayPen": 0.10382
      },
      "delta": {
        "homeReg": -0.00052,
        "homeET": -2e-05,
        "homePen": 3e-05,
        "awayReg": 0.00032,
        "awayET": 0.00021,
        "awayPen": -1e-05
      }
    },
    {
      "stageCode": "LAST_16",
      "home": "United States",
      "away": "Belgium",
      "knockout": true,
      "odds": {
        "homeReg": 0.36133,
        "homeET": 0.10258,
        "homePen": 0.1049,
        "awayReg": 0.27713,
        "awayET": 0.05264,
        "awayPen": 0.10142
      },
      "base": {
        "homeReg": 0.36283,
        "homeET": 0.10363,
        "homePen": 0.10495,
        "awayReg": 0.27551,
        "awayET": 0.05165,
        "awayPen": 0.10143
      },
      "delta": {
        "homeReg": -0.0015,
        "homeET": -0.00105,
        "homePen": -5e-05,
        "awayReg": 0.00162,
        "awayET": 0.00099,
        "awayPen": -1e-05
      }
    },
    {
      "stageCode": "QUARTER_FINALS",
      "home": "France",
      "away": "Morocco",
      "knockout": true,
      "odds": {
        "homeReg": 0.57615,
        "homeET": 0.15184,
        "homePen": 0.06897,
        "awayReg": 0.11671,
        "awayET": 0.01741,
        "awayPen": 0.06891
      },
      "base": {
        "homeReg": 0.57763,
        "homeET": 0.15197,
        "homePen": 0.06857,
        "awayReg": 0.11573,
        "awayET": 0.01728,
        "awayPen": 0.06882
      },
      "delta": {
        "homeReg": -0.00148,
        "homeET": -0.00013,
        "homePen": 0.0004,
        "awayReg": 0.00098,
        "awayET": 0.00013,
        "awayPen": 9e-05
      }
    }
  ]
}