{
  "generated": "2026-06-28T21:15:41.306002Z",
  "sims": 1000000,
  "games": [
    {
      "stageCode": "LAST_32",
      "home": "Belgium",
      "away": "Senegal",
      "knockout": true,
      "odds": {
        "homeReg": 0.38692,
        "homeET": 0.10701,
        "homePen": 0.12349,
        "awayReg": 0.25317,
        "awayET": 0.04915,
        "awayPen": 0.08025
      },
      "base": {
        "homeReg": 0.38172,
        "homeET": 0.10427,
        "homePen": 0.12197,
        "awayReg": 0.25773,
        "awayET": 0.05156,
        "awayPen": 0.08274
      },
      "delta": {
        "homeReg": 0.0052,
        "homeET": 0.00274,
        "homePen": 0.00152,
        "awayReg": -0.00456,
        "awayET": -0.00241,
        "awayPen": -0.00249
      }
    },
    {
      "stageCode": "LAST_32",
      "home": "Brazil",
      "away": "Japan",
      "knockout": true,
      "odds": {
        "homeReg": 0.45865,
        "homeET": 0.13556,
        "homePen": 0.13225,
        "awayReg": 0.19406,
        "awayET": 0.02592,
        "awayPen": 0.05357
      },
      "base": {
        "homeReg": 0.45686,
        "homeET": 0.13503,
        "homePen": 0.13189,
        "awayReg": 0.19528,
        "awayET": 0.02625,
        "awayPen": 0.0547
      },
      "delta": {
        "homeReg": 0.00179,
        "homeET": 0.00053,
        "homePen": 0.00036,
        "awayReg": -0.00122,
        "awayET": -0.00033,
        "awayPen": -0.00113
      }
    },
    {
      "stageCode": "LAST_32",
      "home": "Côte d'Ivoire",
      "away": "Norway",
      "knockout": true,
      "odds": {
        "homeReg": 0.22038,
        "homeET": 0.02877,
        "homePen": 0.05826,
        "awayReg": 0.4255,
        "awayET": 0.1328,
        "awayPen": 0.13429
      },
      "base": {
        "homeReg": 0.21294,
        "homeET": 0.02802,
        "homePen": 0.05437,
        "awayReg": 0.4351,
        "awayET": 0.13529,
        "awayPen": 0.13428
      },
      "delta": {
        "homeReg": 0.00744,
        "homeET": 0.00075,
        "homePen": 0.00389,
        "awayReg": -0.0096,
        "awayET": -0.00249,
        "awayPen": 1e-05
      }
    },
    {
      "stageCode": "LAST_32",
      "home": "England",
      "away": "DR Congo",
      "knockout": true,
      "odds": {
        "homeReg": 0.56375,
        "homeET": 0.14825,
        "homePen": 0.11916,
        "awayReg": 0.12407,
        "awayET": 0.01736,
        "awayPen": 0.0274
      },
      "base": {
        "homeReg": 0.57046,
        "homeET": 0.14897,
        "homePen": 0.11801,
        "awayReg": 0.11985,
        "awayET": 0.01708,
        "awayPen": 0.02562
      },
      "delta": {
        "homeReg": -0.00671,
        "homeET": -0.00072,
        "homePen": 0.00115,
        "awayReg": 0.00422,
        "awayET": 0.00028,
        "awayPen": 0.00178
      }
    },
    {
      "stageCode": "LAST_32",
      "home": "France",
      "away": "Sweden",
      "knockout": true,
      "odds": {
        "homeReg": 0.7303,
        "homeET": 0.13635,
        "homePen": 0.07011,
        "awayReg": 0.04983,
        "awayET": 0.00762,
        "awayPen": 0.00579
      },
      "base": {
        "homeReg": 0.74328,
        "homeET": 0.13414,
        "homePen": 0.0662,
        "awayReg": 0.04457,
        "awayET": 0.00708,
        "awayPen": 0.00473
      },
      "delta": {
        "homeReg": -0.01298,
        "homeET": 0.00221,
        "homePen": 0.00391,
        "awayReg": 0.00526,
        "awayET": 0.00054,
        "awayPen": 0.00106
      }
    },
    {
      "stageCode": "LAST_32",
      "home": "Germany",
      "away": "Paraguay",
      "knockout": true,
      "odds": {
        "homeReg": 0.61579,
        "homeET": 0.15039,
        "homePen": 0.1064,
        "awayReg": 0.09699,
        "awayET": 0.01422,
        "awayPen": 0.01621
      },
      "base": {
        "homeReg": 0.60082,
        "homeET": 0.14985,
        "homePen": 0.10977,
        "awayReg": 0.10544,
        "awayET": 0.0153,
        "awayPen": 0.01882
      },
      "delta": {
        "homeReg": 0.01497,
        "homeET": 0.00054,
        "homePen": -0.00337,
        "awayReg": -0.00845,
        "awayET": -0.00108,
        "awayPen": -0.00261
      }
    },
    {
      "stageCode": "LAST_32",
      "home": "Mexico",
      "away": "Ecuador",
      "knockout": true,
      "odds": {
        "homeReg": 0.45611,
        "homeET": 0.13756,
        "homePen": 0.13885,
        "awayReg": 0.18493,
        "awayET": 0.02553,
        "awayPen": 0.05702
      },
      "base": {
        "homeReg": 0.45995,
        "homeET": 0.13812,
        "homePen": 0.1388,
        "awayReg": 0.1818,
        "awayET": 0.0254,
        "awayPen": 0.05595
      },
      "delta": {
        "homeReg": -0.00384,
        "homeET": -0.00056,
        "homePen": 5e-05,
        "awayReg": 0.00313,
        "awayET": 0.00013,
        "awayPen": 0.00107
      }
    },
    {
      "stageCode": "LAST_32",
      "home": "Netherlands",
      "away": "Morocco",
      "knockout": true,
      "odds": {
        "homeReg": 0.43617,
        "homeET": 0.13176,
        "homePen": 0.13043,
        "awayReg": 0.21624,
        "awayET": 0.02809,
        "awayPen": 0.05731
      },
      "base": {
        "homeReg": 0.43665,
        "homeET": 0.13184,
        "homePen": 0.13073,
        "awayReg": 0.21597,
        "awayET": 0.0278,
        "awayPen": 0.05701
      },
      "delta": {
        "homeReg": -0.00048,
        "homeET": -8e-05,
        "homePen": -0.0003,
        "awayReg": 0.00027,
        "awayET": 0.00029,
        "awayPen": 0.0003
      }
    },
    {
      "stageCode": "LAST_32",
      "home": "Spain",
      "away": "Austria",
      "knockout": true,
      "odds": {
        "homeReg": 0.6316,
        "homeET": 0.14982,
        "homePen": 0.10429,
        "awayReg": 0.08693,
        "awayET": 0.01281,
        "awayPen": 0.01456
      },
      "base": {
        "homeReg": 0.63165,
        "homeET": 0.15008,
        "homePen": 0.10443,
        "awayReg": 0.08654,
        "awayET": 0.01282,
        "awayPen": 0.01448
      },
      "delta": {
        "homeReg": -5e-05,
        "homeET": -0.00026,
        "homePen": -0.00014,
        "awayReg": 0.00039,
        "awayET": -1e-05,
        "awayPen": 8e-05
      }
    },
    {
      "stageCode": "LAST_32",
      "home": "United States",
      "away": "Bosnia and Herzegovina",
      "knockout": true,
      "odds": {
        "homeReg": 0.48827,
        "homeET": 0.13794,
        "homePen": 0.12044,
        "awayReg": 0.17998,
        "awayET": 0.02361,
        "awayPen": 0.04977
      },
      "base": {
        "homeReg": 0.48696,
        "homeET": 0.13783,
        "homePen": 0.12076,
        "awayReg": 0.18069,
        "awayET": 0.02353,
        "awayPen": 0.05023
      },
      "delta": {
        "homeReg": 0.00131,
        "homeET": 0.00011,
        "homePen": -0.00032,
        "awayReg": -0.00071,
        "awayET": 8e-05,
        "awayPen": -0.00046
      }
    }
  ]
}