{
  "generated": "2026-06-29T23:48:55.619504Z",
  "sims": 1000000,
  "games": [
    {
      "stageCode": "LAST_32",
      "home": "Belgium",
      "away": "Senegal",
      "knockout": true,
      "odds": {
        "homeReg": 0.39509,
        "homeET": 0.11103,
        "homePen": 0.12455,
        "awayReg": 0.24671,
        "awayET": 0.046,
        "awayPen": 0.07661
      },
      "base": {
        "homeReg": 0.38077,
        "homeET": 0.1035,
        "homePen": 0.12137,
        "awayReg": 0.25829,
        "awayET": 0.05223,
        "awayPen": 0.08383
      },
      "delta": {
        "homeReg": 0.01432,
        "homeET": 0.00753,
        "homePen": 0.00318,
        "awayReg": -0.01158,
        "awayET": -0.00623,
        "awayPen": -0.00722
      }
    },
    {
      "stageCode": "LAST_32",
      "home": "Côte d'Ivoire",
      "away": "Norway",
      "knockout": true,
      "odds": {
        "homeReg": 0.21708,
        "homeET": 0.02881,
        "homePen": 0.05682,
        "awayReg": 0.43134,
        "awayET": 0.13148,
        "awayPen": 0.13447
      },
      "base": {
        "homeReg": 0.21124,
        "homeET": 0.02858,
        "homePen": 0.05341,
        "awayReg": 0.4385,
        "awayET": 0.1334,
        "awayPen": 0.13487
      },
      "delta": {
        "homeReg": 0.00584,
        "homeET": 0.00023,
        "homePen": 0.00341,
        "awayReg": -0.00716,
        "awayET": -0.00192,
        "awayPen": -0.0004
      }
    },
    {
      "stageCode": "LAST_32",
      "home": "England",
      "away": "DR Congo",
      "knockout": true,
      "odds": {
        "homeReg": 0.55931,
        "homeET": 0.14922,
        "homePen": 0.11979,
        "awayReg": 0.1253,
        "awayET": 0.01743,
        "awayPen": 0.02894
      },
      "base": {
        "homeReg": 0.56624,
        "homeET": 0.14932,
        "homePen": 0.11843,
        "awayReg": 0.12141,
        "awayET": 0.01718,
        "awayPen": 0.02742
      },
      "delta": {
        "homeReg": -0.00693,
        "homeET": -0.0001,
        "homePen": 0.00136,
        "awayReg": 0.00389,
        "awayET": 0.00025,
        "awayPen": 0.00152
      }
    },
    {
      "stageCode": "LAST_32",
      "home": "France",
      "away": "Sweden",
      "knockout": true,
      "odds": {
        "homeReg": 0.75077,
        "homeET": 0.13187,
        "homePen": 0.06399,
        "awayReg": 0.04226,
        "awayET": 0.00681,
        "awayPen": 0.0043
      },
      "base": {
        "homeReg": 0.75152,
        "homeET": 0.13151,
        "homePen": 0.06393,
        "awayReg": 0.04201,
        "awayET": 0.00677,
        "awayPen": 0.00426
      },
      "delta": {
        "homeReg": -0.00075,
        "homeET": 0.00036,
        "homePen": 6e-05,
        "awayReg": 0.00025,
        "awayET": 4e-05,
        "awayPen": 4e-05
      }
    },
    {
      "stageCode": "LAST_32",
      "home": "Mexico",
      "away": "Ecuador",
      "knockout": true,
      "odds": {
        "homeReg": 0.4565,
        "homeET": 0.1362,
        "homePen": 0.13795,
        "awayReg": 0.18703,
        "awayET": 0.0259,
        "awayPen": 0.05641
      },
      "base": {
        "homeReg": 0.44856,
        "homeET": 0.13342,
        "homePen": 0.13764,
        "awayReg": 0.1931,
        "awayET": 0.02724,
        "awayPen": 0.06003
      },
      "delta": {
        "homeReg": 0.00794,
        "homeET": 0.00278,
        "homePen": 0.00031,
        "awayReg": -0.00607,
        "awayET": -0.00134,
        "awayPen": -0.00362
      }
    },
    {
      "stageCode": "LAST_32",
      "home": "Netherlands",
      "away": "Morocco",
      "knockout": true,
      "odds": {
        "homeReg": 0.42639,
        "homeET": 0.12635,
        "homePen": 0.13025,
        "awayReg": 0.22332,
        "awayET": 0.03227,
        "awayPen": 0.06143
      },
      "base": {
        "homeReg": 0.43253,
        "homeET": 0.12937,
        "homePen": 0.13144,
        "awayReg": 0.21794,
        "awayET": 0.02971,
        "awayPen": 0.05901
      },
      "delta": {
        "homeReg": -0.00614,
        "homeET": -0.00302,
        "homePen": -0.00119,
        "awayReg": 0.00538,
        "awayET": 0.00256,
        "awayPen": 0.00242
      }
    },
    {
      "stageCode": "LAST_32",
      "home": "Portugal",
      "away": "Croatia",
      "knockout": true,
      "odds": {
        "homeReg": 0.51726,
        "homeET": 0.14863,
        "homePen": 0.12996,
        "awayReg": 0.15026,
        "awayET": 0.02157,
        "awayPen": 0.03232
      },
      "base": {
        "homeReg": 0.52146,
        "homeET": 0.14952,
        "homePen": 0.12932,
        "awayReg": 0.14749,
        "awayET": 0.02118,
        "awayPen": 0.03103
      },
      "delta": {
        "homeReg": -0.0042,
        "homeET": -0.00089,
        "homePen": 0.00064,
        "awayReg": 0.00277,
        "awayET": 0.00039,
        "awayPen": 0.00129
      }
    },
    {
      "stageCode": "LAST_32",
      "home": "Spain",
      "away": "Austria",
      "knockout": true,
      "odds": {
        "homeReg": 0.63005,
        "homeET": 0.14972,
        "homePen": 0.10461,
        "awayReg": 0.08766,
        "awayET": 0.01321,
        "awayPen": 0.01474
      },
      "base": {
        "homeReg": 0.63433,
        "homeET": 0.15041,
        "homePen": 0.10303,
        "awayReg": 0.08513,
        "awayET": 0.01303,
        "awayPen": 0.01406
      },
      "delta": {
        "homeReg": -0.00428,
        "homeET": -0.00069,
        "homePen": 0.00158,
        "awayReg": 0.00253,
        "awayET": 0.00018,
        "awayPen": 0.00068
      }
    },
    {
      "stageCode": "LAST_32",
      "home": "Switzerland",
      "away": "Algeria",
      "knockout": true,
      "odds": {
        "homeReg": 0.47552,
        "homeET": 0.14,
        "homePen": 0.1292,
        "awayReg": 0.18452,
        "awayET": 0.02498,
        "awayPen": 0.0458
      },
      "base": {
        "homeReg": 0.47519,
        "homeET": 0.13992,
        "homePen": 0.12932,
        "awayReg": 0.18468,
        "awayET": 0.02501,
        "awayPen": 0.04587
      },
      "delta": {
        "homeReg": 0.00033,
        "homeET": 8e-05,
        "homePen": -0.00012,
        "awayReg": -0.00016,
        "awayET": -3e-05,
        "awayPen": -7e-05
      }
    },
    {
      "stageCode": "LAST_32",
      "home": "United States",
      "away": "Bosnia and Herzegovina",
      "knockout": true,
      "odds": {
        "homeReg": 0.48841,
        "homeET": 0.13818,
        "homePen": 0.12001,
        "awayReg": 0.18021,
        "awayET": 0.02343,
        "awayPen": 0.04976
      },
      "base": {
        "homeReg": 0.49705,
        "homeET": 0.13909,
        "homePen": 0.11965,
        "awayReg": 0.1746,
        "awayET": 0.02275,
        "awayPen": 0.04686
      },
      "delta": {
        "homeReg": -0.00864,
        "homeET": -0.00091,
        "homePen": 0.00036,
        "awayReg": 0.00561,
        "awayET": 0.00068,
        "awayPen": 0.0029
      }
    }
  ]
}