{
  "generated": "2026-07-19T14:04:14.853124Z",
  "sims": 1000000,
  "games": [
    {
      "stageCode": "FINAL",
      "home": "Spain",
      "away": "Argentina",
      "knockout": true,
      "odds": {
        "homeReg": 0.3817,
        "homeET": 0.1164,
        "homePen": 0.10432,
        "awayReg": 0.25193,
        "awayET": 0.04088,
        "awayPen": 0.10477
      },
      "base": {
        "homeReg": 0.38898,
        "homeET": 0.12034,
        "homePen": 0.10339,
        "awayReg": 0.24533,
        "awayET": 0.03788,
        "awayPen": 0.10408
      },
      "delta": {
        "homeReg": -0.00728,
        "homeET": -0.00394,
        "homePen": 0.00093,
        "awayReg": 0.0066,
        "awayET": 0.003,
        "awayPen": 0.00069
      }
    }
  ]
}