{
  "generated": "2026-07-11T23:31:15.150227Z",
  "sims": 1000000,
  "games": [
    {
      "stageCode": "LAST_16",
      "home": "Mexico",
      "away": "England",
      "knockout": true,
      "odds": {
        "homeReg": 0.09479,
        "homeET": 0.01597,
        "homePen": 0.06667,
        "awayReg": 0.60797,
        "awayET": 0.15371,
        "awayPen": 0.06089
      },
      "base": {
        "homeReg": 0.11441,
        "homeET": 0.01798,
        "homePen": 0.07383,
        "awayReg": 0.57471,
        "awayET": 0.15232,
        "awayPen": 0.06674
      },
      "delta": {
        "homeReg": -0.01962,
        "homeET": -0.00201,
        "homePen": -0.00716,
        "awayReg": 0.03326,
        "awayET": 0.00139,
        "awayPen": -0.00585
      }
    },
    {
      "stageCode": "QUARTER_FINALS",
      "home": "Argentina",
      "away": "Switzerland",
      "knockout": true,
      "odds": {
        "homeReg": 0.56232,
        "homeET": 0.14764,
        "homePen": 0.07168,
        "awayReg": 0.12654,
        "awayET": 0.01793,
        "awayPen": 0.07389
      },
      "base": {
        "homeReg": 0.56664,
        "homeET": 0.14811,
        "homePen": 0.07034,
        "awayReg": 0.12418,
        "awayET": 0.01746,
        "awayPen": 0.07326
      },
      "delta": {
        "homeReg": -0.00432,
        "homeET": -0.00047,
        "homePen": 0.00134,
        "awayReg": 0.00236,
        "awayET": 0.00047,
        "awayPen": 0.00063
      }
    },
    {
      "stageCode": "SEMI_FINALS",
      "home": "France",
      "away": "Spain",
      "knockout": true,
      "odds": {
        "homeReg": 0.37419,
        "homeET": 0.10815,
        "homePen": 0.10958,
        "awayReg": 0.25896,
        "awayET": 0.04754,
        "awayPen": 0.10158
      },
      "base": {
        "homeReg": 0.36878,
        "homeET": 0.1058,
        "homePen": 0.11027,
        "awayReg": 0.26328,
        "awayET": 0.04988,
        "awayPen": 0.102
      },
      "delta": {
        "homeReg": 0.00541,
        "homeET": 0.00235,
        "homePen": -0.00069,
        "awayReg": -0.00432,
        "awayET": -0.00234,
        "awayPen": -0.00042
      }
    }
  ]
}