{
  "generated": "2026-06-30T00:06:17.123612Z",
  "sims": 1000000,
  "games": [
    {
      "stageCode": "LAST_32",
      "home": "Belgium",
      "away": "Senegal",
      "knockout": true,
      "odds": {
        "homeReg": 0.39675,
        "homeET": 0.11194,
        "homePen": 0.1247,
        "awayReg": 0.24548,
        "awayET": 0.04541,
        "awayPen": 0.07573
      },
      "base": {
        "homeReg": 0.39509,
        "homeET": 0.11103,
        "homePen": 0.12455,
        "awayReg": 0.24671,
        "awayET": 0.046,
        "awayPen": 0.07661
      },
      "delta": {
        "homeReg": 0.00166,
        "homeET": 0.00091,
        "homePen": 0.00015,
        "awayReg": -0.00123,
        "awayET": -0.00059,
        "awayPen": -0.00088
      }
    },
    {
      "stageCode": "LAST_32",
      "home": "Côte d'Ivoire",
      "away": "Norway",
      "knockout": true,
      "odds": {
        "homeReg": 0.2151,
        "homeET": 0.02851,
        "homePen": 0.05558,
        "awayReg": 0.4342,
        "awayET": 0.13231,
        "awayPen": 0.1343
      },
      "base": {
        "homeReg": 0.21708,
        "homeET": 0.02881,
        "homePen": 0.05682,
        "awayReg": 0.43134,
        "awayET": 0.13148,
        "awayPen": 0.13447
      },
      "delta": {
        "homeReg": -0.00198,
        "homeET": -0.0003,
        "homePen": -0.00124,
        "awayReg": 0.00286,
        "awayET": 0.00083,
        "awayPen": -0.00017
      }
    },
    {
      "stageCode": "LAST_32",
      "home": "England",
      "away": "DR Congo",
      "knockout": true,
      "odds": {
        "homeReg": 0.55612,
        "homeET": 0.14918,
        "homePen": 0.12007,
        "awayReg": 0.12733,
        "awayET": 0.01759,
        "awayPen": 0.02971
      },
      "base": {
        "homeReg": 0.55931,
        "homeET": 0.14922,
        "homePen": 0.11979,
        "awayReg": 0.1253,
        "awayET": 0.01743,
        "awayPen": 0.02894
      },
      "delta": {
        "homeReg": -0.00319,
        "homeET": -4e-05,
        "homePen": 0.00028,
        "awayReg": 0.00203,
        "awayET": 0.00016,
        "awayPen": 0.00077
      }
    },
    {
      "stageCode": "LAST_32",
      "home": "France",
      "away": "Sweden",
      "knockout": true,
      "odds": {
        "homeReg": 0.75079,
        "homeET": 0.13184,
        "homePen": 0.06399,
        "awayReg": 0.04227,
        "awayET": 0.00681,
        "awayPen": 0.0043
      },
      "base": {
        "homeReg": 0.75077,
        "homeET": 0.13187,
        "homePen": 0.06393,
        "awayReg": 0.04226,
        "awayET": 0.00677,
        "awayPen": 0.00426
      },
      "delta": {
        "homeReg": 2e-05,
        "homeET": -3e-05,
        "homePen": 6e-05,
        "awayReg": 1e-05,
        "awayET": 4e-05,
        "awayPen": 4e-05
      }
    },
    {
      "stageCode": "LAST_32",
      "home": "Mexico",
      "away": "Ecuador",
      "knockout": true,
      "odds": {
        "homeReg": 0.45332,
        "homeET": 0.13563,
        "homePen": 0.13782,
        "awayReg": 0.18901,
        "awayET": 0.02626,
        "awayPen": 0.05795
      },
      "base": {
        "homeReg": 0.4565,
        "homeET": 0.1362,
        "homePen": 0.13795,
        "awayReg": 0.18703,
        "awayET": 0.0259,
        "awayPen": 0.05641
      },
      "delta": {
        "homeReg": -0.00318,
        "homeET": -0.00057,
        "homePen": -0.00013,
        "awayReg": 0.00198,
        "awayET": 0.00036,
        "awayPen": 0.00154
      }
    },
    {
      "stageCode": "LAST_32",
      "home": "Netherlands",
      "away": "Morocco",
      "knockout": true,
      "odds": {
        "homeReg": 0.42773,
        "homeET": 0.12739,
        "homePen": 0.13078,
        "awayReg": 0.22179,
        "awayET": 0.0317,
        "awayPen": 0.06061
      },
      "base": {
        "homeReg": 0.42639,
        "homeET": 0.12635,
        "homePen": 0.13025,
        "awayReg": 0.22332,
        "awayET": 0.03227,
        "awayPen": 0.06143
      },
      "delta": {
        "homeReg": 0.00134,
        "homeET": 0.00104,
        "homePen": 0.00053,
        "awayReg": -0.00153,
        "awayET": -0.00057,
        "awayPen": -0.00082
      }
    },
    {
      "stageCode": "LAST_32",
      "home": "Portugal",
      "away": "Croatia",
      "knockout": true,
      "odds": {
        "homeReg": 0.5056,
        "homeET": 0.14666,
        "homePen": 0.13081,
        "awayReg": 0.15837,
        "awayET": 0.02234,
        "awayPen": 0.03624
      },
      "base": {
        "homeReg": 0.51726,
        "homeET": 0.14863,
        "homePen": 0.12996,
        "awayReg": 0.15026,
        "awayET": 0.02157,
        "awayPen": 0.03232
      },
      "delta": {
        "homeReg": -0.01166,
        "homeET": -0.00197,
        "homePen": 0.00085,
        "awayReg": 0.00811,
        "awayET": 0.00077,
        "awayPen": 0.00392
      }
    },
    {
      "stageCode": "LAST_32",
      "home": "Spain",
      "away": "Austria",
      "knockout": true,
      "odds": {
        "homeReg": 0.64594,
        "homeET": 0.14985,
        "homePen": 0.10014,
        "awayReg": 0.07935,
        "awayET": 0.01245,
        "awayPen": 0.01226
      },
      "base": {
        "homeReg": 0.63005,
        "homeET": 0.14972,
        "homePen": 0.10461,
        "awayReg": 0.08766,
        "awayET": 0.01321,
        "awayPen": 0.01474
      },
      "delta": {
        "homeReg": 0.01589,
        "homeET": 0.00013,
        "homePen": -0.00447,
        "awayReg": -0.00831,
        "awayET": -0.00076,
        "awayPen": -0.00248
      }
    },
    {
      "stageCode": "LAST_32",
      "home": "Switzerland",
      "away": "Algeria",
      "knockout": true,
      "odds": {
        "homeReg": 0.48333,
        "homeET": 0.14157,
        "homePen": 0.12924,
        "awayReg": 0.17863,
        "awayET": 0.02423,
        "awayPen": 0.04301
      },
      "base": {
        "homeReg": 0.47552,
        "homeET": 0.14,
        "homePen": 0.1292,
        "awayReg": 0.18452,
        "awayET": 0.02498,
        "awayPen": 0.0458
      },
      "delta": {
        "homeReg": 0.00781,
        "homeET": 0.00157,
        "homePen": 4e-05,
        "awayReg": -0.00589,
        "awayET": -0.00075,
        "awayPen": -0.00279
      }
    },
    {
      "stageCode": "LAST_32",
      "home": "United States",
      "away": "Bosnia and Herzegovina",
      "knockout": true,
      "odds": {
        "homeReg": 0.49654,
        "homeET": 0.13906,
        "homePen": 0.11968,
        "awayReg": 0.17494,
        "awayET": 0.02279,
        "awayPen": 0.047
      },
      "base": {
        "homeReg": 0.48841,
        "homeET": 0.13818,
        "homePen": 0.12001,
        "awayReg": 0.18021,
        "awayET": 0.02343,
        "awayPen": 0.04976
      },
      "delta": {
        "homeReg": 0.00813,
        "homeET": 0.00088,
        "homePen": -0.00033,
        "awayReg": -0.00527,
        "awayET": -0.00064,
        "awayPen": -0.00276
      }
    }
  ]
}