{
  "generated": "2026-07-02T12:31:42.243947Z",
  "sims": 1000000,
  "games": [
    {
      "stageCode": "LAST_16",
      "home": "Brazil",
      "away": "Norway",
      "knockout": true,
      "odds": {
        "homeReg": 0.46368,
        "homeET": 0.13254,
        "homePen": 0.09413,
        "awayReg": 0.1944,
        "awayET": 0.02769,
        "awayPen": 0.08756
      },
      "base": {
        "homeReg": 0.45872,
        "homeET": 0.13006,
        "homePen": 0.09492,
        "awayReg": 0.19828,
        "awayET": 0.02948,
        "awayPen": 0.08855
      },
      "delta": {
        "homeReg": 0.00496,
        "homeET": 0.00248,
        "homePen": -0.00079,
        "awayReg": -0.00388,
        "awayET": -0.00179,
        "awayPen": -0.00099
      }
    },
    {
      "stageCode": "LAST_16",
      "home": "Canada",
      "away": "Morocco",
      "knockout": true,
      "odds": {
        "homeReg": 0.16173,
        "homeET": 0.02321,
        "homePen": 0.07807,
        "awayReg": 0.50131,
        "awayET": 0.14502,
        "awayPen": 0.09065
      },
      "base": {
        "homeReg": 0.17186,
        "homeET": 0.02392,
        "homePen": 0.0805,
        "awayReg": 0.48758,
        "awayET": 0.14278,
        "awayPen": 0.09336
      },
      "delta": {
        "homeReg": -0.01013,
        "homeET": -0.00071,
        "homePen": -0.00243,
        "awayReg": 0.01373,
        "awayET": 0.00224,
        "awayPen": -0.00271
      }
    },
    {
      "stageCode": "LAST_16",
      "home": "Mexico",
      "away": "England",
      "knockout": true,
      "odds": {
        "homeReg": 0.27921,
        "homeET": 0.06498,
        "homePen": 0.11248,
        "awayReg": 0.35043,
        "awayET": 0.08945,
        "awayPen": 0.10345
      },
      "base": {
        "homeReg": 0.27602,
        "homeET": 0.06343,
        "homePen": 0.11232,
        "awayReg": 0.35403,
        "awayET": 0.0914,
        "awayPen": 0.10281
      },
      "delta": {
        "homeReg": 0.00319,
        "homeET": 0.00155,
        "homePen": 0.00016,
        "awayReg": -0.0036,
        "awayET": -0.00195,
        "awayPen": 0.00064
      }
    },
    {
      "stageCode": "LAST_16",
      "home": "Paraguay",
      "away": "France",
      "knockout": true,
      "odds": {
        "homeReg": 0.03752,
        "homeET": 0.00645,
        "homePen": 0.03136,
        "awayReg": 0.75392,
        "awayET": 0.13278,
        "awayPen": 0.03797
      },
      "base": {
        "homeReg": 0.04218,
        "homeET": 0.00722,
        "homePen": 0.03295,
        "awayReg": 0.74215,
        "awayET": 0.13514,
        "awayPen": 0.04036
      },
      "delta": {
        "homeReg": -0.00466,
        "homeET": -0.00077,
        "homePen": -0.00159,
        "awayReg": 0.01177,
        "awayET": -0.00236,
        "awayPen": -0.00239
      }
    },
    {
      "stageCode": "LAST_16",
      "home": "United States",
      "away": "Belgium",
      "knockout": true,
      "odds": {
        "homeReg": 0.35841,
        "homeET": 0.10333,
        "homePen": 0.10555,
        "awayReg": 0.27865,
        "awayET": 0.05326,
        "awayPen": 0.10078
      },
      "base": {
        "homeReg": 0.35901,
        "homeET": 0.10358,
        "homePen": 0.10529,
        "awayReg": 0.27813,
        "awayET": 0.0531,
        "awayPen": 0.1009
      },
      "delta": {
        "homeReg": -0.0006,
        "homeET": -0.00025,
        "homePen": 0.00026,
        "awayReg": 0.00052,
        "awayET": 0.00016,
        "awayPen": -0.00012
      }
    },
    {
      "stageCode": "LAST_32",
      "home": "Argentina",
      "away": "Cabo Verde",
      "knockout": true,
      "odds": {
        "homeReg": 0.71808,
        "homeET": 0.1402,
        "homePen": 0.04958,
        "awayReg": 0.04798,
        "awayET": 0.00792,
        "awayPen": 0.03624
      },
      "base": {
        "homeReg": 0.70869,
        "homeET": 0.1416,
        "homePen": 0.05155,
        "awayReg": 0.05131,
        "awayET": 0.00848,
        "awayPen": 0.03837
      },
      "delta": {
        "homeReg": 0.00939,
        "homeET": -0.0014,
        "homePen": -0.00197,
        "awayReg": -0.00333,
        "awayET": -0.00056,
        "awayPen": -0.00213
      }
    },
    {
      "stageCode": "LAST_32",
      "home": "Australia",
      "away": "Egypt",
      "knockout": true,
      "odds": {
        "homeReg": 0.3105,
        "homeET": 0.07855,
        "homePen": 0.10845,
        "awayReg": 0.31267,
        "awayET": 0.07487,
        "awayPen": 0.11495
      },
      "base": {
        "homeReg": 0.28031,
        "homeET": 0.06142,
        "homePen": 0.10762,
        "awayReg": 0.34373,
        "awayET": 0.09159,
        "awayPen": 0.11533
      },
      "delta": {
        "homeReg": 0.03019,
        "homeET": 0.01713,
        "homePen": 0.00083,
        "awayReg": -0.03106,
        "awayET": -0.01672,
        "awayPen": -0.00038
      }
    },
    {
      "stageCode": "LAST_32",
      "home": "Colombia",
      "away": "Ghana",
      "knockout": true,
      "odds": {
        "homeReg": 0.54807,
        "homeET": 0.15196,
        "homePen": 0.08437,
        "awayReg": 0.12194,
        "awayET": 0.01853,
        "awayPen": 0.07513
      },
      "base": {
        "homeReg": 0.52224,
        "homeET": 0.14914,
        "homePen": 0.09052,
        "awayReg": 0.13757,
        "awayET": 0.02062,
        "awayPen": 0.07991
      },
      "delta": {
        "homeReg": 0.02583,
        "homeET": 0.00282,
        "homePen": -0.00615,
        "awayReg": -0.01563,
        "awayET": -0.00209,
        "awayPen": -0.00478
      }
    },
    {
      "stageCode": "LAST_32",
      "home": "Portugal",
      "away": "Croatia",
      "knockout": true,
      "odds": {
        "homeReg": 0.5283,
        "homeET": 0.14886,
        "homePen": 0.08106,
        "awayReg": 0.14352,
        "awayET": 0.021,
        "awayPen": 0.07726
      },
      "base": {
        "homeReg": 0.51396,
        "homeET": 0.14669,
        "homePen": 0.08433,
        "awayReg": 0.15319,
        "awayET": 0.02186,
        "awayPen": 0.07997
      },
      "delta": {
        "homeReg": 0.01434,
        "homeET": 0.00217,
        "homePen": -0.00327,
        "awayReg": -0.00967,
        "awayET": -0.00086,
        "awayPen": -0.00271
      }
    },
    {
      "stageCode": "LAST_32",
      "home": "Spain",
      "away": "Austria",
      "knockout": true,
      "odds": {
        "homeReg": 0.64641,
        "homeET": 0.14929,
        "homePen": 0.06087,
        "awayReg": 0.07927,
        "awayET": 0.01235,
        "awayPen": 0.0518
      },
      "base": {
        "homeReg": 0.67165,
        "homeET": 0.14708,
        "homePen": 0.05573,
        "awayReg": 0.06757,
        "awayET": 0.01089,
        "awayPen": 0.04709
      },
      "delta": {
        "homeReg": -0.02524,
        "homeET": 0.00221,
        "homePen": 0.00514,
        "awayReg": 0.0117,
        "awayET": 0.00146,
        "awayPen": 0.00471
      }
    },
    {
      "stageCode": "LAST_32",
      "home": "Switzerland",
      "away": "Algeria",
      "knockout": true,
      "odds": {
        "homeReg": 0.44458,
        "homeET": 0.1307,
        "homePen": 0.10211,
        "awayReg": 0.20839,
        "awayET": 0.02871,
        "awayPen": 0.08551
      },
      "base": {
        "homeReg": 0.45411,
        "homeET": 0.13494,
        "homePen": 0.09975,
        "awayReg": 0.20119,
        "awayET": 0.02608,
        "awayPen": 0.08393
      },
      "delta": {
        "homeReg": -0.00953,
        "homeET": -0.00424,
        "homePen": 0.00236,
        "awayReg": 0.0072,
        "awayET": 0.00263,
        "awayPen": 0.00158
      }
    }
  ]
}