{
  "generated": "2026-07-12T11:40:52.857749Z",
  "sims": 1000000,
  "games": [
    {
      "stageCode": "SEMI_FINALS",
      "home": "England",
      "away": "Argentina",
      "knockout": true,
      "odds": {
        "homeReg": 0.30401,
        "homeET": 0.08146,
        "homePen": 0.10034,
        "awayReg": 0.33692,
        "awayET": 0.07172,
        "awayPen": 0.10553
      },
      "base": {
        "homeReg": 0.30064,
        "homeET": 0.08019,
        "homePen": 0.10022,
        "awayReg": 0.3401,
        "awayET": 0.07314,
        "awayPen": 0.10572
      },
      "delta": {
        "homeReg": 0.00337,
        "homeET": 0.00127,
        "homePen": 0.00012,
        "awayReg": -0.00318,
        "awayET": -0.00142,
        "awayPen": -0.00019
      }
    },
    {
      "stageCode": "SEMI_FINALS",
      "home": "France",
      "away": "Spain",
      "knockout": true,
      "odds": {
        "homeReg": 0.38015,
        "homeET": 0.11107,
        "homePen": 0.1102,
        "awayReg": 0.25243,
        "awayET": 0.04484,
        "awayPen": 0.10132
      },
      "base": {
        "homeReg": 0.37716,
        "homeET": 0.10955,
        "homePen": 0.11069,
        "awayReg": 0.25514,
        "awayET": 0.04597,
        "awayPen": 0.10148
      },
      "delta": {
        "homeReg": 0.00299,
        "homeET": 0.00152,
        "homePen": -0.00049,
        "awayReg": -0.00271,
        "awayET": -0.00113,
        "awayPen": -0.00016
      }
    }
  ]
}