{
  "generated": "2026-07-11T23:56:36.640134Z",
  "sims": 1000000,
  "games": [
    {
      "stageCode": "LAST_16",
      "home": "Mexico",
      "away": "England",
      "knockout": true,
      "odds": {
        "homeReg": 0.09932,
        "homeET": 0.01664,
        "homePen": 0.06859,
        "awayReg": 0.59953,
        "awayET": 0.15379,
        "awayPen": 0.06213
      },
      "base": {
        "homeReg": 0.09479,
        "homeET": 0.01597,
        "homePen": 0.06667,
        "awayReg": 0.60797,
        "awayET": 0.15371,
        "awayPen": 0.06089
      },
      "delta": {
        "homeReg": 0.00453,
        "homeET": 0.00067,
        "homePen": 0.00192,
        "awayReg": -0.00844,
        "awayET": 8e-05,
        "awayPen": 0.00124
      }
    },
    {
      "stageCode": "QUARTER_FINALS",
      "home": "Argentina",
      "away": "Switzerland",
      "knockout": true,
      "odds": {
        "homeReg": 0.5648,
        "homeET": 0.14779,
        "homePen": 0.07101,
        "awayReg": 0.12514,
        "awayET": 0.01763,
        "awayPen": 0.07362
      },
      "base": {
        "homeReg": 0.56232,
        "homeET": 0.14764,
        "homePen": 0.07168,
        "awayReg": 0.12654,
        "awayET": 0.01793,
        "awayPen": 0.07389
      },
      "delta": {
        "homeReg": 0.00248,
        "homeET": 0.00015,
        "homePen": -0.00067,
        "awayReg": -0.0014,
        "awayET": -0.0003,
        "awayPen": -0.00027
      }
    },
    {
      "stageCode": "SEMI_FINALS",
      "home": "France",
      "away": "Spain",
      "knockout": true,
      "odds": {
        "homeReg": 0.37143,
        "homeET": 0.10698,
        "homePen": 0.10981,
        "awayReg": 0.26121,
        "awayET": 0.04883,
        "awayPen": 0.10174
      },
      "base": {
        "homeReg": 0.37419,
        "homeET": 0.10815,
        "homePen": 0.10958,
        "awayReg": 0.25896,
        "awayET": 0.04754,
        "awayPen": 0.10158
      },
      "delta": {
        "homeReg": -0.00276,
        "homeET": -0.00117,
        "homePen": 0.00023,
        "awayReg": 0.00225,
        "awayET": 0.00129,
        "awayPen": 0.00016
      }
    }
  ]
}