{
  "generated": "2026-07-06T20:30:42.385213Z",
  "sims": 1000000,
  "games": [
    {
      "stageCode": "LAST_16",
      "home": "Argentina",
      "away": "Egypt",
      "knockout": true,
      "odds": {
        "homeReg": 0.6681,
        "homeET": 0.14728,
        "homePen": 0.05298,
        "awayReg": 0.07224,
        "awayET": 0.01034,
        "awayPen": 0.04906
      },
      "base": {
        "homeReg": 0.66381,
        "homeET": 0.14641,
        "homePen": 0.05358,
        "awayReg": 0.07472,
        "awayET": 0.01117,
        "awayPen": 0.05031
      },
      "delta": {
        "homeReg": 0.00429,
        "homeET": 0.00087,
        "homePen": -0.0006,
        "awayReg": -0.00248,
        "awayET": -0.00083,
        "awayPen": -0.00125
      }
    },
    {
      "stageCode": "LAST_16",
      "home": "Switzerland",
      "away": "Colombia",
      "knockout": true,
      "odds": {
        "homeReg": 0.24425,
        "homeET": 0.04072,
        "homePen": 0.10689,
        "awayReg": 0.38881,
        "awayET": 0.11452,
        "awayPen": 0.10481
      },
      "base": {
        "homeReg": 0.24026,
        "homeET": 0.03997,
        "homePen": 0.10621,
        "awayReg": 0.39094,
        "awayET": 0.11778,
        "awayPen": 0.10484
      },
      "delta": {
        "homeReg": 0.00399,
        "homeET": 0.00075,
        "homePen": 0.00068,
        "awayReg": -0.00213,
        "awayET": -0.00326,
        "awayPen": -3e-05
      }
    },
    {
      "stageCode": "LAST_16",
      "home": "United States",
      "away": "Belgium",
      "knockout": true,
      "odds": {
        "homeReg": 0.34897,
        "homeET": 0.09599,
        "homePen": 0.10683,
        "awayReg": 0.28907,
        "awayET": 0.05661,
        "awayPen": 0.10253
      },
      "base": {
        "homeReg": 0.35219,
        "homeET": 0.09752,
        "homePen": 0.10545,
        "awayReg": 0.28747,
        "awayET": 0.0564,
        "awayPen": 0.10098
      },
      "delta": {
        "homeReg": -0.00322,
        "homeET": -0.00153,
        "homePen": 0.00138,
        "awayReg": 0.0016,
        "awayET": 0.00021,
        "awayPen": 0.00155
      }
    },
    {
      "stageCode": "QUARTER_FINALS",
      "home": "France",
      "away": "Morocco",
      "knockout": true,
      "odds": {
        "homeReg": 0.56571,
        "homeET": 0.15112,
        "homePen": 0.071,
        "awayReg": 0.12318,
        "awayET": 0.01784,
        "awayPen": 0.07117
      },
      "base": {
        "homeReg": 0.5672,
        "homeET": 0.15171,
        "homePen": 0.07127,
        "awayReg": 0.12139,
        "awayET": 0.01778,
        "awayPen": 0.07064
      },
      "delta": {
        "homeReg": -0.00149,
        "homeET": -0.00059,
        "homePen": -0.00027,
        "awayReg": 0.00179,
        "awayET": 6e-05,
        "awayPen": 0.00053
      }
    },
    {
      "stageCode": "QUARTER_FINALS",
      "home": "Norway",
      "away": "England",
      "knockout": true,
      "odds": {
        "homeReg": 0.21077,
        "homeET": 0.03458,
        "homePen": 0.09315,
        "awayReg": 0.44387,
        "awayET": 0.12251,
        "awayPen": 0.09513
      },
      "base": {
        "homeReg": 0.21361,
        "homeET": 0.03737,
        "homePen": 0.09255,
        "awayReg": 0.44088,
        "awayET": 0.11969,
        "awayPen": 0.09589
      },
      "delta": {
        "homeReg": -0.00284,
        "homeET": -0.00279,
        "homePen": 0.0006,
        "awayReg": 0.00299,
        "awayET": 0.00282,
        "awayPen": -0.00076
      }
    }
  ]
}