{
  "generated": "2026-06-30T19:59:05.942480Z",
  "sims": 1000000,
  "games": [
    {
      "stageCode": "LAST_32",
      "home": "Argentina",
      "away": "Cabo Verde",
      "knockout": true,
      "odds": {
        "homeReg": 0.72291,
        "homeET": 0.141,
        "homePen": 0.07688,
        "awayReg": 0.04556,
        "awayET": 0.00732,
        "awayPen": 0.00632
      },
      "base": {
        "homeReg": 0.71186,
        "homeET": 0.14274,
        "homePen": 0.08048,
        "awayReg": 0.04961,
        "awayET": 0.00802,
        "awayPen": 0.0073
      },
      "delta": {
        "homeReg": 0.01105,
        "homeET": -0.00174,
        "homePen": -0.0036,
        "awayReg": -0.00405,
        "awayET": -0.0007,
        "awayPen": -0.00098
      }
    },
    {
      "stageCode": "LAST_32",
      "home": "Australia",
      "away": "Egypt",
      "knockout": true,
      "odds": {
        "homeReg": 0.30508,
        "homeET": 0.07672,
        "homePen": 0.11244,
        "awayReg": 0.31649,
        "awayET": 0.0778,
        "awayPen": 0.11147
      },
      "base": {
        "homeReg": 0.29569,
        "homeET": 0.07173,
        "homePen": 0.10755,
        "awayReg": 0.3261,
        "awayET": 0.08298,
        "awayPen": 0.11594
      },
      "delta": {
        "homeReg": 0.00939,
        "homeET": 0.00499,
        "homePen": 0.00489,
        "awayReg": -0.00961,
        "awayET": -0.00518,
        "awayPen": -0.00447
      }
    },
    {
      "stageCode": "LAST_32",
      "home": "Belgium",
      "away": "Senegal",
      "knockout": true,
      "odds": {
        "homeReg": 0.40127,
        "homeET": 0.11535,
        "homePen": 0.12622,
        "awayReg": 0.24139,
        "awayET": 0.04269,
        "awayPen": 0.07308
      },
      "base": {
        "homeReg": 0.38838,
        "homeET": 0.10824,
        "homePen": 0.12304,
        "awayReg": 0.25284,
        "awayET": 0.04884,
        "awayPen": 0.07866
      },
      "delta": {
        "homeReg": 0.01289,
        "homeET": 0.00711,
        "homePen": 0.00318,
        "awayReg": -0.01145,
        "awayET": -0.00615,
        "awayPen": -0.00558
      }
    },
    {
      "stageCode": "LAST_32",
      "home": "England",
      "away": "DR Congo",
      "knockout": true,
      "odds": {
        "homeReg": 0.56208,
        "homeET": 0.14972,
        "homePen": 0.11857,
        "awayReg": 0.12405,
        "awayET": 0.01767,
        "awayPen": 0.02789
      },
      "base": {
        "homeReg": 0.55807,
        "homeET": 0.14952,
        "homePen": 0.1195,
        "awayReg": 0.12614,
        "awayET": 0.01764,
        "awayPen": 0.02913
      },
      "delta": {
        "homeReg": 0.00401,
        "homeET": 0.0002,
        "homePen": -0.00093,
        "awayReg": -0.00209,
        "awayET": 3e-05,
        "awayPen": -0.00124
      }
    },
    {
      "stageCode": "LAST_32",
      "home": "France",
      "away": "Sweden",
      "knockout": true,
      "odds": {
        "homeReg": 0.74011,
        "homeET": 0.13447,
        "homePen": 0.06724,
        "awayReg": 0.04595,
        "awayET": 0.00719,
        "awayPen": 0.00505
      },
      "base": {
        "homeReg": 0.73511,
        "homeET": 0.13564,
        "homePen": 0.06865,
        "awayReg": 0.04775,
        "awayET": 0.00754,
        "awayPen": 0.0053
      },
      "delta": {
        "homeReg": 0.005,
        "homeET": -0.00117,
        "homePen": -0.00141,
        "awayReg": -0.0018,
        "awayET": -0.00035,
        "awayPen": -0.00025
      }
    },
    {
      "stageCode": "LAST_32",
      "home": "Mexico",
      "away": "Ecuador",
      "knockout": true,
      "odds": {
        "homeReg": 0.4598,
        "homeET": 0.13592,
        "homePen": 0.13844,
        "awayReg": 0.18524,
        "awayET": 0.02571,
        "awayPen": 0.05489
      },
      "base": {
        "homeReg": 0.45283,
        "homeET": 0.13426,
        "homePen": 0.13898,
        "awayReg": 0.18998,
        "awayET": 0.02627,
        "awayPen": 0.05767
      },
      "delta": {
        "homeReg": 0.00697,
        "homeET": 0.00166,
        "homePen": -0.00054,
        "awayReg": -0.00474,
        "awayET": -0.00056,
        "awayPen": -0.00278
      }
    },
    {
      "stageCode": "LAST_32",
      "home": "Portugal",
      "away": "Croatia",
      "knockout": true,
      "odds": {
        "homeReg": 0.51194,
        "homeET": 0.14696,
        "homePen": 0.13129,
        "awayReg": 0.15412,
        "awayET": 0.02187,
        "awayPen": 0.03381
      },
      "base": {
        "homeReg": 0.51083,
        "homeET": 0.14702,
        "homePen": 0.13146,
        "awayReg": 0.15468,
        "awayET": 0.0219,
        "awayPen": 0.03411
      },
      "delta": {
        "homeReg": 0.00111,
        "homeET": -6e-05,
        "homePen": -0.00017,
        "awayReg": -0.00056,
        "awayET": -3e-05,
        "awayPen": -0.0003
      }
    },
    {
      "stageCode": "LAST_32",
      "home": "Spain",
      "away": "Austria",
      "knockout": true,
      "odds": {
        "homeReg": 0.61941,
        "homeET": 0.15063,
        "homePen": 0.10686,
        "awayReg": 0.09304,
        "awayET": 0.01353,
        "awayPen": 0.01654
      },
      "base": {
        "homeReg": 0.63711,
        "homeET": 0.15037,
        "homePen": 0.10202,
        "awayReg": 0.08396,
        "awayET": 0.01266,
        "awayPen": 0.01388
      },
      "delta": {
        "homeReg": -0.0177,
        "homeET": 0.00026,
        "homePen": 0.00484,
        "awayReg": 0.00908,
        "awayET": 0.00087,
        "awayPen": 0.00266
      }
    },
    {
      "stageCode": "LAST_32",
      "home": "Switzerland",
      "away": "Algeria",
      "knockout": true,
      "odds": {
        "homeReg": 0.42723,
        "homeET": 0.12158,
        "homePen": 0.12723,
        "awayReg": 0.22116,
        "awayET": 0.03595,
        "awayPen": 0.06684
      },
      "base": {
        "homeReg": 0.41454,
        "homeET": 0.11495,
        "homePen": 0.12393,
        "awayReg": 0.23215,
        "awayET": 0.04176,
        "awayPen": 0.07268
      },
      "delta": {
        "homeReg": 0.01269,
        "homeET": 0.00663,
        "homePen": 0.0033,
        "awayReg": -0.01099,
        "awayET": -0.00581,
        "awayPen": -0.00584
      }
    },
    {
      "stageCode": "LAST_32",
      "home": "United States",
      "away": "Bosnia and Herzegovina",
      "knockout": true,
      "odds": {
        "homeReg": 0.49532,
        "homeET": 0.14024,
        "homePen": 0.12108,
        "awayReg": 0.17353,
        "awayET": 0.02285,
        "awayPen": 0.04699
      },
      "base": {
        "homeReg": 0.49164,
        "homeET": 0.13953,
        "homePen": 0.12182,
        "awayReg": 0.17584,
        "awayET": 0.02303,
        "awayPen": 0.04813
      },
      "delta": {
        "homeReg": 0.00368,
        "homeET": 0.00071,
        "homePen": -0.00074,
        "awayReg": -0.00231,
        "awayET": -0.00018,
        "awayPen": -0.00114
      }
    }
  ]
}