{
  "generated": "2026-07-13T15:25:22.432830Z",
  "sims": 1000000,
  "games": [
    {
      "stageCode": "SEMI_FINALS",
      "home": "England",
      "away": "Argentina",
      "knockout": true,
      "odds": {
        "homeReg": 0.3118,
        "homeET": 0.08556,
        "homePen": 0.10018,
        "awayReg": 0.3281,
        "awayET": 0.06785,
        "awayPen": 0.10651
      },
      "base": {
        "homeReg": 0.30924,
        "homeET": 0.08442,
        "homePen": 0.10013,
        "awayReg": 0.33087,
        "awayET": 0.0689,
        "awayPen": 0.10638
      },
      "delta": {
        "homeReg": 0.00256,
        "homeET": 0.00114,
        "homePen": 5e-05,
        "awayReg": -0.00277,
        "awayET": -0.00105,
        "awayPen": 0.00013
      }
    },
    {
      "stageCode": "SEMI_FINALS",
      "home": "France",
      "away": "Spain",
      "knockout": true,
      "odds": {
        "homeReg": 0.37067,
        "homeET": 0.1063,
        "homePen": 0.11152,
        "awayReg": 0.26033,
        "awayET": 0.04933,
        "awayPen": 0.10186
      },
      "base": {
        "homeReg": 0.37029,
        "homeET": 0.10609,
        "homePen": 0.11161,
        "awayReg": 0.26066,
        "awayET": 0.04951,
        "awayPen": 0.10183
      },
      "delta": {
        "homeReg": 0.00038,
        "homeET": 0.00021,
        "homePen": -9e-05,
        "awayReg": -0.00033,
        "awayET": -0.00018,
        "awayPen": 3e-05
      }
    }
  ]
}