{
  "generated": "2026-07-10T04:37:30.965196Z",
  "sims": 1000000,
  "games": [
    {
      "stageCode": "QUARTER_FINALS",
      "home": "Argentina",
      "away": "Switzerland",
      "knockout": true,
      "odds": {
        "homeReg": 0.568,
        "homeET": 0.1482,
        "homePen": 0.07013,
        "awayReg": 0.12344,
        "awayET": 0.01726,
        "awayPen": 0.07297
      },
      "base": {
        "homeReg": 0.57171,
        "homeET": 0.14831,
        "homePen": 0.06911,
        "awayReg": 0.12108,
        "awayET": 0.01718,
        "awayPen": 0.07259
      },
      "delta": {
        "homeReg": -0.00371,
        "homeET": -0.00011,
        "homePen": 0.00102,
        "awayReg": 0.00236,
        "awayET": 8e-05,
        "awayPen": 0.00038
      }
    },
    {
      "stageCode": "QUARTER_FINALS",
      "home": "Norway",
      "away": "England",
      "knockout": true,
      "odds": {
        "homeReg": 0.21308,
        "homeET": 0.03587,
        "homePen": 0.09186,
        "awayReg": 0.44377,
        "awayET": 0.11998,
        "awayPen": 0.09545
      },
      "base": {
        "homeReg": 0.21152,
        "homeET": 0.03526,
        "homePen": 0.09155,
        "awayReg": 0.44565,
        "awayET": 0.12115,
        "awayPen": 0.09488
      },
      "delta": {
        "homeReg": 0.00156,
        "homeET": 0.00061,
        "homePen": 0.00031,
        "awayReg": -0.00188,
        "awayET": -0.00117,
        "awayPen": 0.00057
      }
    },
    {
      "stageCode": "QUARTER_FINALS",
      "home": "Spain",
      "away": "Belgium",
      "knockout": true,
      "odds": {
        "homeReg": 0.52468,
        "homeET": 0.14875,
        "homePen": 0.08402,
        "awayReg": 0.14351,
        "awayET": 0.02071,
        "awayPen": 0.07833
      },
      "base": {
        "homeReg": 0.52623,
        "homeET": 0.14862,
        "homePen": 0.08379,
        "awayReg": 0.14268,
        "awayET": 0.0206,
        "awayPen": 0.07808
      },
      "delta": {
        "homeReg": -0.00155,
        "homeET": 0.00013,
        "homePen": 0.00023,
        "awayReg": 0.00083,
        "awayET": 0.00011,
        "awayPen": 0.00025
      }
    }
  ]
}