{
  "generated": "2026-07-19T11:39:45.364250Z",
  "sims": 1000000,
  "games": [
    {
      "stageCode": "FINAL",
      "home": "Spain",
      "away": "Argentina",
      "knockout": true,
      "odds": {
        "homeReg": 0.38898,
        "homeET": 0.12034,
        "homePen": 0.10339,
        "awayReg": 0.24533,
        "awayET": 0.03788,
        "awayPen": 0.10408
      },
      "base": {
        "homeReg": 0.38959,
        "homeET": 0.12084,
        "homePen": 0.10318,
        "awayReg": 0.24477,
        "awayET": 0.03766,
        "awayPen": 0.10396
      },
      "delta": {
        "homeReg": -0.00061,
        "homeET": -0.0005,
        "homePen": 0.00021,
        "awayReg": 0.00056,
        "awayET": 0.00022,
        "awayPen": 0.00012
      }
    }
  ]
}