{
  "generated": "2026-07-15T16:05:28.682258Z",
  "sims": 1000000,
  "games": [
    {
      "stageCode": "SEMI_FINALS",
      "home": "England",
      "away": "Argentina",
      "knockout": true,
      "odds": {
        "homeReg": 0.31282,
        "homeET": 0.08417,
        "homePen": 0.101,
        "awayReg": 0.32794,
        "awayET": 0.06625,
        "awayPen": 0.10782
      },
      "base": {
        "homeReg": 0.31212,
        "homeET": 0.08385,
        "homePen": 0.10081,
        "awayReg": 0.32883,
        "awayET": 0.06664,
        "awayPen": 0.10775
      },
      "delta": {
        "homeReg": 0.0007,
        "homeET": 0.00032,
        "homePen": 0.00019,
        "awayReg": -0.00089,
        "awayET": -0.00039,
        "awayPen": 7e-05
      }
    }
  ]
}