{
  "generated": "2026-07-19T07:08:02.148741Z",
  "sims": 1000000,
  "games": [
    {
      "stageCode": "FINAL",
      "home": "Spain",
      "away": "Argentina",
      "knockout": true,
      "odds": {
        "homeReg": 0.38688,
        "homeET": 0.1198,
        "homePen": 0.10348,
        "awayReg": 0.24726,
        "awayET": 0.03857,
        "awayPen": 0.10401
      },
      "base": {
        "homeReg": 0.38971,
        "homeET": 0.12083,
        "homePen": 0.10317,
        "awayReg": 0.24472,
        "awayET": 0.03764,
        "awayPen": 0.10393
      },
      "delta": {
        "homeReg": -0.00283,
        "homeET": -0.00103,
        "homePen": 0.00031,
        "awayReg": 0.00254,
        "awayET": 0.00093,
        "awayPen": 8e-05
      }
    }
  ]
}