{
  "generated": "2026-07-04T15:46:14.200122Z",
  "sims": 1000000,
  "games": [
    {
      "stageCode": "LAST_16",
      "home": "Argentina",
      "away": "Egypt",
      "knockout": true,
      "odds": {
        "homeReg": 0.68112,
        "homeET": 0.14577,
        "homePen": 0.04956,
        "awayReg": 0.06667,
        "awayET": 0.00995,
        "awayPen": 0.04694
      },
      "base": {
        "homeReg": 0.69046,
        "homeET": 0.14447,
        "homePen": 0.04777,
        "awayReg": 0.06283,
        "awayET": 0.00941,
        "awayPen": 0.04507
      },
      "delta": {
        "homeReg": -0.00934,
        "homeET": 0.0013,
        "homePen": 0.00179,
        "awayReg": 0.00384,
        "awayET": 0.00054,
        "awayPen": 0.00187
      }
    },
    {
      "stageCode": "LAST_16",
      "home": "Brazil",
      "away": "Norway",
      "knockout": true,
      "odds": {
        "homeReg": 0.46918,
        "homeET": 0.13384,
        "homePen": 0.09236,
        "awayReg": 0.19168,
        "awayET": 0.02584,
        "awayPen": 0.08711
      },
      "base": {
        "homeReg": 0.46881,
        "homeET": 0.13366,
        "homePen": 0.09239,
        "awayReg": 0.19209,
        "awayET": 0.02593,
        "awayPen": 0.08715
      },
      "delta": {
        "homeReg": 0.00037,
        "homeET": 0.00018,
        "homePen": -3e-05,
        "awayReg": -0.00041,
        "awayET": -9e-05,
        "awayPen": -4e-05
      }
    },
    {
      "stageCode": "LAST_16",
      "home": "Canada",
      "away": "Morocco",
      "knockout": true,
      "odds": {
        "homeReg": 0.14723,
        "homeET": 0.0211,
        "homePen": 0.07518,
        "awayReg": 0.52249,
        "awayET": 0.14757,
        "awayPen": 0.08643
      },
      "base": {
        "homeReg": 0.14378,
        "homeET": 0.02088,
        "homePen": 0.07425,
        "awayReg": 0.52729,
        "awayET": 0.14805,
        "awayPen": 0.08576
      },
      "delta": {
        "homeReg": 0.00345,
        "homeET": 0.00022,
        "homePen": 0.00093,
        "awayReg": -0.0048,
        "awayET": -0.00048,
        "awayPen": 0.00067
      }
    },
    {
      "stageCode": "LAST_16",
      "home": "Mexico",
      "away": "England",
      "knockout": true,
      "odds": {
        "homeReg": 0.28302,
        "homeET": 0.06588,
        "homePen": 0.11246,
        "awayReg": 0.34764,
        "awayET": 0.08739,
        "awayPen": 0.10361
      },
      "base": {
        "homeReg": 0.28201,
        "homeET": 0.06571,
        "homePen": 0.11228,
        "awayReg": 0.34875,
        "awayET": 0.08758,
        "awayPen": 0.10367
      },
      "delta": {
        "homeReg": 0.00101,
        "homeET": 0.00017,
        "homePen": 0.00018,
        "awayReg": -0.00111,
        "awayET": -0.00019,
        "awayPen": -6e-05
      }
    },
    {
      "stageCode": "LAST_16",
      "home": "Paraguay",
      "away": "France",
      "knockout": true,
      "odds": {
        "homeReg": 0.03262,
        "homeET": 0.00594,
        "homePen": 0.02857,
        "awayReg": 0.77021,
        "awayET": 0.12806,
        "awayPen": 0.03461
      },
      "base": {
        "homeReg": 0.03311,
        "homeET": 0.00596,
        "homePen": 0.02868,
        "awayReg": 0.76913,
        "awayET": 0.12831,
        "awayPen": 0.03482
      },
      "delta": {
        "homeReg": -0.00049,
        "homeET": -2e-05,
        "homePen": -0.00011,
        "awayReg": 0.00108,
        "awayET": -0.00025,
        "awayPen": -0.00021
      }
    },
    {
      "stageCode": "LAST_16",
      "home": "Portugal",
      "away": "Spain",
      "knockout": true,
      "odds": {
        "homeReg": 0.25289,
        "homeET": 0.05071,
        "homePen": 0.10502,
        "awayReg": 0.3761,
        "awayET": 0.10405,
        "awayPen": 0.11123
      },
      "base": {
        "homeReg": 0.25194,
        "homeET": 0.05018,
        "homePen": 0.10463,
        "awayReg": 0.3774,
        "awayET": 0.10497,
        "awayPen": 0.11088
      },
      "delta": {
        "homeReg": 0.00095,
        "homeET": 0.00053,
        "homePen": 0.00039,
        "awayReg": -0.0013,
        "awayET": -0.00092,
        "awayPen": 0.00035
      }
    },
    {
      "stageCode": "LAST_16",
      "home": "Switzerland",
      "away": "Colombia",
      "knockout": true,
      "odds": {
        "homeReg": 0.24768,
        "homeET": 0.04346,
        "homePen": 0.1077,
        "awayReg": 0.38098,
        "awayET": 0.11381,
        "awayPen": 0.10638
      },
      "base": {
        "homeReg": 0.24563,
        "homeET": 0.04256,
        "homePen": 0.10761,
        "awayReg": 0.38334,
        "awayET": 0.11445,
        "awayPen": 0.10643
      },
      "delta": {
        "homeReg": 0.00205,
        "homeET": 0.0009,
        "homePen": 9e-05,
        "awayReg": -0.00236,
        "awayET": -0.00064,
        "awayPen": -5e-05
      }
    },
    {
      "stageCode": "LAST_16",
      "home": "United States",
      "away": "Belgium",
      "knockout": true,
      "odds": {
        "homeReg": 0.35494,
        "homeET": 0.10056,
        "homePen": 0.10575,
        "awayReg": 0.28164,
        "awayET": 0.05463,
        "awayPen": 0.10248
      },
      "base": {
        "homeReg": 0.35566,
        "homeET": 0.10105,
        "homePen": 0.10572,
        "awayReg": 0.28103,
        "awayET": 0.05409,
        "awayPen": 0.10243
      },
      "delta": {
        "homeReg": -0.00072,
        "homeET": -0.00049,
        "homePen": 3e-05,
        "awayReg": 0.00061,
        "awayET": 0.00054,
        "awayPen": 5e-05
      }
    }
  ]
}