{
  "generated": "2026-06-29T22:02:26.872807Z",
  "sims": 1000000,
  "games": [
    {
      "stageCode": "LAST_32",
      "home": "Belgium",
      "away": "Senegal",
      "knockout": true,
      "odds": {
        "homeReg": 0.37692,
        "homeET": 0.1016,
        "homePen": 0.12076,
        "awayReg": 0.26163,
        "awayET": 0.05378,
        "awayPen": 0.08532
      },
      "base": {
        "homeReg": 0.38549,
        "homeET": 0.1044,
        "homePen": 0.12148,
        "awayReg": 0.25492,
        "awayET": 0.05058,
        "awayPen": 0.08314
      },
      "delta": {
        "homeReg": -0.00857,
        "homeET": -0.0028,
        "homePen": -0.00072,
        "awayReg": 0.00671,
        "awayET": 0.0032,
        "awayPen": 0.00218
      }
    },
    {
      "stageCode": "LAST_32",
      "home": "Côte d'Ivoire",
      "away": "Norway",
      "knockout": true,
      "odds": {
        "homeReg": 0.22284,
        "homeET": 0.02996,
        "homePen": 0.05973,
        "awayReg": 0.42312,
        "awayET": 0.12973,
        "awayPen": 0.13462
      },
      "base": {
        "homeReg": 0.22252,
        "homeET": 0.02897,
        "homePen": 0.05813,
        "awayReg": 0.42455,
        "awayET": 0.13129,
        "awayPen": 0.13454
      },
      "delta": {
        "homeReg": 0.00032,
        "homeET": 0.00099,
        "homePen": 0.0016,
        "awayReg": -0.00143,
        "awayET": -0.00156,
        "awayPen": 8e-05
      }
    },
    {
      "stageCode": "LAST_32",
      "home": "England",
      "away": "DR Congo",
      "knockout": true,
      "odds": {
        "homeReg": 0.56582,
        "homeET": 0.14941,
        "homePen": 0.11868,
        "awayReg": 0.12141,
        "awayET": 0.01726,
        "awayPen": 0.02741
      },
      "base": {
        "homeReg": 0.55551,
        "homeET": 0.14814,
        "homePen": 0.12054,
        "awayReg": 0.1279,
        "awayET": 0.01836,
        "awayPen": 0.02956
      },
      "delta": {
        "homeReg": 0.01031,
        "homeET": 0.00127,
        "homePen": -0.00186,
        "awayReg": -0.00649,
        "awayET": -0.0011,
        "awayPen": -0.00215
      }
    },
    {
      "stageCode": "LAST_32",
      "home": "France",
      "away": "Sweden",
      "knockout": true,
      "odds": {
        "homeReg": 0.75448,
        "homeET": 0.13107,
        "homePen": 0.06259,
        "awayReg": 0.04095,
        "awayET": 0.00679,
        "awayPen": 0.00411
      },
      "base": {
        "homeReg": 0.75958,
        "homeET": 0.13001,
        "homePen": 0.06057,
        "awayReg": 0.03943,
        "awayET": 0.00645,
        "awayPen": 0.00396
      },
      "delta": {
        "homeReg": -0.0051,
        "homeET": 0.00106,
        "homePen": 0.00202,
        "awayReg": 0.00152,
        "awayET": 0.00034,
        "awayPen": 0.00015
      }
    },
    {
      "stageCode": "LAST_32",
      "home": "Mexico",
      "away": "Ecuador",
      "knockout": true,
      "odds": {
        "homeReg": 0.45624,
        "homeET": 0.13606,
        "homePen": 0.13811,
        "awayReg": 0.18698,
        "awayET": 0.02598,
        "awayPen": 0.05665
      },
      "base": {
        "homeReg": 0.44308,
        "homeET": 0.13397,
        "homePen": 0.13931,
        "awayReg": 0.19403,
        "awayET": 0.028,
        "awayPen": 0.06161
      },
      "delta": {
        "homeReg": 0.01316,
        "homeET": 0.00209,
        "homePen": -0.0012,
        "awayReg": -0.00705,
        "awayET": -0.00202,
        "awayPen": -0.00496
      }
    },
    {
      "stageCode": "LAST_32",
      "home": "Netherlands",
      "away": "Morocco",
      "knockout": true,
      "odds": {
        "homeReg": 0.41465,
        "homeET": 0.12133,
        "homePen": 0.12832,
        "awayReg": 0.23296,
        "awayET": 0.03688,
        "awayPen": 0.06586
      },
      "base": {
        "homeReg": 0.42266,
        "homeET": 0.12548,
        "homePen": 0.12926,
        "awayReg": 0.22768,
        "awayET": 0.03383,
        "awayPen": 0.06109
      },
      "delta": {
        "homeReg": -0.00801,
        "homeET": -0.00415,
        "homePen": -0.00094,
        "awayReg": 0.00528,
        "awayET": 0.00305,
        "awayPen": 0.00477
      }
    },
    {
      "stageCode": "LAST_32",
      "home": "Portugal",
      "away": "Croatia",
      "knockout": true,
      "odds": {
        "homeReg": 0.51905,
        "homeET": 0.14887,
        "homePen": 0.12987,
        "awayReg": 0.14904,
        "awayET": 0.02144,
        "awayPen": 0.03173
      },
      "base": {
        "homeReg": 0.51463,
        "homeET": 0.14818,
        "homePen": 0.13075,
        "awayReg": 0.15144,
        "awayET": 0.0212,
        "awayPen": 0.0338
      },
      "delta": {
        "homeReg": 0.00442,
        "homeET": 0.00069,
        "homePen": -0.00088,
        "awayReg": -0.0024,
        "awayET": 0.00024,
        "awayPen": -0.00207
      }
    },
    {
      "stageCode": "LAST_32",
      "home": "Spain",
      "away": "Austria",
      "knockout": true,
      "odds": {
        "homeReg": 0.61982,
        "homeET": 0.15013,
        "homePen": 0.10745,
        "awayReg": 0.09236,
        "awayET": 0.01387,
        "awayPen": 0.01638
      },
      "base": {
        "homeReg": 0.62987,
        "homeET": 0.15119,
        "homePen": 0.1024,
        "awayReg": 0.08846,
        "awayET": 0.01321,
        "awayPen": 0.01487
      },
      "delta": {
        "homeReg": -0.01005,
        "homeET": -0.00106,
        "homePen": 0.00505,
        "awayReg": 0.0039,
        "awayET": 0.00066,
        "awayPen": 0.00151
      }
    },
    {
      "stageCode": "LAST_32",
      "home": "United States",
      "away": "Bosnia and Herzegovina",
      "knockout": true,
      "odds": {
        "homeReg": 0.48583,
        "homeET": 0.13775,
        "homePen": 0.12044,
        "awayReg": 0.18144,
        "awayET": 0.02372,
        "awayPen": 0.05083
      },
      "base": {
        "homeReg": 0.48352,
        "homeET": 0.13659,
        "homePen": 0.12143,
        "awayReg": 0.18163,
        "awayET": 0.02388,
        "awayPen": 0.05295
      },
      "delta": {
        "homeReg": 0.00231,
        "homeET": 0.00116,
        "homePen": -0.00099,
        "awayReg": -0.00019,
        "awayET": -0.00016,
        "awayPen": -0.00212
      }
    }
  ]
}