{
  "generated": "2026-06-28T12:07:00.421859Z",
  "sims": 1000000,
  "games": [
    {
      "stageCode": "LAST_32",
      "home": "Belgium",
      "away": "Senegal",
      "knockout": true,
      "odds": {
        "homeReg": 0.39446,
        "homeET": 0.11228,
        "homePen": 0.12537,
        "awayReg": 0.24639,
        "awayET": 0.04505,
        "awayPen": 0.07644
      },
      "base": {
        "homeReg": 0.3956,
        "homeET": 0.11223,
        "homePen": 0.12526,
        "awayReg": 0.24583,
        "awayET": 0.04484,
        "awayPen": 0.07623
      },
      "delta": {
        "homeReg": -0.00114,
        "homeET": 5e-05,
        "homePen": 0.00011,
        "awayReg": 0.00056,
        "awayET": 0.00021,
        "awayPen": 0.00021
      }
    },
    {
      "stageCode": "LAST_32",
      "home": "Brazil",
      "away": "Japan",
      "knockout": true,
      "odds": {
        "homeReg": 0.46325,
        "homeET": 0.13781,
        "homePen": 0.13199,
        "awayReg": 0.19026,
        "awayET": 0.02575,
        "awayPen": 0.05094
      },
      "base": {
        "homeReg": 0.46048,
        "homeET": 0.13688,
        "homePen": 0.13203,
        "awayReg": 0.19243,
        "awayET": 0.02605,
        "awayPen": 0.05212
      },
      "delta": {
        "homeReg": 0.00277,
        "homeET": 0.00093,
        "homePen": -4e-05,
        "awayReg": -0.00217,
        "awayET": -0.0003,
        "awayPen": -0.00118
      }
    },
    {
      "stageCode": "LAST_32",
      "home": "Côte d'Ivoire",
      "away": "Norway",
      "knockout": true,
      "odds": {
        "homeReg": 0.20817,
        "homeET": 0.02727,
        "homePen": 0.05139,
        "awayReg": 0.43999,
        "awayET": 0.13609,
        "awayPen": 0.13709
      },
      "base": {
        "homeReg": 0.21599,
        "homeET": 0.02836,
        "homePen": 0.056,
        "awayReg": 0.43008,
        "awayET": 0.13239,
        "awayPen": 0.13717
      },
      "delta": {
        "homeReg": -0.00782,
        "homeET": -0.00109,
        "homePen": -0.00461,
        "awayReg": 0.00991,
        "awayET": 0.0037,
        "awayPen": -8e-05
      }
    },
    {
      "stageCode": "LAST_32",
      "home": "England",
      "away": "DR Congo",
      "knockout": true,
      "odds": {
        "homeReg": 0.55925,
        "homeET": 0.14993,
        "homePen": 0.12029,
        "awayReg": 0.12481,
        "awayET": 0.01794,
        "awayPen": 0.02777
      },
      "base": {
        "homeReg": 0.56599,
        "homeET": 0.15057,
        "homePen": 0.12001,
        "awayReg": 0.12035,
        "awayET": 0.01743,
        "awayPen": 0.02565
      },
      "delta": {
        "homeReg": -0.00674,
        "homeET": -0.00064,
        "homePen": 0.00028,
        "awayReg": 0.00446,
        "awayET": 0.00051,
        "awayPen": 0.00212
      }
    },
    {
      "stageCode": "LAST_32",
      "home": "France",
      "away": "Sweden",
      "knockout": true,
      "odds": {
        "homeReg": 0.74316,
        "homeET": 0.13233,
        "homePen": 0.0666,
        "awayReg": 0.04589,
        "awayET": 0.00714,
        "awayPen": 0.00488
      },
      "base": {
        "homeReg": 0.73735,
        "homeET": 0.13328,
        "homePen": 0.06808,
        "awayReg": 0.04844,
        "awayET": 0.00749,
        "awayPen": 0.00536
      },
      "delta": {
        "homeReg": 0.00581,
        "homeET": -0.00095,
        "homePen": -0.00148,
        "awayReg": -0.00255,
        "awayET": -0.00035,
        "awayPen": -0.00048
      }
    },
    {
      "stageCode": "LAST_32",
      "home": "Germany",
      "away": "Paraguay",
      "knockout": true,
      "odds": {
        "homeReg": 0.60823,
        "homeET": 0.15159,
        "homePen": 0.10862,
        "awayReg": 0.09979,
        "awayET": 0.01481,
        "awayPen": 0.01697
      },
      "base": {
        "homeReg": 0.57168,
        "homeET": 0.14946,
        "homePen": 0.11632,
        "awayReg": 0.12077,
        "awayET": 0.01726,
        "awayPen": 0.02451
      },
      "delta": {
        "homeReg": 0.03655,
        "homeET": 0.00213,
        "homePen": -0.0077,
        "awayReg": -0.02098,
        "awayET": -0.00245,
        "awayPen": -0.00754
      }
    },
    {
      "stageCode": "LAST_32",
      "home": "Mexico",
      "away": "Ecuador",
      "knockout": true,
      "odds": {
        "homeReg": 0.44589,
        "homeET": 0.13351,
        "homePen": 0.13715,
        "awayReg": 0.19273,
        "awayET": 0.02805,
        "awayPen": 0.06266
      },
      "base": {
        "homeReg": 0.43659,
        "homeET": 0.12829,
        "homePen": 0.13592,
        "awayReg": 0.20039,
        "awayET": 0.03149,
        "awayPen": 0.06734
      },
      "delta": {
        "homeReg": 0.0093,
        "homeET": 0.00522,
        "homePen": 0.00123,
        "awayReg": -0.00766,
        "awayET": -0.00344,
        "awayPen": -0.00468
      }
    },
    {
      "stageCode": "LAST_32",
      "home": "Netherlands",
      "away": "Morocco",
      "knockout": true,
      "odds": {
        "homeReg": 0.41635,
        "homeET": 0.1228,
        "homePen": 0.12859,
        "awayReg": 0.2313,
        "awayET": 0.03617,
        "awayPen": 0.06479
      },
      "base": {
        "homeReg": 0.41407,
        "homeET": 0.12176,
        "homePen": 0.12876,
        "awayReg": 0.23295,
        "awayET": 0.0371,
        "awayPen": 0.06555
      },
      "delta": {
        "homeReg": 0.00228,
        "homeET": 0.00104,
        "homePen": -0.00017,
        "awayReg": -0.00165,
        "awayET": -0.00093,
        "awayPen": -0.00076
      }
    },
    {
      "stageCode": "LAST_32",
      "home": "South Africa",
      "away": "Canada",
      "knockout": true,
      "odds": {
        "homeReg": 0.231,
        "homeET": 0.0431,
        "homePen": 0.07916,
        "awayReg": 0.40692,
        "awayET": 0.11165,
        "awayPen": 0.12815
      },
      "base": {
        "homeReg": 0.23281,
        "homeET": 0.04385,
        "homePen": 0.08019,
        "awayReg": 0.40492,
        "awayET": 0.11045,
        "awayPen": 0.12777
      },
      "delta": {
        "homeReg": -0.00181,
        "homeET": -0.00075,
        "homePen": -0.00103,
        "awayReg": 0.002,
        "awayET": 0.0012,
        "awayPen": 0.00038
      }
    },
    {
      "stageCode": "LAST_32",
      "home": "United States",
      "away": "Bosnia and Herzegovina",
      "knockout": true,
      "odds": {
        "homeReg": 0.48527,
        "homeET": 0.13764,
        "homePen": 0.12202,
        "awayReg": 0.18094,
        "awayET": 0.02363,
        "awayPen": 0.05049
      },
      "base": {
        "homeReg": 0.48004,
        "homeET": 0.13609,
        "homePen": 0.12132,
        "awayReg": 0.18529,
        "awayET": 0.02397,
        "awayPen": 0.0533
      },
      "delta": {
        "homeReg": 0.00523,
        "homeET": 0.00155,
        "homePen": 0.0007,
        "awayReg": -0.00435,
        "awayET": -0.00034,
        "awayPen": -0.00281
      }
    }
  ]
}