{
  "generated": "2026-06-29T20:36:47.109398Z",
  "sims": 1000000,
  "games": [
    {
      "stageCode": "LAST_32",
      "home": "Belgium",
      "away": "Senegal",
      "knockout": true,
      "odds": {
        "homeReg": 0.38549,
        "homeET": 0.1044,
        "homePen": 0.12148,
        "awayReg": 0.25492,
        "awayET": 0.05058,
        "awayPen": 0.08314
      },
      "base": {
        "homeReg": 0.39129,
        "homeET": 0.10689,
        "homePen": 0.12349,
        "awayReg": 0.24979,
        "awayET": 0.04802,
        "awayPen": 0.08052
      },
      "delta": {
        "homeReg": -0.0058,
        "homeET": -0.00249,
        "homePen": -0.00201,
        "awayReg": 0.00513,
        "awayET": 0.00256,
        "awayPen": 0.00262
      }
    },
    {
      "stageCode": "LAST_32",
      "home": "Côte d'Ivoire",
      "away": "Norway",
      "knockout": true,
      "odds": {
        "homeReg": 0.22252,
        "homeET": 0.02897,
        "homePen": 0.05813,
        "awayReg": 0.42455,
        "awayET": 0.13129,
        "awayPen": 0.13454
      },
      "base": {
        "homeReg": 0.22506,
        "homeET": 0.03002,
        "homePen": 0.05923,
        "awayReg": 0.42115,
        "awayET": 0.13062,
        "awayPen": 0.1339
      },
      "delta": {
        "homeReg": -0.00254,
        "homeET": -0.00105,
        "homePen": -0.0011,
        "awayReg": 0.0034,
        "awayET": 0.00067,
        "awayPen": 0.00064
      }
    },
    {
      "stageCode": "LAST_32",
      "home": "England",
      "away": "DR Congo",
      "knockout": true,
      "odds": {
        "homeReg": 0.55551,
        "homeET": 0.14814,
        "homePen": 0.12054,
        "awayReg": 0.1279,
        "awayET": 0.01836,
        "awayPen": 0.02956
      },
      "base": {
        "homeReg": 0.57134,
        "homeET": 0.14896,
        "homePen": 0.11801,
        "awayReg": 0.11893,
        "awayET": 0.01714,
        "awayPen": 0.02562
      },
      "delta": {
        "homeReg": -0.01583,
        "homeET": -0.00082,
        "homePen": 0.00253,
        "awayReg": 0.00897,
        "awayET": 0.00122,
        "awayPen": 0.00394
      }
    },
    {
      "stageCode": "LAST_32",
      "home": "France",
      "away": "Sweden",
      "knockout": true,
      "odds": {
        "homeReg": 0.75958,
        "homeET": 0.13001,
        "homePen": 0.06057,
        "awayReg": 0.03943,
        "awayET": 0.00645,
        "awayPen": 0.00396
      },
      "base": {
        "homeReg": 0.79026,
        "homeET": 0.12098,
        "homePen": 0.05203,
        "awayReg": 0.0287,
        "awayET": 0.00536,
        "awayPen": 0.00267
      },
      "delta": {
        "homeReg": -0.03068,
        "homeET": 0.00903,
        "homePen": 0.00854,
        "awayReg": 0.01073,
        "awayET": 0.00109,
        "awayPen": 0.00129
      }
    },
    {
      "stageCode": "LAST_32",
      "home": "Germany",
      "away": "Paraguay",
      "knockout": true,
      "odds": {
        "homeReg": 0.61472,
        "homeET": 0.15066,
        "homePen": 0.10777,
        "awayReg": 0.09616,
        "awayET": 0.0146,
        "awayPen": 0.01609
      },
      "base": {
        "homeReg": 0.58666,
        "homeET": 0.15044,
        "homePen": 0.11321,
        "awayReg": 0.11177,
        "awayET": 0.01635,
        "awayPen": 0.02158
      },
      "delta": {
        "homeReg": 0.02806,
        "homeET": 0.00022,
        "homePen": -0.00544,
        "awayReg": -0.01561,
        "awayET": -0.00175,
        "awayPen": -0.00549
      }
    },
    {
      "stageCode": "LAST_32",
      "home": "Mexico",
      "away": "Ecuador",
      "knockout": true,
      "odds": {
        "homeReg": 0.44308,
        "homeET": 0.13397,
        "homePen": 0.13931,
        "awayReg": 0.19403,
        "awayET": 0.028,
        "awayPen": 0.06161
      },
      "base": {
        "homeReg": 0.45322,
        "homeET": 0.13792,
        "homePen": 0.13911,
        "awayReg": 0.18642,
        "awayET": 0.02618,
        "awayPen": 0.05715
      },
      "delta": {
        "homeReg": -0.01014,
        "homeET": -0.00395,
        "homePen": 0.0002,
        "awayReg": 0.00761,
        "awayET": 0.00182,
        "awayPen": 0.00446
      }
    },
    {
      "stageCode": "LAST_32",
      "home": "Netherlands",
      "away": "Morocco",
      "knockout": true,
      "odds": {
        "homeReg": 0.42266,
        "homeET": 0.12548,
        "homePen": 0.12926,
        "awayReg": 0.22768,
        "awayET": 0.03383,
        "awayPen": 0.06109
      },
      "base": {
        "homeReg": 0.42486,
        "homeET": 0.12742,
        "homePen": 0.12985,
        "awayReg": 0.22539,
        "awayET": 0.03268,
        "awayPen": 0.0598
      },
      "delta": {
        "homeReg": -0.0022,
        "homeET": -0.00194,
        "homePen": -0.00059,
        "awayReg": 0.00229,
        "awayET": 0.00115,
        "awayPen": 0.00129
      }
    },
    {
      "stageCode": "LAST_32",
      "home": "Portugal",
      "away": "Croatia",
      "knockout": true,
      "odds": {
        "homeReg": 0.51463,
        "homeET": 0.14818,
        "homePen": 0.13075,
        "awayReg": 0.15144,
        "awayET": 0.0212,
        "awayPen": 0.0338
      },
      "base": {
        "homeReg": 0.50594,
        "homeET": 0.14701,
        "homePen": 0.13139,
        "awayReg": 0.1573,
        "awayET": 0.02222,
        "awayPen": 0.03614
      },
      "delta": {
        "homeReg": 0.00869,
        "homeET": 0.00117,
        "homePen": -0.00064,
        "awayReg": -0.00586,
        "awayET": -0.00102,
        "awayPen": -0.00234
      }
    },
    {
      "stageCode": "LAST_32",
      "home": "Spain",
      "away": "Austria",
      "knockout": true,
      "odds": {
        "homeReg": 0.62987,
        "homeET": 0.15119,
        "homePen": 0.1024,
        "awayReg": 0.08846,
        "awayET": 0.01321,
        "awayPen": 0.01487
      },
      "base": {
        "homeReg": 0.6234,
        "homeET": 0.15168,
        "homePen": 0.10409,
        "awayReg": 0.0914,
        "awayET": 0.0135,
        "awayPen": 0.01593
      },
      "delta": {
        "homeReg": 0.00647,
        "homeET": -0.00049,
        "homePen": -0.00169,
        "awayReg": -0.00294,
        "awayET": -0.00029,
        "awayPen": -0.00106
      }
    },
    {
      "stageCode": "LAST_32",
      "home": "United States",
      "away": "Bosnia and Herzegovina",
      "knockout": true,
      "odds": {
        "homeReg": 0.48352,
        "homeET": 0.13659,
        "homePen": 0.12143,
        "awayReg": 0.18163,
        "awayET": 0.02388,
        "awayPen": 0.05295
      },
      "base": {
        "homeReg": 0.48108,
        "homeET": 0.13637,
        "homePen": 0.12147,
        "awayReg": 0.18308,
        "awayET": 0.02414,
        "awayPen": 0.05387
      },
      "delta": {
        "homeReg": 0.00244,
        "homeET": 0.00022,
        "homePen": -4e-05,
        "awayReg": -0.00145,
        "awayET": -0.00026,
        "awayPen": -0.00092
      }
    }
  ]
}