{
  "generated": "2026-06-29T18:37:52.532964Z",
  "sims": 1000000,
  "games": [
    {
      "stageCode": "LAST_32",
      "home": "Belgium",
      "away": "Senegal",
      "knockout": true,
      "odds": {
        "homeReg": 0.38522,
        "homeET": 0.10433,
        "homePen": 0.12147,
        "awayReg": 0.2552,
        "awayET": 0.05066,
        "awayPen": 0.08312
      },
      "base": {
        "homeReg": 0.39481,
        "homeET": 0.10898,
        "homePen": 0.12416,
        "awayReg": 0.24691,
        "awayET": 0.0459,
        "awayPen": 0.07924
      },
      "delta": {
        "homeReg": -0.00959,
        "homeET": -0.00465,
        "homePen": -0.00269,
        "awayReg": 0.00829,
        "awayET": 0.00476,
        "awayPen": 0.00388
      }
    },
    {
      "stageCode": "LAST_32",
      "home": "Côte d'Ivoire",
      "away": "Norway",
      "knockout": true,
      "odds": {
        "homeReg": 0.22117,
        "homeET": 0.02896,
        "homePen": 0.05735,
        "awayReg": 0.42616,
        "awayET": 0.13173,
        "awayPen": 0.13464
      },
      "base": {
        "homeReg": 0.21074,
        "homeET": 0.02828,
        "homePen": 0.05248,
        "awayReg": 0.43927,
        "awayET": 0.13418,
        "awayPen": 0.13505
      },
      "delta": {
        "homeReg": 0.01043,
        "homeET": 0.00068,
        "homePen": 0.00487,
        "awayReg": -0.01311,
        "awayET": -0.00245,
        "awayPen": -0.00041
      }
    },
    {
      "stageCode": "LAST_32",
      "home": "England",
      "away": "DR Congo",
      "knockout": true,
      "odds": {
        "homeReg": 0.56533,
        "homeET": 0.14874,
        "homePen": 0.11877,
        "awayReg": 0.12261,
        "awayET": 0.01744,
        "awayPen": 0.02712
      },
      "base": {
        "homeReg": 0.56177,
        "homeET": 0.14811,
        "homePen": 0.11953,
        "awayReg": 0.12462,
        "awayET": 0.0179,
        "awayPen": 0.02807
      },
      "delta": {
        "homeReg": 0.00356,
        "homeET": 0.00063,
        "homePen": -0.00076,
        "awayReg": -0.00201,
        "awayET": -0.00046,
        "awayPen": -0.00095
      }
    },
    {
      "stageCode": "LAST_32",
      "home": "France",
      "away": "Sweden",
      "knockout": true,
      "odds": {
        "homeReg": 0.77843,
        "homeET": 0.12454,
        "homePen": 0.05523,
        "awayReg": 0.03283,
        "awayET": 0.00587,
        "awayPen": 0.00311
      },
      "base": {
        "homeReg": 0.78389,
        "homeET": 0.12322,
        "homePen": 0.05376,
        "awayReg": 0.03067,
        "awayET": 0.00557,
        "awayPen": 0.00291
      },
      "delta": {
        "homeReg": -0.00546,
        "homeET": 0.00132,
        "homePen": 0.00147,
        "awayReg": 0.00216,
        "awayET": 0.0003,
        "awayPen": 0.0002
      }
    },
    {
      "stageCode": "LAST_32",
      "home": "Germany",
      "away": "Paraguay",
      "knockout": true,
      "odds": {
        "homeReg": 0.60313,
        "homeET": 0.15078,
        "homePen": 0.11043,
        "awayReg": 0.10247,
        "awayET": 0.0152,
        "awayPen": 0.01798
      },
      "base": {
        "homeReg": 0.6013,
        "homeET": 0.15096,
        "homePen": 0.11046,
        "awayReg": 0.10345,
        "awayET": 0.01528,
        "awayPen": 0.01854
      },
      "delta": {
        "homeReg": 0.00183,
        "homeET": -0.00018,
        "homePen": -3e-05,
        "awayReg": -0.00098,
        "awayET": -8e-05,
        "awayPen": -0.00056
      }
    },
    {
      "stageCode": "LAST_32",
      "home": "Mexico",
      "away": "Ecuador",
      "knockout": true,
      "odds": {
        "homeReg": 0.45566,
        "homeET": 0.13816,
        "homePen": 0.13918,
        "awayReg": 0.18502,
        "awayET": 0.02583,
        "awayPen": 0.05614
      },
      "base": {
        "homeReg": 0.44713,
        "homeET": 0.1362,
        "homePen": 0.13884,
        "awayReg": 0.19101,
        "awayET": 0.02688,
        "awayPen": 0.05993
      },
      "delta": {
        "homeReg": 0.00853,
        "homeET": 0.00196,
        "homePen": 0.00034,
        "awayReg": -0.00599,
        "awayET": -0.00105,
        "awayPen": -0.00379
      }
    },
    {
      "stageCode": "LAST_32",
      "home": "Netherlands",
      "away": "Morocco",
      "knockout": true,
      "odds": {
        "homeReg": 0.42964,
        "homeET": 0.12867,
        "homePen": 0.13047,
        "awayReg": 0.22225,
        "awayET": 0.03092,
        "awayPen": 0.05806
      },
      "base": {
        "homeReg": 0.43282,
        "homeET": 0.12978,
        "homePen": 0.13058,
        "awayReg": 0.21986,
        "awayET": 0.02994,
        "awayPen": 0.05702
      },
      "delta": {
        "homeReg": -0.00318,
        "homeET": -0.00111,
        "homePen": -0.00011,
        "awayReg": 0.00239,
        "awayET": 0.00098,
        "awayPen": 0.00104
      }
    },
    {
      "stageCode": "LAST_32",
      "home": "Portugal",
      "away": "Croatia",
      "knockout": true,
      "odds": {
        "homeReg": 0.51758,
        "homeET": 0.14818,
        "homePen": 0.13039,
        "awayReg": 0.14971,
        "awayET": 0.0212,
        "awayPen": 0.03296
      },
      "base": {
        "homeReg": 0.5147,
        "homeET": 0.14803,
        "homePen": 0.13053,
        "awayReg": 0.15157,
        "awayET": 0.02127,
        "awayPen": 0.0339
      },
      "delta": {
        "homeReg": 0.00288,
        "homeET": 0.00015,
        "homePen": -0.00014,
        "awayReg": -0.00186,
        "awayET": -7e-05,
        "awayPen": -0.00094
      }
    },
    {
      "stageCode": "LAST_32",
      "home": "Spain",
      "away": "Austria",
      "knockout": true,
      "odds": {
        "homeReg": 0.63589,
        "homeET": 0.15166,
        "homePen": 0.10065,
        "awayReg": 0.08492,
        "awayET": 0.01306,
        "awayPen": 0.01383
      },
      "base": {
        "homeReg": 0.64436,
        "homeET": 0.15052,
        "homePen": 0.09911,
        "awayReg": 0.08092,
        "awayET": 0.01249,
        "awayPen": 0.0126
      },
      "delta": {
        "homeReg": -0.00847,
        "homeET": 0.00114,
        "homePen": 0.00154,
        "awayReg": 0.004,
        "awayET": 0.00057,
        "awayPen": 0.00123
      }
    },
    {
      "stageCode": "LAST_32",
      "home": "United States",
      "away": "Bosnia and Herzegovina",
      "knockout": true,
      "odds": {
        "homeReg": 0.47982,
        "homeET": 0.1359,
        "homePen": 0.12155,
        "awayReg": 0.18401,
        "awayET": 0.0245,
        "awayPen": 0.05422
      },
      "base": {
        "homeReg": 0.48822,
        "homeET": 0.13814,
        "homePen": 0.12058,
        "awayReg": 0.17799,
        "awayET": 0.02329,
        "awayPen": 0.05081
      },
      "delta": {
        "homeReg": -0.0084,
        "homeET": -0.00224,
        "homePen": 0.00097,
        "awayReg": 0.00602,
        "awayET": 0.00121,
        "awayPen": 0.00341
      }
    }
  ]
}