{
  "generated": "2026-06-30T12:36:35.474005Z",
  "sims": 1000000,
  "games": [
    {
      "stageCode": "LAST_32",
      "home": "Australia",
      "away": "Egypt",
      "knockout": true,
      "odds": {
        "homeReg": 0.31054,
        "homeET": 0.07912,
        "homePen": 0.11502,
        "awayReg": 0.31276,
        "awayET": 0.07436,
        "awayPen": 0.10822
      },
      "base": {
        "homeReg": 0.29261,
        "homeET": 0.07019,
        "homePen": 0.10655,
        "awayReg": 0.3301,
        "awayET": 0.0842,
        "awayPen": 0.11636
      },
      "delta": {
        "homeReg": 0.01793,
        "homeET": 0.00893,
        "homePen": 0.00847,
        "awayReg": -0.01734,
        "awayET": -0.00984,
        "awayPen": -0.00814
      }
    },
    {
      "stageCode": "LAST_32",
      "home": "Belgium",
      "away": "Senegal",
      "knockout": true,
      "odds": {
        "homeReg": 0.39171,
        "homeET": 0.1092,
        "homePen": 0.12476,
        "awayReg": 0.24912,
        "awayET": 0.04707,
        "awayPen": 0.07816
      },
      "base": {
        "homeReg": 0.39264,
        "homeET": 0.1097,
        "homePen": 0.12514,
        "awayReg": 0.24834,
        "awayET": 0.04648,
        "awayPen": 0.0777
      },
      "delta": {
        "homeReg": -0.00093,
        "homeET": -0.0005,
        "homePen": -0.00038,
        "awayReg": 0.00078,
        "awayET": 0.00059,
        "awayPen": 0.00046
      }
    },
    {
      "stageCode": "LAST_32",
      "home": "Côte d'Ivoire",
      "away": "Norway",
      "knockout": true,
      "odds": {
        "homeReg": 0.21638,
        "homeET": 0.02858,
        "homePen": 0.05627,
        "awayReg": 0.43056,
        "awayET": 0.13159,
        "awayPen": 0.13663
      },
      "base": {
        "homeReg": 0.21746,
        "homeET": 0.02875,
        "homePen": 0.05697,
        "awayReg": 0.42882,
        "awayET": 0.13139,
        "awayPen": 0.13661
      },
      "delta": {
        "homeReg": -0.00108,
        "homeET": -0.00017,
        "homePen": -0.0007,
        "awayReg": 0.00174,
        "awayET": 0.0002,
        "awayPen": 2e-05
      }
    },
    {
      "stageCode": "LAST_32",
      "home": "England",
      "away": "DR Congo",
      "knockout": true,
      "odds": {
        "homeReg": 0.56559,
        "homeET": 0.14952,
        "homePen": 0.11841,
        "awayReg": 0.12219,
        "awayET": 0.01711,
        "awayPen": 0.02719
      },
      "base": {
        "homeReg": 0.56268,
        "homeET": 0.14941,
        "homePen": 0.11879,
        "awayReg": 0.12398,
        "awayET": 0.0174,
        "awayPen": 0.02774
      },
      "delta": {
        "homeReg": 0.00291,
        "homeET": 0.00011,
        "homePen": -0.00038,
        "awayReg": -0.00179,
        "awayET": -0.00029,
        "awayPen": -0.00055
      }
    },
    {
      "stageCode": "LAST_32",
      "home": "France",
      "away": "Sweden",
      "knockout": true,
      "odds": {
        "homeReg": 0.73261,
        "homeET": 0.13552,
        "homePen": 0.06887,
        "awayReg": 0.04924,
        "awayET": 0.00786,
        "awayPen": 0.0059
      },
      "base": {
        "homeReg": 0.75038,
        "homeET": 0.13153,
        "homePen": 0.06364,
        "awayReg": 0.0427,
        "awayET": 0.00693,
        "awayPen": 0.00481
      },
      "delta": {
        "homeReg": -0.01777,
        "homeET": 0.00399,
        "homePen": 0.00523,
        "awayReg": 0.00654,
        "awayET": 0.00093,
        "awayPen": 0.00109
      }
    },
    {
      "stageCode": "LAST_32",
      "home": "Mexico",
      "away": "Ecuador",
      "knockout": true,
      "odds": {
        "homeReg": 0.444,
        "homeET": 0.13203,
        "homePen": 0.13675,
        "awayReg": 0.19654,
        "awayET": 0.02771,
        "awayPen": 0.06296
      },
      "base": {
        "homeReg": 0.45562,
        "homeET": 0.13616,
        "homePen": 0.13751,
        "awayReg": 0.18713,
        "awayET": 0.02525,
        "awayPen": 0.05832
      },
      "delta": {
        "homeReg": -0.01162,
        "homeET": -0.00413,
        "homePen": -0.00076,
        "awayReg": 0.00941,
        "awayET": 0.00246,
        "awayPen": 0.00464
      }
    },
    {
      "stageCode": "LAST_32",
      "home": "Portugal",
      "away": "Croatia",
      "knockout": true,
      "odds": {
        "homeReg": 0.50385,
        "homeET": 0.147,
        "homePen": 0.13287,
        "awayReg": 0.15724,
        "awayET": 0.02262,
        "awayPen": 0.03641
      },
      "base": {
        "homeReg": 0.50943,
        "homeET": 0.1473,
        "homePen": 0.13234,
        "awayReg": 0.15406,
        "awayET": 0.02208,
        "awayPen": 0.0348
      },
      "delta": {
        "homeReg": -0.00558,
        "homeET": -0.0003,
        "homePen": 0.00053,
        "awayReg": 0.00318,
        "awayET": 0.00054,
        "awayPen": 0.00161
      }
    },
    {
      "stageCode": "LAST_32",
      "home": "Spain",
      "away": "Austria",
      "knockout": true,
      "odds": {
        "homeReg": 0.64678,
        "homeET": 0.15005,
        "homePen": 0.09916,
        "awayReg": 0.07948,
        "awayET": 0.01238,
        "awayPen": 0.01215
      },
      "base": {
        "homeReg": 0.64282,
        "homeET": 0.15002,
        "homePen": 0.10052,
        "awayReg": 0.0811,
        "awayET": 0.01267,
        "awayPen": 0.01287
      },
      "delta": {
        "homeReg": 0.00396,
        "homeET": 3e-05,
        "homePen": -0.00136,
        "awayReg": -0.00162,
        "awayET": -0.00029,
        "awayPen": -0.00072
      }
    },
    {
      "stageCode": "LAST_32",
      "home": "Switzerland",
      "away": "Algeria",
      "knockout": true,
      "odds": {
        "homeReg": 0.43297,
        "homeET": 0.12809,
        "homePen": 0.1271,
        "awayReg": 0.21648,
        "awayET": 0.03257,
        "awayPen": 0.06279
      },
      "base": {
        "homeReg": 0.42301,
        "homeET": 0.12245,
        "homePen": 0.12579,
        "awayReg": 0.22429,
        "awayET": 0.03673,
        "awayPen": 0.06774
      },
      "delta": {
        "homeReg": 0.00996,
        "homeET": 0.00564,
        "homePen": 0.00131,
        "awayReg": -0.00781,
        "awayET": -0.00416,
        "awayPen": -0.00495
      }
    },
    {
      "stageCode": "LAST_32",
      "home": "United States",
      "away": "Bosnia and Herzegovina",
      "knockout": true,
      "odds": {
        "homeReg": 0.48758,
        "homeET": 0.13732,
        "homePen": 0.12137,
        "awayReg": 0.17893,
        "awayET": 0.02408,
        "awayPen": 0.05071
      },
      "base": {
        "homeReg": 0.48718,
        "homeET": 0.13715,
        "homePen": 0.12164,
        "awayReg": 0.17931,
        "awayET": 0.02413,
        "awayPen": 0.05085
      },
      "delta": {
        "homeReg": 0.0004,
        "homeET": 0.00017,
        "homePen": -0.00027,
        "awayReg": -0.00038,
        "awayET": -5e-05,
        "awayPen": -0.00014
      }
    }
  ]
}