{
  "generated": "2026-07-10T16:40:15.780602Z",
  "sims": 1000000,
  "games": [
    {
      "stageCode": "QUARTER_FINALS",
      "home": "Argentina",
      "away": "Switzerland",
      "knockout": true,
      "odds": {
        "homeReg": 0.57016,
        "homeET": 0.14816,
        "homePen": 0.06943,
        "awayReg": 0.12235,
        "awayET": 0.01719,
        "awayPen": 0.07271
      },
      "base": {
        "homeReg": 0.56832,
        "homeET": 0.14841,
        "homePen": 0.07001,
        "awayReg": 0.12308,
        "awayET": 0.01735,
        "awayPen": 0.07282
      },
      "delta": {
        "homeReg": 0.00184,
        "homeET": -0.00025,
        "homePen": -0.00058,
        "awayReg": -0.00073,
        "awayET": -0.00016,
        "awayPen": -0.00011
      }
    },
    {
      "stageCode": "QUARTER_FINALS",
      "home": "Norway",
      "away": "England",
      "knockout": true,
      "odds": {
        "homeReg": 0.21568,
        "homeET": 0.03739,
        "homePen": 0.09226,
        "awayReg": 0.44073,
        "awayET": 0.11758,
        "awayPen": 0.09635
      },
      "base": {
        "homeReg": 0.21357,
        "homeET": 0.03615,
        "homePen": 0.09213,
        "awayReg": 0.44314,
        "awayET": 0.11973,
        "awayPen": 0.09527
      },
      "delta": {
        "homeReg": 0.00211,
        "homeET": 0.00124,
        "homePen": 0.00013,
        "awayReg": -0.00241,
        "awayET": -0.00215,
        "awayPen": 0.00108
      }
    },
    {
      "stageCode": "QUARTER_FINALS",
      "home": "Spain",
      "away": "Belgium",
      "knockout": true,
      "odds": {
        "homeReg": 0.53114,
        "homeET": 0.14921,
        "homePen": 0.08241,
        "awayReg": 0.13991,
        "awayET": 0.02019,
        "awayPen": 0.07715
      },
      "base": {
        "homeReg": 0.52495,
        "homeET": 0.14877,
        "homePen": 0.08395,
        "awayReg": 0.14338,
        "awayET": 0.02071,
        "awayPen": 0.07825
      },
      "delta": {
        "homeReg": 0.00619,
        "homeET": 0.00044,
        "homePen": -0.00154,
        "awayReg": -0.00347,
        "awayET": -0.00052,
        "awayPen": -0.0011
      }
    }
  ]
}