{
  "generated": "2026-07-14T14:27:29.340551Z",
  "sims": 1000000,
  "games": [
    {
      "stageCode": "SEMI_FINALS",
      "home": "England",
      "away": "Argentina",
      "knockout": true,
      "odds": {
        "homeReg": 0.31278,
        "homeET": 0.08588,
        "homePen": 0.10013,
        "awayReg": 0.32725,
        "awayET": 0.06738,
        "awayPen": 0.10658
      },
      "base": {
        "homeReg": 0.31707,
        "homeET": 0.08883,
        "homePen": 0.09979,
        "awayReg": 0.32249,
        "awayET": 0.06529,
        "awayPen": 0.10651
      },
      "delta": {
        "homeReg": -0.00429,
        "homeET": -0.00295,
        "homePen": 0.00034,
        "awayReg": 0.00476,
        "awayET": 0.00209,
        "awayPen": 7e-05
      }
    },
    {
      "stageCode": "SEMI_FINALS",
      "home": "France",
      "away": "Spain",
      "knockout": true,
      "odds": {
        "homeReg": 0.3681,
        "homeET": 0.10465,
        "homePen": 0.1116,
        "awayReg": 0.26299,
        "awayET": 0.05031,
        "awayPen": 0.10236
      },
      "base": {
        "homeReg": 0.36971,
        "homeET": 0.10552,
        "homePen": 0.11156,
        "awayReg": 0.26144,
        "awayET": 0.04981,
        "awayPen": 0.10196
      },
      "delta": {
        "homeReg": -0.00161,
        "homeET": -0.00087,
        "homePen": 4e-05,
        "awayReg": 0.00155,
        "awayET": 0.0005,
        "awayPen": 0.0004
      }
    }
  ]
}