{
  "generated": "2026-07-12T14:06:35.927131Z",
  "sims": 1000000,
  "games": [
    {
      "stageCode": "SEMI_FINALS",
      "home": "England",
      "away": "Argentina",
      "knockout": true,
      "odds": {
        "homeReg": 0.30987,
        "homeET": 0.08475,
        "homePen": 0.1002,
        "awayReg": 0.33032,
        "awayET": 0.06858,
        "awayPen": 0.1063
      },
      "base": {
        "homeReg": 0.30401,
        "homeET": 0.08146,
        "homePen": 0.10034,
        "awayReg": 0.33692,
        "awayET": 0.07172,
        "awayPen": 0.10553
      },
      "delta": {
        "homeReg": 0.00586,
        "homeET": 0.00329,
        "homePen": -0.00014,
        "awayReg": -0.0066,
        "awayET": -0.00314,
        "awayPen": 0.00077
      }
    },
    {
      "stageCode": "SEMI_FINALS",
      "home": "France",
      "away": "Spain",
      "knockout": true,
      "odds": {
        "homeReg": 0.38303,
        "homeET": 0.11275,
        "homePen": 0.11005,
        "awayReg": 0.24916,
        "awayET": 0.04365,
        "awayPen": 0.10136
      },
      "base": {
        "homeReg": 0.38015,
        "homeET": 0.11107,
        "homePen": 0.1102,
        "awayReg": 0.25243,
        "awayET": 0.04484,
        "awayPen": 0.10132
      },
      "delta": {
        "homeReg": 0.00288,
        "homeET": 0.00168,
        "homePen": -0.00015,
        "awayReg": -0.00327,
        "awayET": -0.00119,
        "awayPen": 4e-05
      }
    }
  ]
}