{
  "generated": "2026-07-02T08:30:32.604382Z",
  "sims": 1000000,
  "games": [
    {
      "stageCode": "LAST_16",
      "home": "Brazil",
      "away": "Norway",
      "knockout": true,
      "odds": {
        "homeReg": 0.46434,
        "homeET": 0.13272,
        "homePen": 0.09414,
        "awayReg": 0.19402,
        "awayET": 0.02747,
        "awayPen": 0.08731
      },
      "base": {
        "homeReg": 0.45854,
        "homeET": 0.13017,
        "homePen": 0.09495,
        "awayReg": 0.19831,
        "awayET": 0.02946,
        "awayPen": 0.08857
      },
      "delta": {
        "homeReg": 0.0058,
        "homeET": 0.00255,
        "homePen": -0.00081,
        "awayReg": -0.00429,
        "awayET": -0.00199,
        "awayPen": -0.00126
      }
    },
    {
      "stageCode": "LAST_16",
      "home": "Canada",
      "away": "Morocco",
      "knockout": true,
      "odds": {
        "homeReg": 0.16007,
        "homeET": 0.02323,
        "homePen": 0.07748,
        "awayReg": 0.50371,
        "awayET": 0.14519,
        "awayPen": 0.09032
      },
      "base": {
        "homeReg": 0.16337,
        "homeET": 0.0232,
        "homePen": 0.07832,
        "awayReg": 0.49961,
        "awayET": 0.14469,
        "awayPen": 0.0908
      },
      "delta": {
        "homeReg": -0.0033,
        "homeET": 3e-05,
        "homePen": -0.00084,
        "awayReg": 0.0041,
        "awayET": 0.0005,
        "awayPen": -0.00048
      }
    },
    {
      "stageCode": "LAST_16",
      "home": "Mexico",
      "away": "England",
      "knockout": true,
      "odds": {
        "homeReg": 0.2778,
        "homeET": 0.06403,
        "homePen": 0.11231,
        "awayReg": 0.35241,
        "awayET": 0.09048,
        "awayPen": 0.10297
      },
      "base": {
        "homeReg": 0.27118,
        "homeET": 0.06128,
        "homePen": 0.11166,
        "awayReg": 0.35934,
        "awayET": 0.09434,
        "awayPen": 0.10221
      },
      "delta": {
        "homeReg": 0.00662,
        "homeET": 0.00275,
        "homePen": 0.00065,
        "awayReg": -0.00693,
        "awayET": -0.00386,
        "awayPen": 0.00076
      }
    },
    {
      "stageCode": "LAST_16",
      "home": "Paraguay",
      "away": "France",
      "knockout": true,
      "odds": {
        "homeReg": 0.03571,
        "homeET": 0.00617,
        "homePen": 0.03029,
        "awayReg": 0.75973,
        "awayET": 0.13133,
        "awayPen": 0.03678
      },
      "base": {
        "homeReg": 0.03254,
        "homeET": 0.00581,
        "homePen": 0.02879,
        "awayReg": 0.76916,
        "awayET": 0.12868,
        "awayPen": 0.03501
      },
      "delta": {
        "homeReg": 0.00317,
        "homeET": 0.00036,
        "homePen": 0.0015,
        "awayReg": -0.00943,
        "awayET": 0.00265,
        "awayPen": 0.00177
      }
    },
    {
      "stageCode": "LAST_16",
      "home": "United States",
      "away": "Belgium",
      "knockout": true,
      "odds": {
        "homeReg": 0.35905,
        "homeET": 0.10358,
        "homePen": 0.10554,
        "awayReg": 0.27788,
        "awayET": 0.05316,
        "awayPen": 0.10079
      },
      "base": {
        "homeReg": 0.35905,
        "homeET": 0.10358,
        "homePen": 0.10554,
        "awayReg": 0.27788,
        "awayET": 0.05316,
        "awayPen": 0.10079
      },
      "delta": {
        "homeReg": null,
        "homeET": null,
        "homePen": null,
        "awayReg": null,
        "awayET": null,
        "awayPen": null
      }
    },
    {
      "stageCode": "LAST_32",
      "home": "Argentina",
      "away": "Cabo Verde",
      "knockout": true,
      "odds": {
        "homeReg": 0.72425,
        "homeET": 0.13928,
        "homePen": 0.04802,
        "awayReg": 0.04577,
        "awayET": 0.00763,
        "awayPen": 0.03506
      },
      "base": {
        "homeReg": 0.72589,
        "homeET": 0.13903,
        "homePen": 0.04785,
        "awayReg": 0.04493,
        "awayET": 0.00747,
        "awayPen": 0.03484
      },
      "delta": {
        "homeReg": -0.00164,
        "homeET": 0.00025,
        "homePen": 0.00017,
        "awayReg": 0.00084,
        "awayET": 0.00016,
        "awayPen": 0.00022
      }
    },
    {
      "stageCode": "LAST_32",
      "home": "Australia",
      "away": "Egypt",
      "knockout": true,
      "odds": {
        "homeReg": 0.31395,
        "homeET": 0.08027,
        "homePen": 0.1085,
        "awayReg": 0.30912,
        "awayET": 0.07316,
        "awayPen": 0.11499
      },
      "base": {
        "homeReg": 0.28617,
        "homeET": 0.06481,
        "homePen": 0.10797,
        "awayReg": 0.33727,
        "awayET": 0.08844,
        "awayPen": 0.11534
      },
      "delta": {
        "homeReg": 0.02778,
        "homeET": 0.01546,
        "homePen": 0.00053,
        "awayReg": -0.02815,
        "awayET": -0.01528,
        "awayPen": -0.00035
      }
    },
    {
      "stageCode": "LAST_32",
      "home": "Colombia",
      "away": "Ghana",
      "knockout": true,
      "odds": {
        "homeReg": 0.50676,
        "homeET": 0.14627,
        "homePen": 0.09442,
        "awayReg": 0.14769,
        "awayET": 0.02167,
        "awayPen": 0.08319
      },
      "base": {
        "homeReg": 0.50103,
        "homeET": 0.14509,
        "homePen": 0.09642,
        "awayReg": 0.15107,
        "awayET": 0.02209,
        "awayPen": 0.08431
      },
      "delta": {
        "homeReg": 0.00573,
        "homeET": 0.00118,
        "homePen": -0.002,
        "awayReg": -0.00338,
        "awayET": -0.00042,
        "awayPen": -0.00112
      }
    },
    {
      "stageCode": "LAST_32",
      "home": "Portugal",
      "away": "Croatia",
      "knockout": true,
      "odds": {
        "homeReg": 0.5388,
        "homeET": 0.15,
        "homePen": 0.07877,
        "awayReg": 0.13697,
        "awayET": 0.02005,
        "awayPen": 0.07542
      },
      "base": {
        "homeReg": 0.51048,
        "homeET": 0.14573,
        "homePen": 0.08481,
        "awayReg": 0.15612,
        "awayET": 0.02202,
        "awayPen": 0.08085
      },
      "delta": {
        "homeReg": 0.02832,
        "homeET": 0.00427,
        "homePen": -0.00604,
        "awayReg": -0.01915,
        "awayET": -0.00197,
        "awayPen": -0.00543
      }
    },
    {
      "stageCode": "LAST_32",
      "home": "Spain",
      "away": "Austria",
      "knockout": true,
      "odds": {
        "homeReg": 0.68674,
        "homeET": 0.14472,
        "homePen": 0.05223,
        "awayReg": 0.06182,
        "awayET": 0.0103,
        "awayPen": 0.04419
      },
      "base": {
        "homeReg": 0.63843,
        "homeET": 0.14944,
        "homePen": 0.06269,
        "awayReg": 0.08378,
        "awayET": 0.01263,
        "awayPen": 0.05305
      },
      "delta": {
        "homeReg": 0.04831,
        "homeET": -0.00472,
        "homePen": -0.01046,
        "awayReg": -0.02196,
        "awayET": -0.00233,
        "awayPen": -0.00886
      }
    },
    {
      "stageCode": "LAST_32",
      "home": "Switzerland",
      "away": "Algeria",
      "knockout": true,
      "odds": {
        "homeReg": 0.47021,
        "homeET": 0.13872,
        "homePen": 0.09545,
        "awayReg": 0.19004,
        "awayET": 0.0247,
        "awayPen": 0.08086
      },
      "base": {
        "homeReg": 0.47769,
        "homeET": 0.14019,
        "homePen": 0.09397,
        "awayReg": 0.18438,
        "awayET": 0.02395,
        "awayPen": 0.07981
      },
      "delta": {
        "homeReg": -0.00748,
        "homeET": -0.00147,
        "homePen": 0.00148,
        "awayReg": 0.00566,
        "awayET": 0.00075,
        "awayPen": 0.00105
      }
    }
  ]
}