{
  "generated": "2026-06-29T16:31:10.705625Z",
  "sims": 1000000,
  "games": [
    {
      "stageCode": "LAST_32",
      "home": "Belgium",
      "away": "Senegal",
      "knockout": true,
      "odds": {
        "homeReg": 0.3954,
        "homeET": 0.11028,
        "homePen": 0.1254,
        "awayReg": 0.24616,
        "awayET": 0.04601,
        "awayPen": 0.07674
      },
      "base": {
        "homeReg": 0.39404,
        "homeET": 0.1098,
        "homePen": 0.12515,
        "awayReg": 0.24719,
        "awayET": 0.0464,
        "awayPen": 0.07743
      },
      "delta": {
        "homeReg": 0.00136,
        "homeET": 0.00048,
        "homePen": 0.00025,
        "awayReg": -0.00103,
        "awayET": -0.00039,
        "awayPen": -0.00069
      }
    },
    {
      "stageCode": "LAST_32",
      "home": "Brazil",
      "away": "Japan",
      "knockout": true,
      "odds": {
        "homeReg": 0.45343,
        "homeET": 0.13411,
        "homePen": 0.13174,
        "awayReg": 0.19797,
        "awayET": 0.02654,
        "awayPen": 0.05622
      },
      "base": {
        "homeReg": 0.4582,
        "homeET": 0.13547,
        "homePen": 0.1321,
        "awayReg": 0.1944,
        "awayET": 0.02602,
        "awayPen": 0.05382
      },
      "delta": {
        "homeReg": -0.00477,
        "homeET": -0.00136,
        "homePen": -0.00036,
        "awayReg": 0.00357,
        "awayET": 0.00052,
        "awayPen": 0.0024
      }
    },
    {
      "stageCode": "LAST_32",
      "home": "Côte d'Ivoire",
      "away": "Norway",
      "knockout": true,
      "odds": {
        "homeReg": 0.22492,
        "homeET": 0.03039,
        "homePen": 0.06085,
        "awayReg": 0.41985,
        "awayET": 0.13017,
        "awayPen": 0.13382
      },
      "base": {
        "homeReg": 0.22545,
        "homeET": 0.03044,
        "homePen": 0.06104,
        "awayReg": 0.41905,
        "awayET": 0.13004,
        "awayPen": 0.13399
      },
      "delta": {
        "homeReg": -0.00053,
        "homeET": -5e-05,
        "homePen": -0.00019,
        "awayReg": 0.0008,
        "awayET": 0.00013,
        "awayPen": -0.00017
      }
    },
    {
      "stageCode": "LAST_32",
      "home": "England",
      "away": "DR Congo",
      "knockout": true,
      "odds": {
        "homeReg": 0.5677,
        "homeET": 0.14883,
        "homePen": 0.11803,
        "awayReg": 0.12187,
        "awayET": 0.01719,
        "awayPen": 0.02638
      },
      "base": {
        "homeReg": 0.56222,
        "homeET": 0.14775,
        "homePen": 0.11962,
        "awayReg": 0.12526,
        "awayET": 0.01728,
        "awayPen": 0.02787
      },
      "delta": {
        "homeReg": 0.00548,
        "homeET": 0.00108,
        "homePen": -0.00159,
        "awayReg": -0.00339,
        "awayET": -9e-05,
        "awayPen": -0.00149
      }
    },
    {
      "stageCode": "LAST_32",
      "home": "France",
      "away": "Sweden",
      "knockout": true,
      "odds": {
        "homeReg": 0.76943,
        "homeET": 0.1282,
        "homePen": 0.058,
        "awayReg": 0.03517,
        "awayET": 0.00587,
        "awayPen": 0.00334
      },
      "base": {
        "homeReg": 0.78097,
        "homeET": 0.12505,
        "homePen": 0.05461,
        "awayReg": 0.03117,
        "awayET": 0.0054,
        "awayPen": 0.0028
      },
      "delta": {
        "homeReg": -0.01154,
        "homeET": 0.00315,
        "homePen": 0.00339,
        "awayReg": 0.004,
        "awayET": 0.00047,
        "awayPen": 0.00054
      }
    },
    {
      "stageCode": "LAST_32",
      "home": "Germany",
      "away": "Paraguay",
      "knockout": true,
      "odds": {
        "homeReg": 0.58929,
        "homeET": 0.15033,
        "homePen": 0.11239,
        "awayReg": 0.1118,
        "awayET": 0.01578,
        "awayPen": 0.02041
      },
      "base": {
        "homeReg": 0.60251,
        "homeET": 0.14987,
        "homePen": 0.10922,
        "awayReg": 0.1047,
        "awayET": 0.01521,
        "awayPen": 0.01849
      },
      "delta": {
        "homeReg": -0.01322,
        "homeET": 0.00046,
        "homePen": 0.00317,
        "awayReg": 0.0071,
        "awayET": 0.00057,
        "awayPen": 0.00192
      }
    },
    {
      "stageCode": "LAST_32",
      "home": "Mexico",
      "away": "Ecuador",
      "knockout": true,
      "odds": {
        "homeReg": 0.44085,
        "homeET": 0.13067,
        "homePen": 0.13749,
        "awayReg": 0.19651,
        "awayET": 0.02988,
        "awayPen": 0.0646
      },
      "base": {
        "homeReg": 0.44834,
        "homeET": 0.13461,
        "homePen": 0.13829,
        "awayReg": 0.19115,
        "awayET": 0.02687,
        "awayPen": 0.06075
      },
      "delta": {
        "homeReg": -0.00749,
        "homeET": -0.00394,
        "homePen": -0.0008,
        "awayReg": 0.00536,
        "awayET": 0.00301,
        "awayPen": 0.00385
      }
    },
    {
      "stageCode": "LAST_32",
      "home": "Netherlands",
      "away": "Morocco",
      "knockout": true,
      "odds": {
        "homeReg": 0.42619,
        "homeET": 0.12737,
        "homePen": 0.12957,
        "awayReg": 0.22439,
        "awayET": 0.03189,
        "awayPen": 0.06057
      },
      "base": {
        "homeReg": 0.42052,
        "homeET": 0.12416,
        "homePen": 0.12906,
        "awayReg": 0.22928,
        "awayET": 0.03395,
        "awayPen": 0.06303
      },
      "delta": {
        "homeReg": 0.00567,
        "homeET": 0.00321,
        "homePen": 0.00051,
        "awayReg": -0.00489,
        "awayET": -0.00206,
        "awayPen": -0.00246
      }
    },
    {
      "stageCode": "LAST_32",
      "home": "Spain",
      "away": "Austria",
      "knockout": true,
      "odds": {
        "homeReg": 0.63223,
        "homeET": 0.14983,
        "homePen": 0.10433,
        "awayReg": 0.08647,
        "awayET": 0.01272,
        "awayPen": 0.01441
      },
      "base": {
        "homeReg": 0.63902,
        "homeET": 0.15047,
        "homePen": 0.10215,
        "awayReg": 0.08264,
        "awayET": 0.01237,
        "awayPen": 0.01335
      },
      "delta": {
        "homeReg": -0.00679,
        "homeET": -0.00064,
        "homePen": 0.00218,
        "awayReg": 0.00383,
        "awayET": 0.00035,
        "awayPen": 0.00106
      }
    },
    {
      "stageCode": "LAST_32",
      "home": "United States",
      "away": "Bosnia and Herzegovina",
      "knockout": true,
      "odds": {
        "homeReg": 0.48867,
        "homeET": 0.13792,
        "homePen": 0.12058,
        "awayReg": 0.1798,
        "awayET": 0.02348,
        "awayPen": 0.04956
      },
      "base": {
        "homeReg": 0.48369,
        "homeET": 0.13736,
        "homePen": 0.12067,
        "awayReg": 0.18291,
        "awayET": 0.02386,
        "awayPen": 0.05151
      },
      "delta": {
        "homeReg": 0.00498,
        "homeET": 0.00056,
        "homePen": -9e-05,
        "awayReg": -0.00311,
        "awayET": -0.00038,
        "awayPen": -0.00195
      }
    }
  ]
}