{
  "generated": "2026-07-02T04:44:42.064886Z",
  "sims": 1000000,
  "games": [
    {
      "stageCode": "LAST_16",
      "home": "Brazil",
      "away": "Norway",
      "knockout": true,
      "odds": {
        "homeReg": 0.45854,
        "homeET": 0.13017,
        "homePen": 0.09495,
        "awayReg": 0.19831,
        "awayET": 0.02946,
        "awayPen": 0.08857
      },
      "base": {
        "homeReg": 0.45108,
        "homeET": 0.1269,
        "homePen": 0.0964,
        "awayReg": 0.2039,
        "awayET": 0.032,
        "awayPen": 0.08972
      },
      "delta": {
        "homeReg": 0.00746,
        "homeET": 0.00327,
        "homePen": -0.00145,
        "awayReg": -0.00559,
        "awayET": -0.00254,
        "awayPen": -0.00115
      }
    },
    {
      "stageCode": "LAST_16",
      "home": "Canada",
      "away": "Morocco",
      "knockout": true,
      "odds": {
        "homeReg": 0.16337,
        "homeET": 0.0232,
        "homePen": 0.07832,
        "awayReg": 0.49961,
        "awayET": 0.14469,
        "awayPen": 0.0908
      },
      "base": {
        "homeReg": 0.17186,
        "homeET": 0.02391,
        "homePen": 0.08046,
        "awayReg": 0.4874,
        "awayET": 0.14277,
        "awayPen": 0.09359
      },
      "delta": {
        "homeReg": -0.00849,
        "homeET": -0.00071,
        "homePen": -0.00214,
        "awayReg": 0.01221,
        "awayET": 0.00192,
        "awayPen": -0.00279
      }
    },
    {
      "stageCode": "LAST_16",
      "home": "Mexico",
      "away": "England",
      "knockout": true,
      "odds": {
        "homeReg": 0.27118,
        "homeET": 0.06128,
        "homePen": 0.11166,
        "awayReg": 0.35934,
        "awayET": 0.09434,
        "awayPen": 0.10221
      },
      "base": {
        "homeReg": 0.27559,
        "homeET": 0.0631,
        "homePen": 0.11233,
        "awayReg": 0.35454,
        "awayET": 0.09172,
        "awayPen": 0.10271
      },
      "delta": {
        "homeReg": -0.00441,
        "homeET": -0.00182,
        "homePen": -0.00067,
        "awayReg": 0.0048,
        "awayET": 0.00262,
        "awayPen": -0.0005
      }
    },
    {
      "stageCode": "LAST_16",
      "home": "Paraguay",
      "away": "France",
      "knockout": true,
      "odds": {
        "homeReg": 0.03254,
        "homeET": 0.00581,
        "homePen": 0.02879,
        "awayReg": 0.76916,
        "awayET": 0.12868,
        "awayPen": 0.03501
      },
      "base": {
        "homeReg": 0.0307,
        "homeET": 0.00569,
        "homePen": 0.02801,
        "awayReg": 0.77335,
        "awayET": 0.12801,
        "awayPen": 0.03424
      },
      "delta": {
        "homeReg": 0.00184,
        "homeET": 0.00012,
        "homePen": 0.00078,
        "awayReg": -0.00419,
        "awayET": 0.00067,
        "awayPen": 0.00077
      }
    },
    {
      "stageCode": "LAST_32",
      "home": "Argentina",
      "away": "Cabo Verde",
      "knockout": true,
      "odds": {
        "homeReg": 0.72589,
        "homeET": 0.13903,
        "homePen": 0.04785,
        "awayReg": 0.04493,
        "awayET": 0.00747,
        "awayPen": 0.03484
      },
      "base": {
        "homeReg": 0.71955,
        "homeET": 0.1397,
        "homePen": 0.04926,
        "awayReg": 0.04757,
        "awayET": 0.00787,
        "awayPen": 0.03604
      },
      "delta": {
        "homeReg": 0.00634,
        "homeET": -0.00067,
        "homePen": -0.00141,
        "awayReg": -0.00264,
        "awayET": -0.0004,
        "awayPen": -0.0012
      }
    },
    {
      "stageCode": "LAST_32",
      "home": "Australia",
      "away": "Egypt",
      "knockout": true,
      "odds": {
        "homeReg": 0.28617,
        "homeET": 0.06481,
        "homePen": 0.10797,
        "awayReg": 0.33727,
        "awayET": 0.08844,
        "awayPen": 0.11534
      },
      "base": {
        "homeReg": 0.30961,
        "homeET": 0.07828,
        "homePen": 0.10846,
        "awayReg": 0.31335,
        "awayET": 0.07538,
        "awayPen": 0.1149
      },
      "delta": {
        "homeReg": -0.02344,
        "homeET": -0.01347,
        "homePen": -0.00049,
        "awayReg": 0.02392,
        "awayET": 0.01306,
        "awayPen": 0.00044
      }
    },
    {
      "stageCode": "LAST_32",
      "home": "Colombia",
      "away": "Ghana",
      "knockout": true,
      "odds": {
        "homeReg": 0.50103,
        "homeET": 0.14509,
        "homePen": 0.09642,
        "awayReg": 0.15107,
        "awayET": 0.02209,
        "awayPen": 0.08431
      },
      "base": {
        "homeReg": 0.49743,
        "homeET": 0.14461,
        "homePen": 0.09696,
        "awayReg": 0.15321,
        "awayET": 0.02269,
        "awayPen": 0.0851
      },
      "delta": {
        "homeReg": 0.0036,
        "homeET": 0.00048,
        "homePen": -0.00054,
        "awayReg": -0.00214,
        "awayET": -0.0006,
        "awayPen": -0.00079
      }
    },
    {
      "stageCode": "LAST_32",
      "home": "Portugal",
      "away": "Croatia",
      "knockout": true,
      "odds": {
        "homeReg": 0.51048,
        "homeET": 0.14573,
        "homePen": 0.08481,
        "awayReg": 0.15612,
        "awayET": 0.02202,
        "awayPen": 0.08085
      },
      "base": {
        "homeReg": 0.50494,
        "homeET": 0.14479,
        "homePen": 0.08597,
        "awayReg": 0.15987,
        "awayET": 0.02255,
        "awayPen": 0.08188
      },
      "delta": {
        "homeReg": 0.00554,
        "homeET": 0.00094,
        "homePen": -0.00116,
        "awayReg": -0.00375,
        "awayET": -0.00053,
        "awayPen": -0.00103
      }
    },
    {
      "stageCode": "LAST_32",
      "home": "Spain",
      "away": "Austria",
      "knockout": true,
      "odds": {
        "homeReg": 0.63843,
        "homeET": 0.14944,
        "homePen": 0.06269,
        "awayReg": 0.08378,
        "awayET": 0.01263,
        "awayPen": 0.05305
      },
      "base": {
        "homeReg": 0.63294,
        "homeET": 0.14975,
        "homePen": 0.0638,
        "awayReg": 0.08612,
        "awayET": 0.01297,
        "awayPen": 0.05441
      },
      "delta": {
        "homeReg": 0.00549,
        "homeET": -0.00031,
        "homePen": -0.00111,
        "awayReg": -0.00234,
        "awayET": -0.00034,
        "awayPen": -0.00136
      }
    },
    {
      "stageCode": "LAST_32",
      "home": "Switzerland",
      "away": "Algeria",
      "knockout": true,
      "odds": {
        "homeReg": 0.47769,
        "homeET": 0.14019,
        "homePen": 0.09397,
        "awayReg": 0.18438,
        "awayET": 0.02395,
        "awayPen": 0.07981
      },
      "base": {
        "homeReg": 0.4022,
        "homeET": 0.11041,
        "homePen": 0.10715,
        "awayReg": 0.24377,
        "awayET": 0.04554,
        "awayPen": 0.09094
      },
      "delta": {
        "homeReg": 0.07549,
        "homeET": 0.02978,
        "homePen": -0.01318,
        "awayReg": -0.05939,
        "awayET": -0.02159,
        "awayPen": -0.01113
      }
    }
  ]
}