{
  "generated": "2026-07-04T14:13:28.341193Z",
  "sims": 1000000,
  "games": [
    {
      "stageCode": "LAST_16",
      "home": "Argentina",
      "away": "Egypt",
      "knockout": true,
      "odds": {
        "homeReg": 0.69046,
        "homeET": 0.14447,
        "homePen": 0.04777,
        "awayReg": 0.06283,
        "awayET": 0.00941,
        "awayPen": 0.04507
      },
      "base": {
        "homeReg": 0.67086,
        "homeET": 0.14661,
        "homePen": 0.05198,
        "awayReg": 0.07106,
        "awayET": 0.01051,
        "awayPen": 0.04899
      },
      "delta": {
        "homeReg": 0.0196,
        "homeET": -0.00214,
        "homePen": -0.00421,
        "awayReg": -0.00823,
        "awayET": -0.0011,
        "awayPen": -0.00392
      }
    },
    {
      "stageCode": "LAST_16",
      "home": "Brazil",
      "away": "Norway",
      "knockout": true,
      "odds": {
        "homeReg": 0.46881,
        "homeET": 0.13366,
        "homePen": 0.09239,
        "awayReg": 0.19209,
        "awayET": 0.02593,
        "awayPen": 0.08711
      },
      "base": {
        "homeReg": 0.46747,
        "homeET": 0.13288,
        "homePen": 0.0927,
        "awayReg": 0.19322,
        "awayET": 0.02657,
        "awayPen": 0.08715
      },
      "delta": {
        "homeReg": 0.00134,
        "homeET": 0.00078,
        "homePen": -0.00031,
        "awayReg": -0.00113,
        "awayET": -0.00064,
        "awayPen": -4e-05
      }
    },
    {
      "stageCode": "LAST_16",
      "home": "Canada",
      "away": "Morocco",
      "knockout": true,
      "odds": {
        "homeReg": 0.14378,
        "homeET": 0.02088,
        "homePen": 0.07425,
        "awayReg": 0.52729,
        "awayET": 0.14805,
        "awayPen": 0.08576
      },
      "base": {
        "homeReg": 0.15107,
        "homeET": 0.02142,
        "homePen": 0.07591,
        "awayReg": 0.51653,
        "awayET": 0.14704,
        "awayPen": 0.08803
      },
      "delta": {
        "homeReg": -0.00729,
        "homeET": -0.00054,
        "homePen": -0.00166,
        "awayReg": 0.01076,
        "awayET": 0.00101,
        "awayPen": -0.00227
      }
    },
    {
      "stageCode": "LAST_16",
      "home": "Mexico",
      "away": "England",
      "knockout": true,
      "odds": {
        "homeReg": 0.28201,
        "homeET": 0.06571,
        "homePen": 0.11228,
        "awayReg": 0.34875,
        "awayET": 0.08758,
        "awayPen": 0.10367
      },
      "base": {
        "homeReg": 0.28038,
        "homeET": 0.06491,
        "homePen": 0.11261,
        "awayReg": 0.35018,
        "awayET": 0.08853,
        "awayPen": 0.1034
      },
      "delta": {
        "homeReg": 0.00163,
        "homeET": 0.0008,
        "homePen": -0.00033,
        "awayReg": -0.00143,
        "awayET": -0.00095,
        "awayPen": 0.00027
      }
    },
    {
      "stageCode": "LAST_16",
      "home": "Paraguay",
      "away": "France",
      "knockout": true,
      "odds": {
        "homeReg": 0.03311,
        "homeET": 0.00596,
        "homePen": 0.02868,
        "awayReg": 0.76913,
        "awayET": 0.12831,
        "awayPen": 0.03482
      },
      "base": {
        "homeReg": 0.03127,
        "homeET": 0.00593,
        "homePen": 0.02784,
        "awayReg": 0.77431,
        "awayET": 0.12689,
        "awayPen": 0.03376
      },
      "delta": {
        "homeReg": 0.00184,
        "homeET": 3e-05,
        "homePen": 0.00084,
        "awayReg": -0.00518,
        "awayET": 0.00142,
        "awayPen": 0.00106
      }
    },
    {
      "stageCode": "LAST_16",
      "home": "Portugal",
      "away": "Spain",
      "knockout": true,
      "odds": {
        "homeReg": 0.25194,
        "homeET": 0.05018,
        "homePen": 0.10463,
        "awayReg": 0.3774,
        "awayET": 0.10497,
        "awayPen": 0.11088
      },
      "base": {
        "homeReg": 0.25767,
        "homeET": 0.05296,
        "homePen": 0.10486,
        "awayReg": 0.37139,
        "awayET": 0.10146,
        "awayPen": 0.11164
      },
      "delta": {
        "homeReg": -0.00573,
        "homeET": -0.00278,
        "homePen": -0.00023,
        "awayReg": 0.00601,
        "awayET": 0.00351,
        "awayPen": -0.00076
      }
    },
    {
      "stageCode": "LAST_16",
      "home": "Switzerland",
      "away": "Colombia",
      "knockout": true,
      "odds": {
        "homeReg": 0.24563,
        "homeET": 0.04256,
        "homePen": 0.10761,
        "awayReg": 0.38334,
        "awayET": 0.11445,
        "awayPen": 0.10643
      },
      "base": {
        "homeReg": 0.24262,
        "homeET": 0.04073,
        "homePen": 0.10752,
        "awayReg": 0.38727,
        "awayET": 0.11597,
        "awayPen": 0.10589
      },
      "delta": {
        "homeReg": 0.00301,
        "homeET": 0.00183,
        "homePen": 9e-05,
        "awayReg": -0.00393,
        "awayET": -0.00152,
        "awayPen": 0.00054
      }
    },
    {
      "stageCode": "LAST_16",
      "home": "United States",
      "away": "Belgium",
      "knockout": true,
      "odds": {
        "homeReg": 0.35566,
        "homeET": 0.10105,
        "homePen": 0.10572,
        "awayReg": 0.28103,
        "awayET": 0.05409,
        "awayPen": 0.10243
      },
      "base": {
        "homeReg": 0.35916,
        "homeET": 0.10292,
        "homePen": 0.10527,
        "awayReg": 0.278,
        "awayET": 0.05248,
        "awayPen": 0.10217
      },
      "delta": {
        "homeReg": -0.0035,
        "homeET": -0.00187,
        "homePen": 0.00045,
        "awayReg": 0.00303,
        "awayET": 0.00161,
        "awayPen": 0.00026
      }
    }
  ]
}